stratum,left_article_id,right_article_id,left_publisher,right_publisher,left_title,right_title,left_description,right_description,left_event_cluster_id,right_event_cluster_id,cosine_distance,days_apart,manual_label,review_notes
INTRA_CLUSTER_WEAKEST_LINK,dc116c4ddadfebd1,8b26e66b9f645a84,vietnamnet.vn,vietnamnet.vn,"Bão số 4 dị thường xoay hướng liên tục, mưa lũ miền Bắc khó lường","Vùng áp thấp từ bão số 4 Narra đang tan, miền Bắc sắp đón đợt mưa lớn mới","Bão số 4 đang di chuyển rất phức tạp, liên tục đổi hướng trên Vịnh Bắc Bộ. Từ nay đến hết ngày 24/8, Đông Bắc Bộ có mưa lớn diện rộng, nguy cơ cao xảy ra lũ quét, sạt lở đất và ngập úng.","Bão số 4 Narra đã suy yếu thành vùng áp thấp trên đất liền Trung Quốc. Miền Bắc tiếp tục có mưa rào và giông, trước khi có khả năng đón một đợt mưa lớn mới vào cuối tháng 8.",evt_69a0bf5114aa,evt_69a0bf5114aa,0.2987,3.037,,
INTRA_CLUSTER_WEAKEST_LINK,0a51817f8cd346db,572ebbfb822ce35d,vietnamnet.vn,vietnamnet.vn,Vụ web lậu &apos;Xôi Lạc TV&apos;: Nhân vật tuyên truyền văn hóa phẩm đồi trụy,Vụ web lậu Xôi Lạc TV: Doanh nhân nhạy bén cũng &apos;nhúng chàm&apos;,"Với mục đích thu hút người sử dụng và duy trì hoạt động của nền tảng Monplayer, Nguyễn Trọng Thuận đã đưa nhiều hình ảnh có tính chất khiêu dâm, đồi trụy lên môi trường mạng.","Vốn là doanh nhân với đầu óc kinh doanh nhạy bén, Phạm Nguyễn Dũng đã đầu tư vào hệ thống &apos;Xôi Lạc TV&apos;, thu lợi bất hợp pháp để rồi bị đề nghị truy tố.",evt_ae02bcef6393,evt_ae02bcef6393,0.2985,4.472,,
INTRA_CLUSTER_WEAKEST_LINK,a2b417de7902e09f,d2867ef69b042231,vietnamnet.vn,vietnamnet.vn,"Lở núi vùi lấp tỉnh lộ, Nghệ An di dời khẩn cấp hàng loạt hộ dân",Hình ảnh vết nứt dài 200m từ trên sườn đồi khiến hàng loạt hộ dân phải di dời khẩn,"Sạt lở đất đá từ núi Pu Pai vùi lấp tỉnh lộ 543C, chia cắt hàng trăm hộ dân. Chính quyền xã Yên Na (Nghệ An) khẩn cấp di dời 38 hộ đến nơi an toàn.","Mưa lớn kéo dài khiến đồi Lau Ván, bản Trí Nang, xã Linh Sơn (Thanh Hóa) xuất hiện vết nứt dài hơn 200m, đất đá sạt trượt xuống khu dân cư, buộc chính quyền di dời khẩn cấp 12 hộ dân.",evt_d980a91d4492,evt_d980a91d4492,0.298,1.787,,
INTRA_CLUSTER_WEAKEST_LINK,88a7d7c9797f17bc,d05f4b924fdca108,vietnamnet.vn,vietnamnet.vn,"Hai xe đầu kéo va chạm, tài xế mắc kẹt trong cabin biến dạng","Xe tải lật, cày nát loạt hộ lan trên cao tốc Vân Phong - Nha Trang",Hai xe đầu kéo va chạm trên Quốc lộ 279 ở Lào Cai khiến một tài xế mắc kẹt trong cabin biến dạng. Lực lượng cứu hộ mất gần 2 giờ đưa nạn nhân ra ngoài.,"Xe tải đang chạy trên cao tốc Vân Phong - Nha Trang qua Khánh Hòa bất ngờ chao đảo, lật xuống rãnh thoát nước, tông hỏng hàng loạt hộ lan. Tài xế và người đi cùng may mắn thoát nạn.",evt_9b003869f21a,evt_9b003869f21a,0.2963,1.06,,
INTRA_CLUSTER_WEAKEST_LINK,a309b88d087b50a6,3f7db849b7502ef8,dantri.com.vn,tuoitre.vn,Tài xế ô tô tải ở Hải Phòng bị phạt vì lái xe quá thời gian quy định,"Người dân báo Cục trưởng CSGT xe chở gấp đôi số người, tài xế và chủ xe bị phạt 174 triệu","(Dân trí) - Tài xế N.D.K. bị lập biên bản do điều khiển ô tô tải kinh doanh vận tải quá thời gian lái xe quy định, có thể bị phạt 3-5 triệu đồng và trừ 2 điểm giấy phép lái xe.","Cảnh sát xác định xe khách biển số 23H-012.XX có nhiều vi phạm như: lái xe không đúng thời gian được phép hoạt động, không hướng dẫn hành khách nằm đúng vị trí quy định và chở 43 người trong khi xe chỉ 20 chỗ.",evt_999f3ec12485,evt_999f3ec12485,0.2961,0.044,,
INTRA_CLUSTER_WEAKEST_LINK,6c4abbe0225af31e,d87bb03aa0428fce,vietnamnet.vn,vietnamnet.vn,"Cháy nhà 6 tầng ở Hà Nội, cảnh sát cắt thép &apos;chuồng cọp&apos; giải cứu người mắc kẹt",Cháy căn hộ chung cư ở Hà Nội lúc rạng sáng,"Rạng sáng 3/9, lực lượng Cảnh sát PCCC&amp;CNCH Công an TP Hà Nội đã kịp thời dập tắt đám cháy tại nhà dân trên địa bàn phường Phú Lương, giải cứu 2 người mắc kẹt.","Cơ quan chức năng đang làm rõ nguyên nhân vụ cháy căn hộ chung cư tại tòa HH1, số 90 Nguyễn Tuân (phường Thanh Xuân, Hà Nội) vào rạng sáng 6/9.",evt_94576c804839,evt_94576c804839,0.2952,2.921,,
INTRA_CLUSTER_WEAKEST_LINK,951fa0f137c57831,229e6a3ddb48f8cc,vietnamnet.vn,vietnamnet.vn,Tìm thấy túi da chứa 144 triệu đồng cạnh xương người trong ô tô dưới kênh,Giám đốc Công an chỉ đạo điều tra vụ phát hiện xương người trong ô tô dưới kênh,"Liên quan vụ phát hiện xương người trong ô tô dưới kênh ở Vĩnh Long, Công an tỉnh cho biết đã xác định thêm nhiều tình tiết về chiếc xe và người mất tích.","Ngày 18/9, Công an tỉnh Vĩnh Long cho biết, Giám đốc Công an tỉnh đã chỉ đạo các đơn vị nghiệp vụ khẩn trương xác minh, điều tra, làm rõ vụ phát hiện xương người trong ô tô dưới lòng kênh.",evt_03d707ffcf9c,evt_03d707ffcf9c,0.2948,0.212,,
INTRA_CLUSTER_WEAKEST_LINK,d6fb0d0caa2cd83b,3e867216c0aec283,dantri.com.vn,dantri.com.vn,Vì sao tuyển Việt Nam không gọi 2 cầu thủ mới nhập tịch dự FIFA ASEAN Cup?,Nỗi lo lớn của đội tuyển Việt Nam trước thềm FIFA ASEAN Cup,(Dân trí) - Dù mới có quốc tịch Việt Nam nhưng Olaha Mạnh Đức và Lương Chí Khải vẫn chưa thể khoác áo đội tuyển Việt Nam tham dự giải FIFA ASEAN Cup 2026.,"(Dân trí) - Trước thềm giải FIFA ASEAN Cup 2026, đội tuyển Việt Nam đang đối diện nỗi lo lắng ở hàng thủ khi Thành Chung, Văn Hậu không thể tham dự.",evt_a2b1e783b52c,evt_a2b1e783b52c,0.2936,0.224,,
INTRA_CLUSTER_WEAKEST_LINK,b52554bdecf06ae8,5f94c1a57a290f6c,vietnamnet.vn,vietnamnet.vn,"Tin tức Thời sự 23/8: Bão số 4 Narra mạnh lên, cháy căn hộ chung cư TPHCM","Tin thời sự 22/8: Khởi tố TikToker Phạm Tuấn, bão số 4 gây mưa lớn diện rộng",Bão số 4 Narra diễn biến phức tạp; một vụ cháy căn hộ chung cư tại TPHCM; Quốc lộ 4B ở Lạng Sơn đứt gãy do mưa lớn và việc bắt giữ nhóm đối tượng khống chế người ép viết giấy nợ là những tin tức thời sự đáng chú ý ngày 23/8.,Công an xuất hiện tại trụ sở công ty của Hải Sapa TV; khởi tố TikToker Phạm Tuấn và thông tin về cơn bão số 4 Narra là những tin tức thời sự đáng chú ý trong ngày 22/08.,evt_af958af6c505,evt_af958af6c505,0.2933,0.991,,
INTRA_CLUSTER_WEAKEST_LINK,f7826999aad1e45e,d6fb5d659b1e4fdb,vietnamnet.vn,vietnamnet.vn,"Văng qua làn ô tô, nam thanh niên bị xe container cán tử vong","TPHCM: Xe máy bị cuốn vào gầm xe tải sau va chạm, đôi nam nữ tử vong tại chỗ","Nam thanh niên điều khiển xe máy ở cửa ngõ cảng Cát Lái (TPHCM) bất ngờ ngã xe chưa rõ nguyên nhân, văng qua dải phân cách bê tông, sang làn đường dành cho ô tô và bị cán tử vong.","Tai nạn giao thông nghiêm trọng giữa xe tải và xe máy xảy ra trên đường Lê Văn Khương (phường Thới An, TPHCM) khiến đôi nam nữ tử vong tại chỗ.",evt_4fbf0c758312,evt_4fbf0c758312,0.2932,0.167,,
INTRA_CLUSTER_WEAKEST_LINK,45f4fe952b8b3ad9,ca657e25ca4ff2ec,vietnamnet.vn,vietnamnet.vn,"Ô tô bất ngờ tông 5 xe máy trước quán nhậu, người dân giận dữ chặn đầu phương tiện","Ô tô Mercedes tông liên hoàn 3 xe máy dừng đèn đỏ, kéo lê 10m ở TPHCM","Chiếc ô tô bất ngờ lao thẳng vào loạt xe máy trước quán nhậu gần cầu Chữ Y (TPHCM), hất văng nhiều xe xa hơn 10m và khiến 2 người bị thương.","Đang dừng chờ đèn đỏ ở TPHCM, 3 xe máy bất ngờ bị ô tô Mercedes lao tới tông mạnh, kéo lê khoảng 10m. Vụ tai nạn khiến một người bị gãy chân, nhiều phương tiện hư hỏng nặng, giao thông qua khu vực ùn tắc.",evt_f819ca9af2a0,evt_f819ca9af2a0,0.2912,2.664,,
INTRA_CLUSTER_WEAKEST_LINK,aa25e93e9415248a,70ead58afccac978,vietnamnet.vn,vietnamnet.vn,"Miền Bắc, Trung Bộ nắng nóng cuối kỳ nghỉ lễ; bão số 5 sắp hình thành","Dự báo thời tiết 5/9/2026: Cả nước nắng nhẹ sáng khai giảng, chiều có thể mưa","Ngày 1/9, Bắc Bộ tiếp tục nắng nóng, có nơi gay gắt; từ 2/9, nắng nóng mở rộng xuống Trung Bộ. Trong khi đó, áp thấp nhiệt đới mạnh lên từ tàn dư bão Saudel có khả năng mạnh lên thành bão số 5 trong 24 giờ tới.","Dự báo thời tiết ngày 5/9/2026, Bắc Bộ và Thanh Hóa đến Hà Tĩnh có nắng nóng cục bộ; các khu vực khác ở Trung Bộ và Nam Bộ chiều và tối có mưa rào và giông rải rác, cục bộ có nơi mưa to.",evt_ffdbd8a26cec,evt_ffdbd8a26cec,0.2909,3.947,,
INTRA_CLUSTER_WEAKEST_LINK,2bded7df1df9f911,545bc5305b21c916,vietnamnet.vn,vietnamnet.vn,"Người dân về quê dịp nghỉ lễ 2/9, cửa ngõ Hà Nội đông đúc","Tránh tắc đường vào ngày đầu nghỉ lễ 2/9, người Hà Nội ùn ùn về quê trong đêm","Chiều 28/8, nhiều người dân đã rời Thủ đô về quê hoặc đi du lịch dịp nghỉ lễ 2/9. Lượng phương tiện tăng cao ở các cửa ngõ thành phố dẫn đến tình trạng ùn tắc.","Tránh tắc đường vào ngày đầu tiên của kỳ nghỉ lễ 2/9, nhiều người dân đã chọn cách về quê lúc nửa đêm khiến cửa ngõ phía Nam Hà Nội ùn tắc cục bộ.",evt_15f306689187,evt_15f306689187,0.2906,0.16,,
INTRA_CLUSTER_WEAKEST_LINK,f58bf3bb14409611,561781d29551b774,vietnamnet.vn,vietnamnet.vn,Em rể bị đánh tử vong do thường xuyên ức hiếp anh vợ,Chém người thân nhiều nhát vào cổ sau cuộc nhậu tại An Giang,"Bị em rể nhiều lần chửi mắng, đánh đập, Dương Văn Danh ở An Giang dùng khúc gỗ đánh trả khiến nạn nhân tử vong.","Mâu thuẫn sau cuộc nhậu tại An Giang, Phạm Văn Phúc lấy dao chém nhiều nhát vào cổ người thân, khiến nạn nhân nguy kịch.",evt_afd2a21c57d8,evt_afd2a21c57d8,0.2893,1.076,,
INTRA_CLUSTER_WEAKEST_LINK,a4c8d0155e6be40b,2f86eb617d8a61fb,vietnamnet.vn,vietnamnet.vn,Tạm giữ người đàn ông đánh người đi đường ở Hà Nội,"Sau nhậu &apos;tăng hai&apos;, người đàn ông dùng chậu bê tông đập bạn nhậu hôn mê","Nguyễn Khắc Tú ép đầu xe máy của người đi đường sau mâu thuẫn, rồi dùng tay đấm hai cái vào đầu nạn nhân.","Sau cuộc nhậu tăng hai đến hơn 2h sáng, Nguyễn Minh Thiện xảy ra mâu thuẫn với bạn nhậu rồi dùng chậu kiểng bằng bê tông đập vào đầu khiến nạn nhân hôn mê.",evt_ba961babeb4c,evt_ba961babeb4c,0.2889,0.635,,
INTRA_CLUSTER_WEAKEST_LINK,cf09ff1af1b17e3d,60656a391f087d34,vietnamnet.vn,vietnamnet.vn,"Clip ô tô con đột ngột rời cao tốc, tài xế xe tải phanh &apos;cháy đường&apos;","Ô tô bán tải chạy 78km/h, bám sau xe tải chưa đầy 25m trên cao tốc","Theo Cục CSGT (Bộ Công an) đơn vị đã xác minh, làm rõ về một trường ô tô con rời đường cao tốc trái quy định, tiềm ẩn gây tai nạn giao thông.","Theo Cục CSGT, tài xế ô tô bán tải có đủ điều kiện chuyển làn từ xa nhưng vẫn bám sát đuôi xe tải rồi mới chuyển làn, tiềm ẩn nguy cơ tai nạn nếu xe phía trước phanh đột ngột.",evt_a9dad164872d,evt_a9dad164872d,0.2885,1.439,,
INTRA_CLUSTER_WEAKEST_LINK,c4235d9cbae15be8,6dcc390d5516368f,vietnamnet.vn,vietnamnet.vn,"Áp thấp nhiệt đới cách Đà Nẵng 230km, mưa lớn xối xả khắp miền Trung","Áp thấp nhiệt đới sắp vào Hà Tĩnh - Quảng Trị, miền Bắc mưa trên 300mm","Áp thấp nhiệt đới cách Đà Nẵng hơn 200km, tiếp tục hướng vào miền Trung, khiến khu vực này hứng đợt mưa lớn dữ dội, diễn biến phức tạp trong những ngày tới.","Áp thấp nhiệt đới đang trên vùng biển Quảng Trị, dự kiến tối và đêm nay 13/9 sẽ đi vào đất liền từ Hà Tĩnh đến Quảng Trị. Nhiều nơi ở miền Trung và trung du, đồng bằng Bắc Bộ mưa lớn, nguy cơ sạt lở cao.",evt_30aa1f119230,evt_30aa1f119230,0.2883,0.844,,
INTRA_CLUSTER_WEAKEST_LINK,268cbd7503a63edb,9731af589590127b,vietnamnet.vn,vietnamnet.vn,"TPHCM: Bắt nhóm thanh niên mặc áo đen, đạp vào đầu cô gái rồi cướp túi xách ở công viên","Tin tức Thời sự 10/9: Bắt nhóm hành hung, cướp túi xách của cô gái ở TPHCM","Lực lượng công an nhanh chóng truy xét, bắt giữ nhóm đối tượng hành hung, cướp túi xách của một cô gái tại công viên ở khu vực trung tâm TPHCM.","Bắt giữ nhóm đối tượng hành hung, cướp túi xách của một cô gái tại Công viên 23/9 (TPHCM); Hà Nội cấm xe tải từ 2 tấn, xe khách từ 16 chỗ qua cầu Thăng Long từ ngày 15/9; cùng nhiều thông tin thời sự đáng chú ý khác trong ngày 10/9.",evt_55891f6c18ea,evt_55891f6c18ea,0.288,0.304,,
INTRA_CLUSTER_WEAKEST_LINK,8ee5a58de68bff3e,b003ab5c1dff91f1,vietnamnet.vn,vietnamnet.vn,"Ngày thứ ba nghỉ lễ 2/9, CSGT xử lý 18.738 tài xế vi phạm, có 1 trường hợp không giữ khoảng cách","CSGT chỉ xử lý xe cố tình bám sát đuôi, không giữ khoảng cách trên cao tốc","Trong ngày thứ ba của kỳ nghỉ lễ Quốc khánh 2/9, lực lượng CSGT toàn quốc phát hiện, xử lý 18.738 trường hợp vi phạm; tai nạn giao thông giảm cả 3 tiêu chí so với cùng kỳ.","Cục CSGT cho biết đa số tài xế đã bước đầu hình thành ý thức giữ khoảng cách với xe liền trước trên cao tốc. Lực lượng chức năng chỉ xử lý những trường hợp cố tình vi phạm, chủ yếu là xe kinh doanh vận tải.",evt_ae5106fcd3f4,evt_ae5106fcd3f4,0.2865,0.001,,
INTRA_CLUSTER_WEAKEST_LINK,b9c4e98aff128330,af78eb23e5075dea,vietnamnet.vn,vietnamnet.vn,Kết luận điều tra hé lộ nhiều tình tiết vụ giết 3 người ở Đồng Nai,Đối tượng sát hại 3 người ở Đồng Nai khai định ra tay với người yêu tại rừng tràm,"Cơ quan CSĐT Công an TP Đồng Nai vừa hoàn tất kết luận điều tra, chuyển hồ sơ đề nghị truy tố bị can trong vụ thảm án làm 3 người tử vong xảy ra trên địa bàn vào đầu tháng 9.","Viện KSND TP Đồng Nai hoàn tất cáo trạng, truy tố Nguyễn Đức Anh về hành vi sát hại 3 người trong một gia đình ở Đồng Nai.",evt_bd3db519efe0,evt_bd3db519efe0,0.2859,0.141,,
INTRA_CLUSTER_WEAKEST_LINK,d015c23500965a82,59a74a883861e3a3,vietnamnet.vn,vietnamnet.vn,Yêu cầu của Thiếu tướng Nguyễn Minh Tuấn ở nơi phát hiện 11 lượt UAV gần Nội Bài,Chi tiết 4 khu vực vùng trời dành cho hoạt động UAV tại Đà Nẵng,"Hệ thống giám sát, phát hiện thiết bị bay không người lái tại Công an phường Phúc Yên đã ghi nhận 11 lượt UAV hoạt động trên địa bàn và khu vực lân cận.","Đà Nẵng vừa thiết lập 4 khu vực vùng trời phục vụ hoạt động của phương tiện bay, trong đó có thiết bị bay không người lái (UAV/drone/flycam).",evt_3c949097be2b,evt_3c949097be2b,0.2858,2.681,,
INTRA_CLUSTER_WEAKEST_LINK,80235a2397c8f710,5c671d54bf58667d,vietnamnet.vn,vietnamnet.vn,Vụ phát hiện đôi dép trắng và xe máy trên cầu: Tìm thấy thi thể nữ sinh 17 tuổi,"Phát hiện dép và thẻ học sinh trên cầu, nghi nữ sinh mất tích","Sau nhiều ngày tìm kiếm, lực lượng chức năng phát hiện thi thể nữ sinh 17 tuổi, trên sông Đạ Dâng ở tỉnh Lâm Đồng, cách nơi xảy ra sự việc ban đầu gần 1km.","Người dân phát hiện đôi dép và thẻ học sinh trên cầu Bến Tượng, nghi liên quan một nữ sinh mất tích. Lực lượng chức năng đang tổ chức tìm kiếm dưới sông.",evt_b3ed9cc20538,evt_b3ed9cc20538,0.2852,0.739,,
INTRA_CLUSTER_WEAKEST_LINK,d371fe2c5b7a9dcd,8853128349c42e8f,vietnamnet.vn,vietnamnet.vn,"Cửa ngõ phía Đông TPHCM kẹt cứng, bến xe Miền Tây nhộn nhịp người về quê nghỉ lễ","Cửa ngõ phía Đông TPHCM ùn tắc 10km, tài xế sốt ruột xuống xe đứng chờ","Các đường dẫn ra cảng ở cửa ngõ phía Đông TPHCM kẹt cứng, xe cộ nhích từng mét; trong khi Bến xe Miền Tây đông nghẹt dòng người hối hả lỉnh kỉnh đồ đạc về quê nghỉ lễ.","Sáng 29/8, ngày đầu tiên của kỳ nghỉ lễ Quốc khánh, dòng người và xe đồng loạt rời khỏi TPHCM khiến giao thông tê liệt trên diện rộng.",evt_b6bedc3dd25a,evt_b6bedc3dd25a,0.285,0.001,,
INTRA_CLUSTER_WEAKEST_LINK,7f0a62d5f0cc46d9,8adf97dbd49b9b5c,vietnamnet.vn,vietnamnet.vn,"Bão số 5 đổi hướng trên Biển Đông, quay ngoặt về gần nơi hình thành","Tàn dư bão Saudel mạnh lên thành áp thấp nhiệt đới, có thể thành bão số 5","Sau khi đi theo hướng Đông Bắc ra khỏi Biển Đông, bão số 5 Saudel bất ngờ đổi hướng, quay ngoặt về phía Tây, trở lại gần nơi hình thành, trước khi suy yếu trên vùng ven biển tỉnh Quảng Đông (Trung Quốc).","Vùng áp thấp suy yếu từ bão Saudel đã mạnh lên thành áp thấp nhiệt đới, đang hoạt động trên Biển Đông và có khả năng mạnh lên thành bão trong 24 giờ tới.",evt_0d9e17afd4ef,evt_0d9e17afd4ef,0.285,0.617,,
INTRA_CLUSTER_WEAKEST_LINK,8483bd25b42f5d78,b857c0037e997a65,vnexpress.net,vnexpress.net,Vì sao Vinh nhanh hết ngập sau trận mưa kỷ lục 399 mm?,Vinh hết ngập sau trận mưa kỷ lục,"Vinh ngập sâu hơn nửa mét sau trận mưa 399 mm ngày 19/9, song nước rút nhanh khi mưa giảm nhờ hệ thống thoát nước và các trạm bơm.","Sau trận mưa 399 mm trong 8 giờ ngày 19/9, nhiều tuyến phố Vinh ngập 30-60 cm, song đến sáng 20/9 nước đã rút hết, giao thông trở lại bình thường.",evt_8372397093a9,evt_8372397093a9,0.2847,0.136,,
INTRA_CLUSTER_WEAKEST_LINK,b8d96fc90dee31b7,a13a4639ad6f1823,vietnamnet.vn,vietnamnet.vn,"Chuyển nhầm 340 triệu, nhận lại tiền sau 3 giờ",Người phụ nữ ở Quảng Trị trả lại gần 1 tỷ đồng cho người chuyển khoản nhầm,"Sau khi nhận lại 340 triệu đồng chuyển nhầm chỉ khoảng 3 giờ, anh Lưu Văn Giáp viết thư cảm ơn Công an xã Yên Phong và người phụ nữ đã phối hợp trả lại tiền.","Bất ngờ nhận gần 1 tỷ đồng vào tài khoản, người phụ nữ ở phường Quảng Trị (tỉnh Quảng Trị) chủ động đến ngân hàng xác minh, sau đó hoàn trả toàn bộ số tiền cho người chuyển nhầm.",evt_687b4589cdea,evt_687b4589cdea,0.2847,2.3,,
INTRA_CLUSTER_WEAKEST_LINK,0eb0acbb96442210,1f0804b3e2a46a70,vietnamnet.vn,vietnamnet.vn,"Ô tô chở máy múc bị lật, đè trúng hai vợ chồng ở Nghệ An","Lật xe đầu kéo, thùng hàng đổ xuống nhà dân, 3 người tử vong","Đang xuống dốc ở xã Mường Quàng (Nghệ An), ô tô chở máy múc bất ngờ bị lật, khiến hai vợ chồng tử vong tại chỗ, 3 người khác bị thương.","Một xe đầu kéo bị lật trên Quốc lộ 4A, hàng hóa đổ xuống khu vực nhà dân tại xã Thạch An, khiến 3 người tử vong.",evt_75d448248e28,evt_75d448248e28,0.2846,0.973,,
INTRA_CLUSTER_WEAKEST_LINK,121c64b6075a4780,9fd79c0b1bbdb840,vietnamnet.vn,vietnamnet.vn,"Nhóm thanh niên sang Campuchia, tham gia đường dây lừa đảo xuyên quốc gia",Tiếp nhận hơn 100 công dân Việt Nam do phía Campuchia bàn giao,"Lưu Sinh Diễn cùng 8 thanh niên sang Campuchia theo lời mời làm việc lương cao, sau đó được đưa vào một tổ chức do người Trung Quốc cầm đầu, giả danh nhân viên Shopee để lừa hơn 1,3 tỷ đồng của 7 người Việt.","Các công dân này nghe theo những lời dụ dỗ việc nhẹ lương cao, tham gia vào các ổ nhóm lừa đảo ở nước bạn.",evt_d3b32d200b1a,evt_d3b32d200b1a,0.2843,4.823,,
INTRA_CLUSTER_WEAKEST_LINK,13fe8239d4c47124,5c393a8c317fa7d3,vietnamnet.vn,vietnamnet.vn,Thứ trưởng Bộ Y tế Trần Văn Thuấn bị bắt tạm giam,Thứ trưởng Trần Văn Thuấn và loạt giám đốc bệnh viện vướng lao lý vì đâu?,"Cục Cảnh sát điều tra tội phạm về tham nhũng, kinh tế, buôn lậu (C03, Bộ Công an) đã ra quyết định khởi tố bị can, lệnh bắt tạm giam đối với ông Trần Văn Thuấn, Thứ trưởng Bộ Y tế.","Thứ trưởng Trần Văn Thuấn cùng một số giám đốc, cựu giám đốc bệnh viện lớn vướng vòng lao lý trong những năm qua. Trong nhiều vụ án, sai phạm được cơ quan tố tụng xác định liên quan đấu thầu, mua sắm, liên doanh thiết bị và vật tư y tế.",evt_c010cd0e8ead,evt_c010cd0e8ead,0.2833,4.282,,
INTRA_CLUSTER_WEAKEST_LINK,0316b34f5277161b,b131eb37dcf9b4dd,vietnamnet.vn,vietnamnet.vn,"Hà Nội chuẩn bị cải tạo chung cư cũ: Người dân đóng sẵn đồ, ngóng từng ngày rời đi","Dãy nhà xen kẹt ở Vành đai 1: Người dân Hà Nội bàn giao mặt bằng, bắt đầu phá dỡ","Hà Nội đang đẩy nhanh kế hoạch cải tạo, xây dựng lại các khu chung cư cũ xuống cấp. Trong những căn hộ chật chội, thấm dột, người dân đang ngóng chờ từng ngày.","Một số nhà xen kẹt giữa đường Vành đai 1 và La Thành (Hà Nội) đang được phá dỡ để triển khai dự án xây dựng bãi đỗ xe, vườn hoa.",evt_dfddf04efbb3,evt_dfddf04efbb3,0.2829,0.639,,
INTRA_CLUSTER_CROSS_PUB,84ba3ef12ae78dd6,df51303d9ec5ed52,vietnamnet.vn,vnexpress.net,Tàu chở hơn 174.000 tấn quặng sắt gặp sự cố ở vùng biển Quảng Ngãi,Tàu nước ngoài chở hơn 174.000 tấn quặng gặp sự cố ở Quảng Ngãi,Tàu Merchant Mariner chở hơn 174.000 tấn quặng sắt gặp sự cố trên đường vào cảng Dung Quất (Quảng Ngãi). Cơ quan chức năng đang theo dõi sát tình trạng tàu và yêu cầu chuẩn bị phương án cứu hộ.,"Tàu Merchant Mariner chở 174.614 tấn quặng từ Malaysia về Dung Quất bị nước tràn vào két nước khi cách khu neo gần 28 km, nghi va vào đá ngầm, ngày 18/9.",evt_28284fada5b7,evt_28284fada5b7,0.223,0.097,,
INTRA_CLUSTER_CROSS_PUB,27a4acc0bf623b29,209920c790472ea3,tuoitre.vn,thanhnien.vn,Đội tuyển nữ Việt Nam hoàn tất các khâu chuẩn bị cho trận đấu với Thái Lan,"Dự đoán tỷ số đội tuyển nữ Việt Nam thắng Thái Lan: Rượt đuổi kịch tính, Bích Thùy lập công","Đội tuyển nữ Việt Nam hoàn thành buổi tập cuối cùng, sẵn sàng cho trận quyết định cơ hội đi tiếp tại môn bóng đá nữ Asiad 2026 với đối thủ Thái Lan.","Trận đấu giữa đội tuyển nữ Việt Nam và đội tuyển nữ Thái Lan diễn ra vào 17 giờ 30 ngày 21.9 trên sân vận động Nagai, Osaka, là lượt trận cuối cùng bảng E môn bóng đá nữ ASIAD 20. Cả 2 đội đều có áp lực phải thắng để níu giữ hy vọng đi tiếp.",evt_12d2d94d4b3f,evt_12d2d94d4b3f,0.1742,0.088,,
INTRA_CLUSTER_CROSS_PUB,d2be981377e9a08b,996a32c1e9042555,thanhnien.vn,vietnamnet.vn,"12 tỉnh, thành ở Nam bộ và Nam Trung bộ ứng phó đợt mưa lớn 400 mm","TPHCM và Nam Bộ bước vào đợt mưa lớn diện rộng, miền Bắc khi nào giảm mưa?","Theo dự báo, 4 ngày tới, khu vực Nam Trung bộ và Nam bộ sẽ hứng đợt mưa lớn với lượng mưa phổ biến từ 150 - 250 mm, có nơi trên 400 mm.","Nam Bộ chuẩn bị bước vào đợt mưa lớn diện rộng kéo dài từ ngày 18-24/9, tổng lượng mưa phổ biến 150-300mm, trong khi miền Bắc từ ngày 18/9 có xu hướng giảm mưa.",evt_690a478e4007,evt_690a478e4007,0.1919,3.237,,
INTRA_CLUSTER_CROSS_PUB,c361de2efa420eb3,44e9c6dc680f526d,vietnamnet.vn,thanhnien.vn,TPHCM tìm nhân chứng về nơi chôn cất hơn 100 liệt sĩ Mậu Thân 1968 ở Gò Vấp,Tìm nhân chứng về nơi chôn cất liệt sĩ Mậu Thân 1968 ở Gò Vấp,"Bộ Tư lệnh TPHCM đang phối hợp xác minh thông tin phục vụ tìm kiếm, quy tập hài cốt hơn 100 liệt sĩ hy sinh trong Tết Mậu Thân 1968, nghi được chôn tại khu vực nay là Đài tưởng niệm liệt sĩ quận Gò Vấp (cũ).","Bộ Tư lệnh TP.HCM kêu gọi cung cấp thông tin về các trường hợp hy sinh trong Tết Mậu Thân 1968, được cho là chôn cất tại khu vực Đài tưởng niệm liệt sĩ quận Gò Vấp cũ.",evt_4da47432d789,evt_4da47432d789,0.1268,0.039,,
INTRA_CLUSTER_CROSS_PUB,a7e8e124546dd2fd,e095bf0523c655cb,vietnamnet.vn,vnexpress.net,Chủ tịch Hà Nội yêu cầu làm rõ trách nhiệm liên quan vụ nam sinh ngã xuống cống tử vong,Hà Nội yêu cầu làm rõ trách nhiệm vụ nam sinh ngã xuống cống tử vong,"UBND phường Đông Ngạc (Hà Nội) được giao xác minh phản ánh về tình trạng tuyến đường thường xuyên ngập úng, làm rõ trách nhiệm tổ chức, cá nhân liên quan vụ nam sinh Đại học Mỏ - Địa chất ngã xuống cống tử vong.","Chủ tịch UBND TP Hà Nội yêu cầu làm rõ nguyên nhân, xác định trách nhiệm và giải pháp xử lý vụ nam sinh bị ngã xuống cống tử vong tại phường Đông Ngạc.",evt_52229615707b,evt_52229615707b,0.1675,0.038,,
INTRA_CLUSTER_CROSS_PUB,4bd7199e2d501316,d87e96ab383ae8c1,dantri.com.vn,thanhnien.vn,"Houthi tấn công thủ đô Riyadh của Ả rập Xê út, xung đột leo thang",Houthi lần đầu tấn công thủ đô Ả Rập Xê Út,(Dân trí) - Lực lượng Houthi ở Yemen ngày 20/9 tuyên bố phóng loạt tên lửa và máy bay không người lái vào thủ đô Riyadh và các cơ sở dầu mỏ của Ả rập Xê út. Vụ việc cho thấy xung đột Trung Đông leo thang đáng kể.,Lực lượng Houthi tại Yemen tuyên bố đã tấn công các địa điểm ‘nhạy cảm’ ở thủ đô Riyadh của Ả Rập Xê Út vào ngày 19.9 bằng tên lửa và máy bay không người lái; vụ việc diễn ra chỉ vài giờ sau khi người ta nhìn thấy ngọn lửa và cột khói lớn bốc lên gần sân bay chính của thành phố.,evt_833dd9b278ea,evt_833dd9b278ea,0.1069,0.129,,
INTRA_CLUSTER_CROSS_PUB,43137f9cad571336,996a32c1e9042555,dantri.com.vn,vietnamnet.vn,Nam Trung Bộ và Nam Bộ có thể mưa to lên đến 400mm những ngày tới,"TPHCM và Nam Bộ bước vào đợt mưa lớn diện rộng, miền Bắc khi nào giảm mưa?","(Dân trí) - Dự báo tổng lượng mưa cả đợt ở khu vực phía Đông tỉnh Gia Lai, các tỉnh Đắk Lắk, Khánh Hòa, Lâm Đồng và Nam Bộ từ chiều 21 đến hết ngày 24/9 phổ biến 120-250mm/đợt, cục bộ có nơi trên 400mm/đợt.","Nam Bộ chuẩn bị bước vào đợt mưa lớn diện rộng kéo dài từ ngày 18-24/9, tổng lượng mưa phổ biến 150-300mm, trong khi miền Bắc từ ngày 18/9 có xu hướng giảm mưa.",evt_690a478e4007,evt_690a478e4007,0.2034,3.378,,
INTRA_CLUSTER_CROSS_PUB,2bab1973dd4eefba,883841c46d29e942,tuoitre.vn,dantri.com.vn,"Phố Hàng Mã đông kín người, rực rỡ sắc màu dịp cận Trung thu","Phố Hàng Mã rực rỡ sắc màu đón ""biển người"" đến vui Trung thu sớm","Cận Trung thu, hàng ngàn người dân đổ về phố Hàng Mã (phường Hoàn Kiếm, Hà Nội) để dạo chơi, chụp ảnh, mua sắm trong ngày cuối tuần nắng đẹp. Không khí phố cổ rộn ràng với sắc màu của đèn lồng, mặt nạ, đầu lân và đồ chơi truyền thống.","(Dân trí) - Chỉ còn 5 ngày nữa đến Tết Trung thu, phố Hàng Mã (Hà Nội) những ngày cuối tuần trở nên đông vui, nhộn nhịp khi nhiều gia đình đưa con đi chơi, mua sắm, chụp ảnh.",evt_35200cc7220e,evt_35200cc7220e,0.2441,0.133,,
INTRA_CLUSTER_CROSS_PUB,351a6eda3a85fd2d,df51303d9ec5ed52,dantri.com.vn,vnexpress.net,Tàu chở gần 175.000 tấn quặng sắt gặp sự cố trên vùng biển Quảng Ngãi,Tàu nước ngoài chở hơn 174.000 tấn quặng gặp sự cố ở Quảng Ngãi,(Dân trí) - Tàu chở quặng sắt từ Malaysia về cảng Dung Quất (Quảng Ngãi) gặp sự cố nghi do va phải đá ngầm. Nước tràn vào một số khoang khiến tàu nghiêng nhẹ.,"Tàu Merchant Mariner chở 174.614 tấn quặng từ Malaysia về Dung Quất bị nước tràn vào két nước khi cách khu neo gần 28 km, nghi va vào đá ngầm, ngày 18/9.",evt_28284fada5b7,evt_28284fada5b7,0.2357,0.132,,
INTRA_CLUSTER_CROSS_PUB,d9fdd1905a3fa97a,1802f4a1e48abd2f,vietnamnet.vn,thanhnien.vn,Rác thải trôi dạt phủ kín bãi biển Sầm Sơn sau mưa lũ,6.000 khối rác trôi dạt vào bãi biển Sầm Sơn,"Sau nhiều ngày mưa lớn, lượng lớn rác thải theo dòng sông Mã trôi dạt ra bãi biển Sầm Sơn, tỉnh Thanh Hóa.","Có tới 6.000 m3 rác, củi theo mưa lũ dạt vào bãi biển phường Sầm Sơn (tỉnh Thanh Hóa). Ngày thứ 4 rác đổ vào bãi biển, chính quyền địa phương phải huy động hàng trăm người cùng máy móc dọn dẹp.",evt_4fdca0aae8f4,evt_4fdca0aae8f4,0.253,2.213,,
INTRA_CLUSTER_CROSS_PUB,27a4acc0bf623b29,cf7fb68466fdd1b8,tuoitre.vn,thanhnien.vn,Đội tuyển nữ Việt Nam hoàn tất các khâu chuẩn bị cho trận đấu với Thái Lan,Xác định giờ thi đấu mới nhất đội tuyển nữ Việt Nam - Thái Lan: Nhiều kênh phát trực tiếp,"Đội tuyển nữ Việt Nam hoàn thành buổi tập cuối cùng, sẵn sàng cho trận quyết định cơ hội đi tiếp tại môn bóng đá nữ Asiad 2026 với đối thủ Thái Lan.",Đội tuyển nữ Việt Nam đã hoàn tất buổi tập cuối cùng trên sân J-Green Sakai (Osaka) với niềm tin quyết kéo dài chuỗi toàn thắng Thái Lan để đi tiếp tại ASIAD 2026.,evt_12d2d94d4b3f,evt_12d2d94d4b3f,0.1325,0.01,,
INTRA_CLUSTER_CROSS_PUB,e8586e76c76afe54,294e7346eebcc502,dantri.com.vn,tuoitre.vn,"Bộ trưởng Giáo dục: ""Cộng điểm IELTS có thể gây bất công""",Bỏ điểm cộng IELTS: Công bằng hay mất động lực học ngoại ngữ?,"(Dân trí) - Cộng điểm IELTS với những ngành không yêu cầu chuyên môn ngoại ngữ, theo Bộ trưởng Bộ Giáo dục và Đào tạo Hoàng Minh Sơn, có thể gây bất công. Đề xuất bỏ cộng điểm này đã dựa trên dữ liệu rõ ràng.",Việc cộng điểm IELTS trong xét tuyển đại học tiếp tục gây tranh luận về tính công bằng và động lực học tiếng Anh.,evt_905493b56bab,evt_905493b56bab,0.2176,0.346,,
INTRA_CLUSTER_CROSS_PUB,6b1c9762a9fa33a0,b857c0037e997a65,vietnamnet.vn,vnexpress.net,"Vinh hứng trận mưa kỷ lục trong hơn 40 năm, hệ thống thoát nước ứng phó ra sao?",Vinh hết ngập sau trận mưa kỷ lục,"Trong 8 giờ ngày 19/9, trạm Vinh (Nghệ An) ghi nhận lượng mưa 399mm, vượt kỷ lục lượng mưa trong tháng 9 trong hơn 40 năm. Nhiều tuyến đường ngập sâu nhưng nước rút dần sau khi mưa ngớt.","Sau trận mưa 399 mm trong 8 giờ ngày 19/9, nhiều tuyến phố Vinh ngập 30-60 cm, song đến sáng 20/9 nước đã rút hết, giao thông trở lại bình thường.",evt_8372397093a9,evt_8372397093a9,0.2281,0.01,,
INTRA_CLUSTER_CROSS_PUB,5ddbb62d6f0330cc,0e70e48c287f0c3f,vietnamnet.vn,dantri.com.vn,"Clip nhóm người hóa trang ‘thầy trò Đường Tăng’ cưỡi ngựa, đi bộ trên làn ô tô","Xác minh clip ""thầy trò Đường Tăng"" cưỡi ngựa vào làn ô tô ở TPHCM","Lực lượng chức năng TPHCM đang xác minh, làm rõ đoạn clip ghi lại cảnh một nhóm người hóa trang thành “thầy trò Đường Tăng”, cưỡi ngựa, đi bộ trên làn đường dành cho ô tô.","(Dân trí) - Nhóm người hóa trang thành các nhân vật trong phim Tây Du Ký thản nhiên cưỡi ngựa, đi bộ vào làn ô tô trên đường Phan Văn Khải (xã Tân An Hội, TPHCM).",evt_61e7f2ae8669,evt_61e7f2ae8669,0.2212,0.106,,
INTRA_CLUSTER_CROSS_PUB,f087e321087fbbac,44e9c6dc680f526d,dantri.com.vn,thanhnien.vn,TPHCM tìm nhân chứng về nơi chôn cất hơn 100 liệt sĩ trận Tết Mậu Thân 1968,Tìm nhân chứng về nơi chôn cất liệt sĩ Mậu Thân 1968 ở Gò Vấp,"(Dân trí) - Bộ Tư lệnh TPHCM đang khẩn trương thu thập thông tin, tìm nhân chứng lịch sử nhằm xác minh vị trí chôn cất hơn 100 liệt sĩ hy sinh trong đợt tiến công Tết Mậu Thân 1968 tại khu vực Đài tưởng niệm liệt sĩ Gò Vấp.","Bộ Tư lệnh TP.HCM kêu gọi cung cấp thông tin về các trường hợp hy sinh trong Tết Mậu Thân 1968, được cho là chôn cất tại khu vực Đài tưởng niệm liệt sĩ quận Gò Vấp cũ.",evt_4da47432d789,evt_4da47432d789,0.1432,0.144,,
INTRA_CLUSTER_CROSS_PUB,db25b42496b22b49,0eeedbd2b904ae5c,dantri.com.vn,vietnamnet.vn,"""Rốn lũ"" Hà Nội ngập sâu, học sinh vẫn lội nước, ngồi xe kéo đến trường","Hà Nội: Nước tràn vào phòng trọ, nam sinh viên nửa đêm phải thuê nhà nghỉ","(Dân trí) - Lũ sông Bùi dâng cao, ngập sâu nhiều khu dân cư ở xã Xuân Mai (Hà Nội) suốt 4 ngày qua, các em học sinh ở vùng ""rốn lũ"" vẫn cố gắng lội nước đến trường hàng ngày, đảm bảo việc học không bị đứt đoạn.","Mưa lớn kéo dài khiến phố Hoa Bằng (phường Cầu Giấy, Hà Nội) ngập sâu, đảo lộn sinh hoạt của người dân. Nước tràn vào nhà, có sinh viên thuê trọ giữa đêm phải tìm nhà nghỉ để ở tạm.",evt_204c4296541b,evt_204c4296541b,0.2485,2.964,,
INTRA_CLUSTER_CROSS_PUB,b7606da6955d6679,19ad4f1a8c075722,dantri.com.vn,thanhnien.vn,Bệnh viện Nhân Dân 115 sẽ triển khai cơ sở 2 tại đặc khu Côn Đảo,Sáp nhập Trung tâm y tế Quân dân y Côn Đảo vào Bệnh viện Nhân dân 115,"(Dân trí) - TPHCM chuẩn bị sáp nhập Trung tâm Y tế Quân dân y đặc khu Côn Đảo vào Bệnh viện Nhân Dân 115, hướng tới hình thành cơ sở 2, nâng cao năng lực khám chữa bệnh tại đảo.","TP.HCM giao Bệnh viện Nhân dân 115 mở cơ sở 2 tại Côn Đảo, nâng năng lực khám chữa bệnh, cấp cứu, giảm chuyển bệnh nhân vào đất liền.",evt_b989975ff971,evt_b989975ff971,0.0919,0.098,,
INTRA_CLUSTER_CROSS_PUB,b068677da0701061,1dbe7ba177de09dc,tuoitre.vn,vietnamnet.vn,Quảng Trị hoàn thành lấy mẫu sinh phẩm tại 22.864 phần mộ liệt sĩ,"Đà Nẵng hoàn thành lấy mẫu ADN gần 26.000 mộ liệt sĩ, lớn nhất cả nước","Quảng Trị đã hoàn thành khai quật, lấy mẫu sinh phẩm tại 22.864 phần mộ liệt sĩ ở 130 nghĩa trang phục vụ giám định ADN, xác định danh tính liệt sĩ.","Đà Nẵng đã hoàn thành khai quật, lấy mẫu sinh phẩm phục vụ giám định ADN gần 26.000 phần mộ liệt sĩ chưa xác định danh tính tại 144 nghĩa trang trên địa bàn, lớn nhất cả nước.",evt_7d88f2e2523f,evt_7d88f2e2523f,0.2426,4.996,,
INTRA_CLUSTER_CROSS_PUB,4facf45191f15bc6,7829458e2a9c9cd9,tuoitre.vn,thanhnien.vn,Năm 2027 chưa thí điểm thi tốt nghiệp THPT trên máy tính,Chưa thí điểm thi tốt nghiệp THPT trên máy tính vào 2027,Phó thủ tướng Lê Tiến Châu chỉ đạo chưa tổ chức thí điểm thi trên máy tính đối với kỳ thi tốt nghiệp THPT năm 2027 như Bộ Giáo dục và Đào tạo đã đề xuất. Việc tổ chức thi phải đặt công bằng giữa các thí sinh là nguyên tắc cao nhất.,Phó thủ tướng Lê Tiến Châu yêu cầu trước mắt chưa tổ chức thí điểm thi trên máy tính đối với kỳ thi tốt nghiệp THPT năm 2027.,evt_73749c945b8d,evt_73749c945b8d,0.0479,0.211,,
INTRA_CLUSTER_CROSS_PUB,6b1c9762a9fa33a0,8483bd25b42f5d78,vietnamnet.vn,vnexpress.net,"Vinh hứng trận mưa kỷ lục trong hơn 40 năm, hệ thống thoát nước ứng phó ra sao?",Vì sao Vinh nhanh hết ngập sau trận mưa kỷ lục 399 mm?,"Trong 8 giờ ngày 19/9, trạm Vinh (Nghệ An) ghi nhận lượng mưa 399mm, vượt kỷ lục lượng mưa trong tháng 9 trong hơn 40 năm. Nhiều tuyến đường ngập sâu nhưng nước rút dần sau khi mưa ngớt.","Vinh ngập sâu hơn nửa mét sau trận mưa 399 mm ngày 19/9, song nước rút nhanh khi mưa giảm nhờ hệ thống thoát nước và các trạm bơm.",evt_8372397093a9,evt_8372397093a9,0.1705,0.147,,
INTRA_CLUSTER_CROSS_PUB,901a153ab8b9589b,abfc0524890edd9b,dantri.com.vn,thanhnien.vn,Tuyển bóng chuyền nữ Việt Nam thất bại trước Trung Quốc ở tứ kết Asiad 20,"Thua Hồng Kông, bóng ném nữ Việt Nam còn cơ hội nào ở ASIAD 20?",(Dân trí) - Đội tuyển bóng chuyền nữ Việt Nam không thể gây bất ngờ trước đương kim vô địch Trung Quốc khi để thua 0-3 ở trận tứ kết môn bóng chuyền nữ tại Asiad 20 trưa 20/9.,Đội tuyển bóng ném nữ Việt Nam đã thua trận thứ 2 liên tiếp tại ASIAD 20 trước Hồng Kông 23-26 vào ngày 20.9. Liệu có còn cơ hội nào cho các cô gái để nhắm đến một thành tích ở sân chơi châu lục?.,evt_97dfc8706783,evt_97dfc8706783,0.2637,0.261,,
INTRA_CLUSTER_CROSS_PUB,1976c22698de222d,153c4cf09b25bb21,vietnamnet.vn,thanhnien.vn,"Cháy nhà trong hẻm ở TPHCM làm 2 người tử vong, 5 người bị thương","Vụ cháy nhà ở TP.HCM: Hợp sức phá cửa, cứu 5 người trong biển lửa","Vụ cháy nhà trong hẻm ở phường Chợ Lớn (TPHCM) vào rạng sáng đã khiến 2 người tử vong, 5 người bị thương.","Liên quan vụ cháy nhà ở TP.HCM khiến 2 người tử vong, người dân cùng lực lượng chức năng đã phối hợp phá cửa, đập tường đưa 5 nạn nhân thoát nạn trong gang tấc.",evt_cc8d4c14c903,evt_cc8d4c14c903,0.2436,3.279,,
INTRA_CLUSTER_CROSS_PUB,8439ac65384cb713,7829458e2a9c9cd9,vnexpress.net,thanhnien.vn,Chưa thí điểm thi tốt nghiệp THPT trên máy tính năm 2027,Chưa thí điểm thi tốt nghiệp THPT trên máy tính vào 2027,"Phó Thủ tướng chỉ đạo chưa thí điểm thi tốt nghiệp THPT trên máy tính vào năm 2027 như đề xuất của Bộ Giáo dục và Đào tạo, đảm bảo nguyên tắc công bằng giữa các thí sinh.",Phó thủ tướng Lê Tiến Châu yêu cầu trước mắt chưa tổ chức thí điểm thi trên máy tính đối với kỳ thi tốt nghiệp THPT năm 2027.,evt_73749c945b8d,evt_73749c945b8d,0.088,0.078,,
INTRA_CLUSTER_CROSS_PUB,5ddbb62d6f0330cc,19c08bd445e0fb81,vietnamnet.vn,tuoitre.vn,"Clip nhóm người hóa trang ‘thầy trò Đường Tăng’ cưỡi ngựa, đi bộ trên làn ô tô","Xác minh clip '4 thầy trò Đường Tăng' cưỡi ngựa, đi bộ vào làn ô tô đường Phan Văn Khải","Lực lượng chức năng TPHCM đang xác minh, làm rõ đoạn clip ghi lại cảnh một nhóm người hóa trang thành “thầy trò Đường Tăng”, cưỡi ngựa, đi bộ trên làn đường dành cho ô tô.","Một nhóm 4 người hóa trang thành thầy trò 'Đường Tăng' thản niên cưỡi ngựa, đi bộ vào làn đường dành cho ô tô trên đường Phan Văn Khải, khiến nhiều tài xế phải giảm tốc độ để tránh va chạm.",evt_61e7f2ae8669,evt_61e7f2ae8669,0.2033,0.016,,
INTRA_CLUSTER_CROSS_PUB,91582a78f8d4f749,3d47510295fd069e,tuoitre.vn,dantri.com.vn,Bắt khẩn cấp 7 người trong vụ chạy ô tô tông vào đám đông tại phường Chợ Quán,Bắt khẩn cấp 7 đối tượng trong vụ ô tô tông người và loạt xe máy ở TPHCM,"Liên quan vụ nam thanh niên lái ô tô tông nhiều xe máy trước quán nhậu ở phường Chợ Quán, TP.HCM, đến nay Cơ quan Cảnh sát điều tra Công an TP.HCM đã bắt khẩn cấp 7 người để điều tra hành vi gây rối trật tự công cộng.","(Dân trí) - Sau va chạm và cự cãi trước quán ăn ở phường Chợ Quán (TPHCM), nam tài xế lái ô tô tông thẳng vào nhóm người và loạt xe máy. Công an đã bắt khẩn cấp 7 đối tượng liên quan.",evt_13986f343684,evt_13986f343684,0.1521,0.039,,
INTRA_CLUSTER_CROSS_PUB,976b86483e774e9d,6a843fbb0073a1c5,dantri.com.vn,tuoitre.vn,Kỳ vọng Việt Nam và Mỹ sẽ tăng cường hợp tác trên các lĩnh vực cốt lõi,"Nhu cầu Việt Nam, thế mạnh Mỹ: Điểm chạm của hợp tác","(Dân trí) - Chuyên gia kỳ vọng Việt Nam và Mỹ sẽ xây dựng một khuôn khổ hợp tác kinh tế - thương mại ổn định, cân bằng và có thể dự báo, tạo niềm tin lâu dài cho cộng đồng doanh nghiệp hai nước.","Đại sứ Nguyễn Quốc Dũng nhận định chuyến công du Mỹ của Tổng Bí thư, Chủ tịch nước Tô Lâm tạo thêm động lực đưa quan hệ song phương phát triển thực chất, hiệu quả và bền vững hơn.",evt_e78c61455165,evt_e78c61455165,0.1692,0.236,,
INTRA_CLUSTER_CROSS_PUB,d2867ef69b042231,57639aa4001e1613,vietnamnet.vn,vnexpress.net,Hình ảnh vết nứt dài 200m từ trên sườn đồi khiến hàng loạt hộ dân phải di dời khẩn,"Đất đá từ sườn núi tràn xuống, vùi lấp tỉnh lộ ở Nghệ An","Mưa lớn kéo dài khiến đồi Lau Ván, bản Trí Nang, xã Linh Sơn (Thanh Hóa) xuất hiện vết nứt dài hơn 200m, đất đá sạt trượt xuống khu dân cư, buộc chính quyền di dời khẩn cấp 12 hộ dân.","Hàng trăm mét khối đất đá sạt xuống, vùi lấp khoảng 200 m tỉnh lộ 543C, chính quyền phải  sơ tán hơn 50 hộ dân.",evt_d980a91d4492,evt_d980a91d4492,0.2673,1.54,,
INTRA_CLUSTER_CROSS_PUB,52da09d60f89b622,b6bd91686d0a8d41,dantri.com.vn,vnexpress.net,"Bức Tường và RHYDER lần đầu song ca ""Tâm hồn của đá"", khán giả phấn khích",Bức Tường lần đầu kết hợp Rhyder,"(Dân trí) - Bức Tường và RHYDER lần đầu kết hợp trong ""Tâm hồn của đá"", khiến nhiều khán giả phấn khích, ""nổi da gà"" tại lễ hội âm nhạc 5.000 người tham dự ở Hà Nội tối 19/9.","Màn kết hợp của ban nhạc Bức Tường và Rhyder trong ca khúc ''Bông hồng xanh'', ''Tâm hồn của đá'' tại lễ hội âm nhạc khiến khán giả thích thú.",evt_1717a7c157cd,evt_1717a7c157cd,0.1563,0.086,,
INTRA_CLUSTER_CROSS_PUB,3a1532ac13afe3f3,91582a78f8d4f749,vietnamnet.vn,tuoitre.vn,Bắt khẩn cấp 7 đối tượng vụ lao ô tô vào đám đông trước quán nhậu ở TPHCM,Bắt khẩn cấp 7 người trong vụ chạy ô tô tông vào đám đông tại phường Chợ Quán,"Công an TPHCM đã bắt khẩn cấp 7 người để điều tra vụ xô xát xảy ra trên đường Nguyễn Biểu, phường Chợ Quán, trong đó một người lái ô tô tông vào đám đông khiến một người bị thương.","Liên quan vụ nam thanh niên lái ô tô tông nhiều xe máy trước quán nhậu ở phường Chợ Quán, TP.HCM, đến nay Cơ quan Cảnh sát điều tra Công an TP.HCM đã bắt khẩn cấp 7 người để điều tra hành vi gây rối trật tự công cộng.",evt_13986f343684,evt_13986f343684,0.0945,0.016,,
INTRA_CLUSTER_CROSS_PUB,4b2dfbbbd309d4b4,a309b88d087b50a6,vietnamnet.vn,dantri.com.vn,"Tài xế ô tô khách vi phạm nồng độ cồn &apos;kịch khung&apos;, cùng chủ xe bị phạt 70 triệu",Tài xế ô tô tải ở Hải Phòng bị phạt vì lái xe quá thời gian quy định,"Tài xế ô tô khách có nồng độ cồn 0,62 mg/lít khí thở, thuộc mức vi phạm cao nhất, không ký biên bản xử phạt. Cùng nhiều lỗi khác, tài xế và chủ xe bị phạt tổng cộng hơn 70 triệu đồng.","(Dân trí) - Tài xế N.D.K. bị lập biên bản do điều khiển ô tô tải kinh doanh vận tải quá thời gian lái xe quy định, có thể bị phạt 3-5 triệu đồng và trừ 2 điểm giấy phép lái xe.",evt_999f3ec12485,evt_999f3ec12485,0.2924,0.229,,
INTRA_CLUSTER_SAME_PUB,bb184ea6e58339a2,3716c04a309726f9,vietnamnet.vn,vietnamnet.vn,"Không khí lạnh đầu mùa sắp tràn về, miền Bắc có nơi dưới 19 độ","Dự báo thời tiết 7/9/2026: Miền Bắc có nơi nắng nóng, sắp đón không khí lạnh yếu","Không khí lạnh sẽ ảnh hưởng đến Bắc Bộ từ đêm 9/9, gây mưa rào và giông ở nhiều khu vực. Từ ngày 10/9, mưa lớn mở rộng xuống Trung Bộ, cao nguyên Trung Bộ và Nam Bộ.","Dự báo thời tiết ngày 7/9/2026, miền Bắc duy trì trời nắng, khoảng giữa tuần đón không khí lạnh yếu gây mưa giông rải rác. Từ Trung Bộ đến cao nguyên Trung Bộ và Nam Bộ có mưa to cục bộ vào chiều tối.",evt_a61e40d393af,evt_a61e40d393af,0.2124,2.022,,
INTRA_CLUSTER_SAME_PUB,4e392dfe9b0fedab,fca8ae71dcc32cf9,vietnamnet.vn,vietnamnet.vn,"Bé gái khoảng 2 tuổi đi lạc ở Ninh Bình, liên tục gọi tìm người thân","Nguyên nhân vụ bé gái 11 tháng tuổi mất tích, bất ngờ địa điểm phát hiện","Một bé gái khoảng 2 tuổi đi lạc được phát hiện tại khu vực Nhà văn hóa TDP Văn Lâm Trại (phường Liêm Tuyền, tỉnh Ninh Bình) trong tình trạng tâm lý hoảng loạn, liên tục tìm người thân.","Sau 2 ngày mất tích, bé gái 11 tháng tuổi ở xã Vĩnh Xương (An Giang) được tìm thấy tại một nhà trọ ở phường Châu Đốc, cách nơi ở khoảng 30km. Người đưa bé đi là một đôi nam nữ.",evt_dabb7748ba47,evt_dabb7748ba47,0.2414,1.229,,
INTRA_CLUSTER_SAME_PUB,61fb73ccc35597d5,3390bcfb8f2abf5b,vietnamnet.vn,vietnamnet.vn,"Hà Nội: Nước ngập rút nhanh, chỉ còn vài điểm úng cục bộ","Hà Nội: Điểm ngập từng mất 4-10 giờ rút nước, nay nhanh đến bất ngờ","Đến 6h ngày 18/9, hầu hết các điểm ngập trên địa bàn Hà Nội đã rút nước, giao thông trở lại bình thường. Tuy nhiên, mực nước nhiều sông đang ở mức cao khiến việc tiêu thoát tại một số khu vực gặp khó khăn.","Sau 4 ngày mưa liên tục, lượng mưa tích lũy tại nhiều khu vực Hà Nội vượt 400-600mm.Trung tâm Quản lý hạ tầng kỹ thuật Hà Nội cho biết nhiều điểm từng ngập kéo dài 4-10 giờ năm 2025, nay nước rút trong khoảng 30 phút đến 2 giờ.",evt_60b7b2caf18f,evt_60b7b2caf18f,0.1644,0.466,,
INTRA_CLUSTER_SAME_PUB,960e9db39c4b6636,39579b0717bdf1f5,vietnamnet.vn,vietnamnet.vn,"Bộ đội đào 900m³ đất, phát hiện thêm 26 hài cốt liệt sĩ ở công viên Lê Thị Riêng","Tìm thấy thêm 24 hài cốt liệt sĩ cùng khăn, chai dầu gió ở công viên Lê Thị Riêng","Bộ Tư lệnh TPHCM cho biết, trong ngày 24/8, đội quy tập đào hơn 900m³ đất, tìm được thêm 26 hài cốt liệt sĩ cùng 10 bộ di vật kèm theo tại rãnh mộ thứ hai ở công viên Lê Thị Riêng.","Bộ Tư lệnh TPHCM cho biết, đội quy tập vừa tìm được thêm 24 hài cốt liệt sĩ cùng nhiều di vật kèm theo như chai dầu gió, khăn... tại rãnh mộ thứ hai ở công viên Lê Thị Riêng.",evt_bf94a8badb55,evt_bf94a8badb55,0.2126,3.034,,
INTRA_CLUSTER_SAME_PUB,ca4af24f534d8ebe,bfadc462de673733,vietnamnet.vn,vietnamnet.vn,"Hà Nội mưa lớn, nhiều ‘điểm đen’ không còn ngập kéo dài","Mưa bất chợt, nhiều tuyến phố Hà Nội bị ngập nước","Mưa lớn liên tục do ảnh hưởng của áp thấp nhiệt đới và bão số 4, nhiều khu vực từng là “điểm đen” úng ngập ở Hà Nội ghi nhận tình trạng tiêu thoát nước được cải thiện.","Chiều 27/8, mưa bất chợt trút xuống Hà Nội khiến một số tuyến đường xuất hiện tình trạng ngập nước, gây khó khăn cho người dân di chuyển.",evt_def016ca2e5f,evt_def016ca2e5f,0.2798,3.407,,
INTRA_CLUSTER_SAME_PUB,3716c04a309726f9,1421b9f544626936,vietnamnet.vn,vietnamnet.vn,"Dự báo thời tiết 7/9/2026: Miền Bắc có nơi nắng nóng, sắp đón không khí lạnh yếu","Dự báo thời tiết 12/9/2026: Miền Bắc nắng 33 độ, Trung Bộ mưa lớn xối xả","Dự báo thời tiết ngày 7/9/2026, miền Bắc duy trì trời nắng, khoảng giữa tuần đón không khí lạnh yếu gây mưa giông rải rác. Từ Trung Bộ đến cao nguyên Trung Bộ và Nam Bộ có mưa to cục bộ vào chiều tối.","Dự báo thời tiết ngày 12/9/2026, miền Bắc chủ yếu ít mưa, ngày trời tạnh ráo và có nắng với nhiệt độ cao nhất 33 độ. Trung Bộ, cao nguyên Trung Bộ và Nam Bộ cục bộ có nơi mưa rất to.",evt_a61e40d393af,evt_a61e40d393af,0.0837,4.926,,
INTRA_CLUSTER_SAME_PUB,ff75351fb53e7df4,9f54e1419eed9b71,vietnamnet.vn,vietnamnet.vn,Vỡ òa cảm xúc mừng đội tuyển Việt Nam vô địch ASEAN Cup 2026,Dòng người ùn ùn trên đường Hà Nội mừng đội tuyển Việt Nam chiến thắng,"Tối 26/8, hàng nghìn người hâm mộ tại Hà Nội và TPHCM vỡ òa cảm xúc, hò reo, vẫy cờ ăn mừng khi đội tuyển Việt Nam hòa Thái Lan 2-2 ở trận chung kết lượt về, qua đó bảo vệ thành công chức vô địch ASEAN Cup với tổng tỷ số 4-2.","Ngay sau khi đội tuyển Việt Nam chiến thắng Thái Lan, giành chức vô địch ASEAN Cup 2026, hàng nghìn người dân đã đổ xuống các tuyến phố của Hà Nội để ăn mừng, tạo nên không khí vô cùng náo nhiệt.",evt_122f2138a71c,evt_122f2138a71c,0.1217,1.176,,
INTRA_CLUSTER_SAME_PUB,2bdb0cab3abb461c,6de63cdc49eea1d3,vietnamnet.vn,vietnamnet.vn,"Dân dựng lán chặn xe rác, &apos;siêu phường&apos; ở Phú Thọ ùn ứ 70 tấn rác mỗi ngày","Cảnh tượng núi rác khổng lồ bốc mùi, người dân bẫy ruồi không xuể","Cho rằng bãi rác ở khu vực Núi Bông gây ô nhiễm, người dân xã Bình Xuyên đã dựng lán, ngăn xe chở rác, khiến rác thải sinh hoạt ùn ứ nhiều ngày tại các phường Vĩnh Yên, Vĩnh Phúc (tỉnh Phú Thọ).","Bãi rác Núi Bông, nơi tiếp nhận rác từ phường Vĩnh Phúc và Vĩnh Yên (Phú Thọ), bị người dân chặn xe vì lo ngại ô nhiễm. Tỉnh đã chỉ đạo chuyển 126 tấn rác mỗi ngày đi nơi khác.",evt_395a07863686,evt_395a07863686,0.1398,1.987,,
INTRA_CLUSTER_SAME_PUB,298533772fbd6781,2f2afe55783ede60,vietnamnet.vn,vietnamnet.vn,"Khởi tố 2 thanh niên trêu ghẹo cô gái, đánh bạn trai trong quán ăn ở Hà Nội","Nhóm thanh niên trêu ghẹo cô gái, đánh bạn trai trong quán ăn","Hai thanh niên trêu ghẹo cô gái, chửi bới, khiêu khích rồi đánh bạn trai và người can ngăn trong quán ăn, bị khởi tố.","Thấy cô gái không đáp lại lời trêu ghẹo, nhóm thanh niên quay sang gây gổ rồi đánh bạn trai của cô này trong quán ăn.",evt_dfccdae7ef83,evt_dfccdae7ef83,0.2535,0.009,,
INTRA_CLUSTER_SAME_PUB,5333e815917bdc84,7afb1a78ee56f8bb,vietnamnet.vn,vietnamnet.vn,"Mưa lớn dồn dập còn kéo dài, miền Bắc và Hà Nội khi nào tạnh?","Dự báo thời tiết 16/9: Hà Nội và 6 tỉnh tiếp tục mưa lớn, có nơi trên 250mm","Mưa lớn tiếp tục diễn ra tại nhiều tỉnh, thành miền Bắc và Bắc Trung Bộ, có nơi vượt 200mm. Hà Nội được dự báo còn mưa to đến rất to trong ngày 16/9, trước khi lượng mưa giảm dần từ đêm 17/9.","Dự báo thời tiết ngày 16/9/2026, nhiều nơi ở miền Bắc và Thanh Hóa, Nghệ An tiếp tục mưa lớn, trong đó Hà Nội có mưa to đến rất to. Trung Bộ đến cao nguyên Trung Bộ và Nam Bộ mưa to cục bộ.",evt_f544cce1ee57,evt_f544cce1ee57,0.1104,0.139,,
INTRA_CLUSTER_SAME_PUB,ac759924d128ff12,f79891b9e18c62a4,vietnamnet.vn,vietnamnet.vn,"Biển Đông có thể đón 1-2 cơn bão và áp thấp nhiệt đới, có cơn ảnh hưởng đất liền","Nửa đầu mùa bão 2026: Bão đổi hướng, lòng vòng đến &apos;hồi sinh&apos; trên Biển Đông","Tháng 9, Biển Đông có thể xuất hiện 2-3 cơn bão và áp thấp nhiệt đới (bao gồm cả bão số 5), trong đó có cơn ảnh hưởng đất liền nước ta. El Nino duy trì cường độ mạnh và có thể kéo dài đến nửa đầu năm 2027.","Mới đi qua nửa đầu mùa bão 2026, Biển Đông đã xuất hiện 5 cơn bão với nhiều diễn biến khác thường, từ đổi hướng, di chuyển chậm đến tái tổ chức sau khi suy yếu.",evt_3c0497f96136,evt_3c0497f96136,0.2077,1.386,,
INTRA_CLUSTER_SAME_PUB,6307a0e2023e71f8,e81f4ff1cbfa8f6a,vietnamnet.vn,vietnamnet.vn,Tàu chở 10 người bị lật gần đảo Phú Quý,Tàu cá chở 10 người lật gần đảo Phú Quý: Tìm thấy thi thể thuyền viên mắc kẹt,"Tàu cá có 10 thuyền viên đang neo đậu ở vùng biển Đặc khu Phú Quý (tỉnh Lâm Đồng) bị lật, khiến một ngư dân rơi xuống, mất tích.","Sau một ngày mất tích khi tàu cá chở 10 người bất ngờ lật gần đảo Phú Quý, thi thể một thuyền viên được lực lượng chức năng Lâm Đồng và người dân tìm thấy đưa vào bờ.",evt_cb5934d52132,evt_cb5934d52132,0.1177,1.05,,
INTRA_CLUSTER_SAME_PUB,fa13d0a69d32a4de,5005f59368494455,vietnamnet.vn,vietnamnet.vn,"Loạt giám đốc, bác sĩ bị khởi tố, lộ &apos;mắt xích&apos; ít người ngờ tới",Một giám đốc bệnh viện ở Ninh Bình bị khởi tố,"Từ làm sai lệch hồ sơ để vụ lợi đến lập bệnh án khống nhằm thanh toán bảo hiểm hoặc xin hoãn chấp hành án, nhiều lãnh đạo bệnh viện, bác sĩ đã bị khởi tố trong các vụ án có chung một mắt xích : hồ sơ bệnh án.","Giám đốc Bệnh viện Chỉnh hình và Phục hồi chức năng Tam Điệp (phường Trung Sơn, Ninh Bình) cùng một thuộc cấp bị cáo buộc làm sai lệch hồ sơ bệnh án nhằm mục đích vụ lợi.",evt_9726fc51609f,evt_9726fc51609f,0.2799,0.58,,
INTRA_CLUSTER_SAME_PUB,27f6d77766e6e5ee,5de115e3792bb429,vietnamnet.vn,vietnamnet.vn,"Dự báo thời tiết 25/8/2026: Bão số 4 dồn mưa lớn về 3 tỉnh, miền Bắc mưa rải rác","Dự báo thời tiết 27/8/2026: Miền Bắc mưa to cục bộ, Trung Bộ nắng nóng mạnh","Dự báo thời tiết ngày 25/8/2026, hoàn lưu bão số 4 Narra gây mưa lớn tại một số nơi ở Bắc Trung Bộ. Miền Bắc giảm mưa. Từ Huế trở vào có nơi nắng nóng gay gắt. Cao nguyên Trung Bộ và Nam Bộ mưa giông vào chiều tối.","Dự báo thời tiết ngày 27/8/2026, miền Bắc mưa lớn cục bộ, tập trung ở vùng núi và trung du. Trung Bộ duy trì nắng nóng diện rộng. Cao nguyên Trung Bộ và Nam Bộ ngày nắng, chiều tối có mưa rải rác.",evt_9b1c56c0d4cb,evt_9b1c56c0d4cb,0.117,2.06,,
INTRA_CLUSTER_SAME_PUB,67aee08e66f4a975,27f6d77766e6e5ee,vietnamnet.vn,vietnamnet.vn,"Dự báo thời tiết 24/8/2026: Bão số 4 còn trên Vịnh Bắc Bộ, 4 tỉnh thành mưa lớn","Dự báo thời tiết 25/8/2026: Bão số 4 dồn mưa lớn về 3 tỉnh, miền Bắc mưa rải rác","Dự báo thời tiết ngày 24/8/2026, do ảnh hưởng hoàn lưu bão số 4 Narra, mưa lớn tiếp tục tập trung ở Đông Bắc Bộ và Thanh Hóa. Từ Huế trở vào nhiều nơi nắng nóng. Cao nguyên Trung Bộ và Nam Bộ mưa giông vào chiều tối.","Dự báo thời tiết ngày 25/8/2026, hoàn lưu bão số 4 Narra gây mưa lớn tại một số nơi ở Bắc Trung Bộ. Miền Bắc giảm mưa. Từ Huế trở vào có nơi nắng nóng gay gắt. Cao nguyên Trung Bộ và Nam Bộ mưa giông vào chiều tối.",evt_9b1c56c0d4cb,evt_9b1c56c0d4cb,0.0788,0.914,,
INTRA_CLUSTER_SAME_PUB,658c317be2198ac9,56a3bf3d75853b4a,vietnamnet.vn,vietnamnet.vn,Vụ thi thể ở vòng xoay Phú Cường: Bắt giữ nghi phạm trộm xe máy của nạn nhân,Vụ thi thể ở vòng xoay Phú Cường: Truy tìm 2 người lấy xe máy của nạn nhân,"Liên quan vụ thi thể nam thanh niên tại vòng xoay Phú Cường, công an xác định nạn nhân tử vong do tai nạn giao thông. Sau vụ việc, xe máy của nạn nhân bị 2 đối tượng lấy trộm.","Liên quan vụ thi thể ở vòng xoay Phú Cường, cơ quan điều tra xác định sau khi nạn nhân gặp tai nạn tử vong, 2 đối tượng lạ mặt đã đến lấy xe máy rồi tẩu thoát khỏi hiện trường.",evt_e9726fd4ee10,evt_e9726fd4ee10,0.1787,1.655,,
INTRA_CLUSTER_SAME_PUB,a237e9842f465aca,ee6e5d87264b22f1,vietnamnet.vn,vietnamnet.vn,"Cháy nhà xưởng ở Hà Nội, khói đen cuồn cuộn",Lửa cháy ngùn ngụt trong căn hộ chung cư ở Hà Nội,"Khoảng 8h07 ngày 28/8, một vụ cháy nhà xưởng đã xảy ra ở khu vực đường Biên Giang (phường Chương Mỹ, Hà Nội).","Khoảng 8h30 ngày 16/9, căn hộ tầng 12 tòa HH2 chung cư 90 Nguyễn Tuân (phường Thanh Xuân, TP Hà Nội) xảy ra hỏa hoạn.",evt_3e28ab8d4485,evt_3e28ab8d4485,0.2718,3.49,,
INTRA_CLUSTER_SAME_PUB,3569c4ba7c043121,926a1d56b8b6c83f,vietnamnet.vn,vietnamnet.vn,Cục CSGT tiếp tục xử lý xe không giữ khoảng cách trên cao tốc,"Từ ngày 26/8, CSGT tổng kiểm soát xe khách, ô tô tải trên toàn quốc","Cục CSGT cho biết lực lượng chức năng sẽ tiếp tục tuyên truyền, nhắc nhở và xử lý các trường hợp cố tình không giữ khoảng cách an toàn với xe chạy liền trước trên cao tốc. Từ ngày 26/8 đến nay, 22 trường hợp đã bị xử lý.","Từ 26/8, CSGT trên toàn quốc đồng loạt tổng kiểm soát, xử lý vi phạm trật tự an toàn giao thông đối với các phương tiện kinh doanh vận tải hành khách và hàng hóa.",evt_ae5106fcd3f4,evt_ae5106fcd3f4,0.2548,0.578,,
INTRA_CLUSTER_SAME_PUB,690d35729c008971,f8cf5e3952babf13,vietnamnet.vn,vietnamnet.vn,"Công an vào cuộc vụ xe cứu thương thu 9,5 triệu đồng/16km ở Thanh Hóa","Vụ xe cứu thương thu 9,5 triệu đồng ở Thanh Hóa: Triệu tập 3 đối tượng","Liên quan vụ gia đình phải trả 9,5 triệu đồng thuê xe đưa bệnh nhân về nhà với quãng đường 16km, Công an phường Hạc Thành (tỉnh Thanh Hóa) đã vào cuộc làm rõ hoạt động của các xe cứu thương bên ngoài bệnh viện.","Liên quan đến vụ xe cứu thương chở bệnh nhân về nhà quãng đường 16km, thu 9,5 triệu đồng, Phòng Cảnh sát hình sự, Công an tỉnh Thanh Hóa đã triệu tập 3 đối tượng để làm việc.",evt_925f936742ff,evt_925f936742ff,0.103,1.137,,
INTRA_CLUSTER_SAME_PUB,4a39a2f2ba4e15a9,dd90d55fbca8ff38,vietnamnet.vn,vietnamnet.vn,"Dự báo thời tiết 13/9/2026: Trung Bộ tiếp diễn mưa lớn, Hà Nội cục bộ mưa rất to",Dự báo thời tiết 17/9: Miền Bắc đến Nghệ An tiếp tục mưa lớn tầm tã,"Dự báo thời tiết ngày 13/9/2026, áp thấp nhiệt đới đổ bộ gây mưa lớn suốt dọc các tỉnh thành miền Trung, đặc biệt từ Hà Tĩnh đến Huế. Bắc Bộ có nắng gián đoạn trước khi mưa giông. Cao nguyên Trung Bộ và Nam Bộ mưa to cục bộ.","Dự báo thời tiết ngày 17/9/2026, nhiều khu vực Bắc Bộ và Bắc Trung Bộ tiếp tục có mưa vừa, mưa to, cục bộ có nơi mưa rất to và giông. Trung Bộ đến cao nguyên Trung Bộ và Nam Bộ duy trì mưa to cục bộ.",evt_565764189eb4,evt_565764189eb4,0.1594,4.072,,
INTRA_CLUSTER_SAME_PUB,d7bf41f4d4073962,089d16461f3210f2,vietnamnet.vn,vietnamnet.vn,Nghi phạm dọa giết gia đình bạn gái cũ trước khi gây án 3 người chết ở Đồng Nai,"Lời khai của Nguyễn Đức Anh, nghi phạm sát hại 3 người trong một gia đình ở Đồng Nai","Nghi phạm Nguyễn Đức Anh cầm dao, tìm cách đột nhập nhà bạn gái cũ ở Đồng Nai, dọa giết cả gia đình này trước khi sang nhà bên cạnh gây án khiến 3 mẹ con tử vong.","Nguyễn Đức Anh, 21 tuổi, khai có quan hệ tình cảm với chị Đ.T.P.A. Sau khi uống rượu, Anh mang dao đến nhà bạn gái cũ, dọa giết cả gia đình nhưng không đột nhập được, sau đó sang nhà hàng xóm và tấn công khiến 3 mẹ con tử vong.",evt_d7ad21660af1,evt_d7ad21660af1,0.1624,0.484,,
INTRA_CLUSTER_SAME_PUB,2e34ca9332d8da48,aa2eca2a269e3550,vietnamnet.vn,vietnamnet.vn,Vì sao TikToker Phạm Tuấn bị khởi tố?,Khởi tố TikToker Phạm Tuấn,"Phạm Tuấn cùng 9 đối tượng sản xuất video bạo lực bị khởi tố, bắt tạm giam. Trong quá trình mở rộng điều tra, lực lượng chức năng phát hiện Phạm Tuấn đang chuẩn bị phim tung hô Khá Bảnh trở về.","Phạm Tuấn - người tự xưng là “đàn em” của Khá Bảnh, cùng 9 người liên quan vừa bị Công an TP Hà Nội khởi tố do sản xuất, đăng tải các video có nội dung bạo lực trên mạng xã hội.",evt_f767814c226c,evt_f767814c226c,0.2493,0.0,,
INTRA_CLUSTER_SAME_PUB,5f857284007b853e,c654718fbc84dc98,vietnamnet.vn,vietnamnet.vn,"Mưa lớn gặp triều cường, đường phố TPHCM thành &apos;sông&apos;, ô tô chết máy","Nhiều tuyến đường TPHCM ngập sâu, dòng xe chật vật vượt nước","Chiều tối 13/9, triều cường đạt đỉnh kết hợp mưa lớn khiến nhiều tuyến đường ở TPHCM ngập sâu, người dân chật vật di chuyển, nhiều xe máy và ô tô chết máy giữa đường.","Mưa dông trút xuống chiều tối 10/9 khiến nhiều tuyến đường ở TPHCM ngập sâu, nhiều xe chết máy giữa dòng nước, người dân phải dắt bộ, bế con nhỏ lội qua những đoạn ngập trên đường về nhà.",evt_a7f75ad408ea,evt_a7f75ad408ea,0.0988,2.928,,
INTRA_CLUSTER_SAME_PUB,67190b7a45109b90,d82098c238690f97,vietnamnet.vn,vietnamnet.vn,Biển người TPHCM &apos;đi bão&apos; xuyên đêm mừng tuyển Việt Nam chiến thắng,Người Hà Nội đổ ra đường &apos;đi bão&apos; trong mưa lớn sau chiến thắng của tuyển Việt Nam,"Hàng nghìn người đổ về các tuyến đường trung tâm TPHCM, phất cờ, reo hò, hòa cùng tiếng còi xe sau khi tuyển Việt Nam đánh bại Thái Lan 2-0 ở chung kết lượt đi ASEAN Cup 2026.","Tuyển Việt Nam đánh bại Thái Lan với tỷ số 2-0 tạo lợi thế lớn trước trận chung kết lượt về ASEAN Cup. Dù thời tiết mưa lớn, những người hâm mộ ở Hà Nội vẫn đổ ra đường mừng chiến thắng của đội tuyển nước nhà.",evt_1185d8e9c10a,evt_1185d8e9c10a,0.1647,0.322,,
INTRA_CLUSTER_SAME_PUB,c2e6d7109818933f,444c4712357f08bd,vietnamnet.vn,vietnamnet.vn,Hàng chục nghìn tỷ đồng &apos;chảy&apos; qua những tài khoản ngân hàng mờ ám,"Mua bán hàng nghìn tài khoản ngân hàng, lừa nhau bằng chiêu ‘chạy án’",Hàng chục nghìn tỷ đồng liên tục &apos;&apos;chảy&apos;&apos; qua các tài khoản ngân hàng mờ ám đã hé lộ thủ đoạn rửa tiền của đường dây tội phạm xuyên quốc gia.,"Trong khi bị điều tra về đường dây mua bán hàng nghìn thông tin tài khoản ngân hàng, một số bị can quay sang lừa tiền của chính những người cùng đường dây bằng thủ đoạn giả danh có thể “chạy án”.",evt_2a02f9ca6b49,evt_2a02f9ca6b49,0.2681,3.451,,
INTRA_CLUSTER_SAME_PUB,4a39a2f2ba4e15a9,ec488781bcc0932e,vietnamnet.vn,vietnamnet.vn,"Dự báo thời tiết 13/9/2026: Trung Bộ tiếp diễn mưa lớn, Hà Nội cục bộ mưa rất to","Dự báo thời tiết 14/9/2026: Miền Bắc mưa lớn dồn dập, Hà Nội giảm nhiệt mạnh","Dự báo thời tiết ngày 13/9/2026, áp thấp nhiệt đới đổ bộ gây mưa lớn suốt dọc các tỉnh thành miền Trung, đặc biệt từ Hà Tĩnh đến Huế. Bắc Bộ có nắng gián đoạn trước khi mưa giông. Cao nguyên Trung Bộ và Nam Bộ mưa to cục bộ.","Dự báo thời tiết ngày 14/9/2026, ảnh hưởng hoàn lưu áp thấp nhiệt đới, khu vực từ Thanh Hóa đến Quảng Trị, trung du và đồng bằng Bắc Bộ có mưa lớn. Cao nguyên Trung Bộ và Nam Bộ mưa to cục bộ.",evt_565764189eb4,evt_565764189eb4,0.1076,1.107,,
INTRA_CLUSTER_SAME_PUB,83188eb013fa8ddb,d25133b4c6bf1a64,vietnamnet.vn,vietnamnet.vn,Tìm thấy thi thể nam thanh niên mất tích khi tắm biển ở Phú Quốc,Phát hiện thi thể nam thanh niên tại vòng xoay khu đô thị lấn biển Phú Cường,"Sau 2 ngày mất tích khi bị sóng cuốn ra xa lúc tắm biển ở đặc khu Phú Quốc, thi thể nam thanh niên 20 tuổi được lực lượng chức năng và người dân tìm thấy cách vị trí gặp nạn khoảng 200m.","Rất đông người dân tập trung theo dõi vụ phát hiện thi thể một nam thanh niên tại vòng xoay Phú Cường, khu đô thị lấn biển Phú Cường (phường Rạch Giá, An Giang), tối 15/9.",evt_9d3ba284fa95,evt_9d3ba284fa95,0.2457,4.589,,
INTRA_CLUSTER_SAME_PUB,83bf7716e60dc03a,6cc9f937d30f4153,vietnamnet.vn,vietnamnet.vn,"El Nino đang rất mạnh, Việt Nam đối mặt cả loạt thiên tai phức tạp","El Nino đe dọa nguồn nước, hàng chục triệu người có thể bị ảnh hưởng","El Nino 2026-2027 đã đạt ngưỡng rất mạnh và còn xu hướng tăng cường, khiến Việt Nam có thể đối mặt đồng thời với nguy cơ mưa lớn, bão, lũ và nắng nóng, hạn hán, thiếu nước, xâm nhập mặn.","Theo dự báo, El Nino có thể gây thiếu nước trong năm 2026-2027 rất cao, có thể tác động trực tiếp tới hàng chục triệu người.",evt_ee63e2095587,evt_ee63e2095587,0.2666,3.07,,
INTRA_CLUSTER_SAME_PUB,808643c5a8b3c1d3,7eef4668b81f4d9b,vietnamnet.vn,vietnamnet.vn,Cục CSGT dự kiến xử phạt ô tô đi &apos;rùa bò&apos; bám làn trái cao tốc,"Hình ảnh ô tô tải &apos;quyết&apos; ôm làn trái cao tốc, CSGT cảnh báo nguy cơ ùn tắc","Cục CSGT cho biết, qua nghiên cứu thực tiễn, còn nhiều lái xe vẫn điều khiển bám làn 1 (làn trái sát dải phân cách) với tốc độ thấp làm cản trở lưu thông dòng xe, hạn chế sự luân chuyển phương tiện.","Trong quá trình tuần tra, kiểm soát trên các tuyến cao tốc, lực lượng CSGT ghi nhận nhiều tài xế ô tô tải ôm làn trái trên cao tốc, gây cản trở giao thông.",evt_2804248ee8d9,evt_2804248ee8d9,0.217,2.514,,
INTRA_CLUSTER_SAME_PUB,61fb73ccc35597d5,08093ea1e160d1f5,vietnamnet.vn,vietnamnet.vn,"Hà Nội: Nước ngập rút nhanh, chỉ còn vài điểm úng cục bộ","Mưa lớn ở Hà Nội, nhiều khu vực xuất hiện điểm ngập","Đến 6h ngày 18/9, hầu hết các điểm ngập trên địa bàn Hà Nội đã rút nước, giao thông trở lại bình thường. Tuy nhiên, mực nước nhiều sông đang ở mức cao khiến việc tiêu thoát tại một số khu vực gặp khó khăn.","Mưa lớn từ đêm 14/9 đến sáng 15/9 khiến nhiều tuyến đường ở Hà Nội xuất hiện úng ngập, đọng nước.",evt_60b7b2caf18f,evt_60b7b2caf18f,0.1874,2.829,,
INTER_CLUSTER_NEAR,ec488781bcc0932e,ff9c31af0a933733,vietnamnet.vn,vietnamnet.vn,"Dự báo thời tiết 14/9/2026: Miền Bắc mưa lớn dồn dập, Hà Nội giảm nhiệt mạnh","Dự báo thời tiết 15/9: Đồng bằng Bắc Bộ mưa rất lớn, Hà Nội giảm còn 27 độ","Dự báo thời tiết ngày 14/9/2026, ảnh hưởng hoàn lưu áp thấp nhiệt đới, khu vực từ Thanh Hóa đến Quảng Trị, trung du và đồng bằng Bắc Bộ có mưa lớn. Cao nguyên Trung Bộ và Nam Bộ mưa to cục bộ.","Dự báo thời tiết ngày 15/9/2026, nhiều nơi ở miền Bắc tiếp tục hứng mưa lớn, trong đó phía Nam tỉnh Phú Thọ, Hưng Yên, Ninh Bình và Thanh Hóa có mưa to đến rất to. Trung Bộ đến cao nguyên Trung Bộ và Nam Bộ mưa to cục bộ.",evt_565764189eb4,evt_f544cce1ee57,0.0944,0.981,,
INTER_CLUSTER_NEAR,7073224129564935,08093ea1e160d1f5,vietnamnet.vn,vietnamnet.vn,"Miền Bắc tiếp diễn mưa lớn dữ dội, Hà Nội có nơi vượt 250mm đến đêm 15/9","Mưa lớn ở Hà Nội, nhiều khu vực xuất hiện điểm ngập","Mưa lớn tiếp diễn tại Bắc Bộ và Bắc Trung Bộ, trong đó từ chiều tối 14 đến đêm 15/9, Hà Nội có nơi mưa trên 250mm, dễ xảy ra ngập úng. Nhiều sông có khả năng xuất hiện lũ, nguy cơ lũ quét và sạt lở đất ở mức cao đến rất cao.","Mưa lớn từ đêm 14/9 đến sáng 15/9 khiến nhiều tuyến đường ở Hà Nội xuất hiện úng ngập, đọng nước.",evt_f544cce1ee57,evt_60b7b2caf18f,0.1027,0.799,,
INTER_CLUSTER_NEAR,4a39a2f2ba4e15a9,d28cfb8f44ccc628,vietnamnet.vn,vietnamnet.vn,"Dự báo thời tiết 13/9/2026: Trung Bộ tiếp diễn mưa lớn, Hà Nội cục bộ mưa rất to","Dự báo thời tiết 10/9/2026: Không khí lạnh tràn về, miền Bắc và Trung Bộ mưa lớn","Dự báo thời tiết ngày 13/9/2026, áp thấp nhiệt đới đổ bộ gây mưa lớn suốt dọc các tỉnh thành miền Trung, đặc biệt từ Hà Tĩnh đến Huế. Bắc Bộ có nắng gián đoạn trước khi mưa giông. Cao nguyên Trung Bộ và Nam Bộ mưa to cục bộ.","Dự báo thời tiết ngày 10/9/2026, không khí lạnh kết hợp dải hội tụ nhiệt đới gây mưa giông diện rộng tại Bắc Bộ và Trung Bộ; cục bộ có nơi mưa rất to. Cao nguyên Trung Bộ và Nam Bộ cũng mưa to cục bộ.",evt_565764189eb4,evt_a61e40d393af,0.1045,3.059,,
INTER_CLUSTER_NEAR,8a3e7ce1b6019e3e,ff9c31af0a933733,vietnamnet.vn,vietnamnet.vn,"Dự báo thời tiết 20/9: Miền Bắc nắng 34 độ, Trung và Nam Bộ có nơi mưa rất to","Dự báo thời tiết 15/9: Đồng bằng Bắc Bộ mưa rất lớn, Hà Nội giảm còn 27 độ","Dự báo thời tiết ngày 20/9/2026, miền Bắc duy trì ngày nắng, Hà Nội có nơi 34 độ. Từ Nghệ An đến Đà Nẵng, duyên hải Nam Trung Bộ và cao nguyên Trung Bộ, Nam Bộ có nơi mưa to đến rất to.","Dự báo thời tiết ngày 15/9/2026, nhiều nơi ở miền Bắc tiếp tục hứng mưa lớn, trong đó phía Nam tỉnh Phú Thọ, Hưng Yên, Ninh Bình và Thanh Hóa có mưa to đến rất to. Trung Bộ đến cao nguyên Trung Bộ và Nam Bộ mưa to cục bộ.",evt_27367a2c8c94,evt_f544cce1ee57,0.1073,4.995,,
INTER_CLUSTER_NEAR,ff75351fb53e7df4,e46ff5c8086409cd,vietnamnet.vn,vietnamnet.vn,Vỡ òa cảm xúc mừng đội tuyển Việt Nam vô địch ASEAN Cup 2026,"TPHCM đêm không ngủ, rực sắc đỏ mừng Việt Nam vô địch","Tối 26/8, hàng nghìn người hâm mộ tại Hà Nội và TPHCM vỡ òa cảm xúc, hò reo, vẫy cờ ăn mừng khi đội tuyển Việt Nam hòa Thái Lan 2-2 ở trận chung kết lượt về, qua đó bảo vệ thành công chức vô địch ASEAN Cup với tổng tỷ số 4-2.","Cờ đỏ sao vàng tung bay, tiếng hô “Việt Nam vô địch” vang lên khắp các tuyến đường TPHCM, hòa cùng niềm vui vỡ òa của người hâm mộ sau khi đội tuyển Việt Nam đăng quang ASEAN Cup 2026.",evt_122f2138a71c,evt_1185d8e9c10a,0.1256,0.068,,
INTER_CLUSTER_NEAR,7d75730c709be405,71be35ef07b05886,vietnamnet.vn,vietnamnet.vn,"Bão số 4 Narra đang di chuyển ra phía ngoài, tiếp tục xoay hướng","Bão số 4 Narra bắt đầu ngoặt ra ngoài, miền Bắc khi nào giảm mưa lớn?","Bão số 4 đang di chuyển ra phía ngoài và suy yếu. Mưa tại Bắc Bộ giảm mạnh, trong khi lũ trên nhiều sông tiếp tục xuống; riêng một số sông ở Bắc Ninh vẫn ở mức báo động 3.","Bão số 4 Narra đang di chuyển chậm và có khả năng ngoặt hướng ra phía ngoài Vịnh Bắc Bộ, nhưng mưa lớn tại miền Bắc vẫn tiếp diễn, lũ trên nhiều sông đang ở mức cao. Từ đêm 24/8, mưa lớn mới có xu hướng giảm dần.",evt_69a0bf5114aa,evt_1066c672ac08,0.1261,1.608,,
INTER_CLUSTER_NEAR,e4715b06cec46154,ff75351fb53e7df4,vietnamnet.vn,vietnamnet.vn,"Cổ động viên TPHCM vỡ òa, xuống đường ăn mừng chiến thắng của tuyển Việt Nam",Vỡ òa cảm xúc mừng đội tuyển Việt Nam vô địch ASEAN Cup 2026,"Tối 22/8, hàng nghìn cổ động viên tại TPHCM vỡ òa cảm xúc trước những pha ghi bàn đẹp mắt của đội tuyển Việt Nam trong trận chung kết lượt đi ASEAN Cup 2026 gặp Thái Lan.","Tối 26/8, hàng nghìn người hâm mộ tại Hà Nội và TPHCM vỡ òa cảm xúc, hò reo, vẫy cờ ăn mừng khi đội tuyển Việt Nam hòa Thái Lan 2-2 ở trận chung kết lượt về, qua đó bảo vệ thành công chức vô địch ASEAN Cup với tổng tỷ số 4-2.",evt_8c332d0952ad,evt_122f2138a71c,0.1278,4.293,,
INTER_CLUSTER_NEAR,d8a396b954b09c4f,dd90d55fbca8ff38,vietnamnet.vn,vietnamnet.vn,"Dự báo thời tiết 23/8/2026: Miền Bắc tiếp tục mưa lớn, dồn dập nhất ở 4 tỉnh",Dự báo thời tiết 17/9: Miền Bắc đến Nghệ An tiếp tục mưa lớn tầm tã,"Dự báo thời tiết ngày 23/8/2026, bão số 4 tiếp tục hoạt động trên vùng biển Quảng Ninh - Hải Phòng, mạnh cấp 8, giật cấp 10; gây mưa lớn ở Bắc Bộ và Thanh Hóa, nguy cơ ngập úng, lũ quét, sạt lở đất.","Dự báo thời tiết ngày 17/9/2026, nhiều khu vực Bắc Bộ và Bắc Trung Bộ tiếp tục có mưa vừa, mưa to, cục bộ có nơi mưa rất to và giông. Trung Bộ đến cao nguyên Trung Bộ và Nam Bộ duy trì mưa to cục bộ.",evt_2d096da7a5f7,evt_565764189eb4,0.1284,3.215,,
INTER_CLUSTER_NEAR,f57b55df8e109eb3,2fc2054db62d4f66,vietnamnet.vn,vietnamnet.vn,"Thời tiết dịp Quốc khánh 2/9: Miền Bắc mưa giông, Hà Nội cao nhất 32 độ","Dự báo thời tiết 19/9: Hà Nội 34 độ, TPHCM mưa lớn vào chiều tối","Dịp nghỉ lễ Quốc khánh 2/9/2026, thời tiết các khu vực có sự phân hóa rõ rệt. Bắc Bộ và Thanh Hóa có mưa rào và giông, cục bộ mưa to; Trung Bộ có nơi nắng nóng trên 38 độ; Nam Bộ mưa giông vào chiều tối.","Dự báo thời tiết ngày 19/9/2026, miền Bắc kết thúc đợt mưa lớn, nắng xuất hiện trở lại, Hà Nội có nơi 34 độ. Từ Nghệ An đến Huế tiếp tục có mưa lớn; Nam Bộ mưa to đến rất to, tập trung chủ yếu vào chiều tối.",evt_0b3ac06c4e70,evt_27367a2c8c94,0.1446,0.866,,
INTER_CLUSTER_NEAR,350f88cd19d9645e,2fc2054db62d4f66,vietnamnet.vn,vietnamnet.vn,"Dự báo thời tiết 30/8/2026: Miền Bắc ngày nắng 35 độ, từ đêm mưa lớn dồn dập","Dự báo thời tiết 19/9: Hà Nội 34 độ, TPHCM mưa lớn vào chiều tối","Dự báo thời tiết ngày 30/8/2026, miền Bắc ngày nắng, Hà Nội cao nhất 35 độ; từ đêm mưa lớn và kéo dài hết 31/8. Trung Bộ còn nắng nóng gay gắt. Cao nguyên Trung Bộ và Nam Bộ chiều tối mưa giông.","Dự báo thời tiết ngày 19/9/2026, miền Bắc kết thúc đợt mưa lớn, nắng xuất hiện trở lại, Hà Nội có nơi 34 độ. Từ Nghệ An đến Huế tiếp tục có mưa lớn; Nam Bộ mưa to đến rất to, tập trung chủ yếu vào chiều tối.",evt_e06638406e0f,evt_27367a2c8c94,0.1467,0.248,,
INTER_CLUSTER_NEAR,70ead58afccac978,3716c04a309726f9,vietnamnet.vn,vietnamnet.vn,"Dự báo thời tiết 5/9/2026: Cả nước nắng nhẹ sáng khai giảng, chiều có thể mưa","Dự báo thời tiết 7/9/2026: Miền Bắc có nơi nắng nóng, sắp đón không khí lạnh yếu","Dự báo thời tiết ngày 5/9/2026, Bắc Bộ và Thanh Hóa đến Hà Tĩnh có nắng nóng cục bộ; các khu vực khác ở Trung Bộ và Nam Bộ chiều và tối có mưa rào và giông rải rác, cục bộ có nơi mưa to.","Dự báo thời tiết ngày 7/9/2026, miền Bắc duy trì trời nắng, khoảng giữa tuần đón không khí lạnh yếu gây mưa giông rải rác. Từ Trung Bộ đến cao nguyên Trung Bộ và Nam Bộ có mưa to cục bộ vào chiều tối.",evt_ffdbd8a26cec,evt_a61e40d393af,0.1495,2.13,,
INTER_CLUSTER_NEAR,3f4c7247c25ead5c,5333e815917bdc84,vietnamnet.vn,vietnamnet.vn,"4 tỉnh và toàn Nam Bộ mưa rất to, miền Bắc tạnh ráo đến khi nào?","Mưa lớn dồn dập còn kéo dài, miền Bắc và Hà Nội khi nào tạnh?","Từ chiều 21/9 đến 24/9, mưa lớn tập trung ở phía Đông Gia Lai, Đắk Lắk, Khánh Hòa, Lâm Đồng và Nam Bộ, có nơi trên 400mm. Trong khi đó, miền Bắc khả năng tạnh ráo đến cuối tháng.","Mưa lớn tiếp tục diễn ra tại nhiều tỉnh, thành miền Bắc và Bắc Trung Bộ, có nơi vượt 200mm. Hà Nội được dự báo còn mưa to đến rất to trong ngày 16/9, trước khi lượng mưa giảm dần từ đêm 17/9.",evt_690a478e4007,evt_f544cce1ee57,0.1566,4.585,,
INTER_CLUSTER_NEAR,c395f40971b8c204,bb184ea6e58339a2,vietnamnet.vn,vietnamnet.vn,"Không khí lạnh đầu mùa áp sát khiến miền Bắc mưa giông, Biển Đông có thể có bão","Không khí lạnh đầu mùa sắp tràn về, miền Bắc có nơi dưới 19 độ","Không khí lạnh đầu mùa ảnh hưởng từ ngày 10/9, gây mưa ở miền Bắc và mưa lớn tại nhiều khu vực miền Trung, Nam Bộ. Trong khi đó, một vùng áp thấp trên Biển Đông có khả năng mạnh lên thành áp thấp nhiệt đới và có thể thành bão.","Không khí lạnh sẽ ảnh hưởng đến Bắc Bộ từ đêm 9/9, gây mưa rào và giông ở nhiều khu vực. Từ ngày 10/9, mưa lớn mở rộng xuống Trung Bộ, cao nguyên Trung Bộ và Nam Bộ.",evt_5afa461b9996,evt_a61e40d393af,0.1684,0.353,,
INTER_CLUSTER_NEAR,3f4c7247c25ead5c,af46d511d41df674,vietnamnet.vn,vietnamnet.vn,"4 tỉnh và toàn Nam Bộ mưa rất to, miền Bắc tạnh ráo đến khi nào?","Dự báo thời tiết 18/9: Miền Bắc giảm mưa, mưa lớn dồn xuống Trung và Nam Bộ","Từ chiều 21/9 đến 24/9, mưa lớn tập trung ở phía Đông Gia Lai, Đắk Lắk, Khánh Hòa, Lâm Đồng và Nam Bộ, có nơi trên 400mm. Trong khi đó, miền Bắc khả năng tạnh ráo đến cuối tháng.","Dự báo thời tiết ngày 18/9/2026, miền Bắc tiếp tục mưa lớn trong buổi sáng, từ trưa đến chiều giảm dần; trong khi Thanh Hóa - Nghệ An là trọng tâm mưa của miền Trung. Nam Bộ bắt đầu bước vào đợt mưa lớn diện rộng.",evt_690a478e4007,evt_565764189eb4,0.1696,2.623,,
INTER_CLUSTER_NEAR,6ecea7e93d2fef96,a366bf4dcae5b299,vietnamnet.vn,vietnamnet.vn,Hai trường hợp tài xế ô tô đầu tiên bị xử phạt vì không giữ khoảng cách trên cao tốc,"Ngày đầu phạt lỗi không giữ khoảng cách, nhiều tài xế nói ‘xe trước phanh’","Đội CSGT đường bộ cao tốc số 3 (Cục CSGT, Bộ Công an) đã xử phạt 2 tài xế ô tô khách vi phạm quy định về khoảng cách an toàn với xe chạy phía trước trên cao tốc.","Trong sáng đầu tiên xử phạt lỗi không giữ khoảng cách an toàn trên cao tốc Pháp Vân - Cầu Giẽ - Cao Bồ - Mai Sơn - Quốc lộ 45 - Nghi Sơn, Đội CSGT đường bộ cao tốc số 3 (Cục CSGT) đã xử lý 6 trường hợp vi phạm.",evt_55987c103059,evt_0a93ff449188,0.177,1.006,,
INTER_CLUSTER_NEAR,9bbe7c39f2692e05,ed8a15e7da36f351,vietnamnet.vn,vietnamnet.vn,Cục CSGT: Phạt xe không giữ khoảng cách trên cao tốc không phải &apos;làm khó&apos; tài xế,"Để tránh bị phạt lỗi không giữ khoảng cách, tài xế cần nhớ điều này","Theo Cục CSGT (Bộ Công an), có tới hơn 30% tổng số vụ tai nạn nghiêm trọng trên các tuyến cao tốc xuất phát trực tiếp từ việc tài xế không giữ khoảng cách an toàn với xe phía trước.","Đội CSGT đường bộ cao tốc số 3 (Cục CSGT, Bộ Công an) vừa bắt đầu xử phạt hành vi không giữ khoảng cách với xe phía trước. Một số tài xế đang băn khoăn về cách căn khoảng cách với xe phía trước.",evt_a0cb61a3964c,evt_55987c103059,0.177,0.767,,
INTER_CLUSTER_NEAR,2fc2054db62d4f66,af46d511d41df674,vietnamnet.vn,vietnamnet.vn,"Dự báo thời tiết 19/9: Hà Nội 34 độ, TPHCM mưa lớn vào chiều tối","Dự báo thời tiết 18/9: Miền Bắc giảm mưa, mưa lớn dồn xuống Trung và Nam Bộ","Dự báo thời tiết ngày 19/9/2026, miền Bắc kết thúc đợt mưa lớn, nắng xuất hiện trở lại, Hà Nội có nơi 34 độ. Từ Nghệ An đến Huế tiếp tục có mưa lớn; Nam Bộ mưa to đến rất to, tập trung chủ yếu vào chiều tối.","Dự báo thời tiết ngày 18/9/2026, miền Bắc tiếp tục mưa lớn trong buổi sáng, từ trưa đến chiều giảm dần; trong khi Thanh Hóa - Nghệ An là trọng tâm mưa của miền Trung. Nam Bộ bắt đầu bước vào đợt mưa lớn diện rộng.",evt_27367a2c8c94,evt_565764189eb4,0.1782,1.456,,
INTER_CLUSTER_NEAR,c295ecb76bd51804,5333e815917bdc84,vietnamnet.vn,vietnamnet.vn,"Điểm tên vùng tâm mưa lớn dồn dập ở miền Trung, Bắc Bộ sắp mưa to trở lại","Mưa lớn dồn dập còn kéo dài, miền Bắc và Hà Nội khi nào tạnh?","Mưa lớn tiếp diễn tại nhiều khu vực miền Trung trong những ngày tới, có nơi lượng mưa trên 300mm. Từ đêm 13/9, trung du và đồng bằng Bắc Bộ cũng xuất hiện mưa vừa, mưa to và giông.","Mưa lớn tiếp tục diễn ra tại nhiều tỉnh, thành miền Bắc và Bắc Trung Bộ, có nơi vượt 200mm. Hà Nội được dự báo còn mưa to đến rất to trong ngày 16/9, trước khi lượng mưa giảm dần từ đêm 17/9.",evt_088e37d4e3f5,evt_f544cce1ee57,0.1808,3.989,,
INTER_CLUSTER_NEAR,b003ab5c1dff91f1,d06d7f6cfa44cca9,vietnamnet.vn,vietnamnet.vn,"CSGT chỉ xử lý xe cố tình bám sát đuôi, không giữ khoảng cách trên cao tốc","Từ 27/8, CSGT phạt tài xế không giữ khoảng cách với xe đi trước trên cao tốc","Cục CSGT cho biết đa số tài xế đã bước đầu hình thành ý thức giữ khoảng cách với xe liền trước trên cao tốc. Lực lượng chức năng chỉ xử lý những trường hợp cố tình vi phạm, chủ yếu là xe kinh doanh vận tải.","Cục CSGT (Bộ Công an) cho biết, từ ngày 27/8, Đội CSGT đường bộ cao tốc số 3 sẽ xử phạt tài xế ôtô không giữ khoảng cách an toàn với xe chạy phía trước trên tuyến Pháp Vân - Cầu Giẽ - Cao Bồ - Mai Sơn - Quốc lộ 45 - Nghi Sơn.",evt_ae5106fcd3f4,evt_aad1090df9ae,0.1874,0.037,,
INTER_CLUSTER_NEAR,742b33e574c2d6d3,d8a396b954b09c4f,vietnamnet.vn,vietnamnet.vn,"Bão số 4 trên vùng biển Quảng Ninh - Hải Phòng, miền Bắc đối mặt mưa lớn kéo dài","Dự báo thời tiết 23/8/2026: Miền Bắc tiếp tục mưa lớn, dồn dập nhất ở 4 tỉnh","Bão số 4 mạnh cấp 8, giật cấp 10 đang trên vùng biển Quảng Ninh - Hải Phòng, di chuyển rất chậm và liên tục đổi hướng. Nhiều tỉnh miền Bắc có nguy cơ mưa lớn, lũ quét, sạt lở đất.","Dự báo thời tiết ngày 23/8/2026, bão số 4 tiếp tục hoạt động trên vùng biển Quảng Ninh - Hải Phòng, mạnh cấp 8, giật cấp 10; gây mưa lớn ở Bắc Bộ và Thanh Hóa, nguy cơ ngập úng, lũ quét, sạt lở đất.",evt_487d03706253,evt_2d096da7a5f7,0.1891,0.626,,
INTER_CLUSTER_NEAR,5f87096b091b9a5c,af46d511d41df674,vietnamnet.vn,vietnamnet.vn,"Dự báo thời tiết 31/8/2026: Miền Bắc vẫn có nắng 35 độ, Trung Bộ mưa lớn","Dự báo thời tiết 18/9: Miền Bắc giảm mưa, mưa lớn dồn xuống Trung và Nam Bộ","Dự báo thời tiết ngày 31/8/2026, miền Bắc vẫn nắng đến 35 độ. Bắc Trung Bộ có mưa lớn, trong khi duyên hải Nam Trung Bộ có nơi nắng nóng. Cao nguyên Trung Bộ và Nam Bộ chiều tối mưa giông.","Dự báo thời tiết ngày 18/9/2026, miền Bắc tiếp tục mưa lớn trong buổi sáng, từ trưa đến chiều giảm dần; trong khi Thanh Hóa - Nghệ An là trọng tâm mưa của miền Trung. Nam Bộ bắt đầu bước vào đợt mưa lớn diện rộng.",evt_e06638406e0f,evt_565764189eb4,0.1915,1.693,,
INTER_CLUSTER_NEAR,2b26c768f110dc55,9296b8610a4480c8,vietnamnet.vn,vietnamnet.vn,"Phạt xe không giữ khoảng cách trên cao tốc, Chủ tịch Hiệp hội vận tải ô tô Việt Nam nói gì?","Phạt xe không giữ khoảng cách trên cao tốc: Đường ùn tắc, tài xế xử lý thế nào?","Theo các chuyên gia, việc xử phạt phương tiện không giữ khoảng cách an toàn trên cao tốc là cần thiết, bởi đây là quy định đã được pháp luật quy định. Người lái cần thay đổi thói quen, chủ động giữ khoảng cách an toàn.","Cục CSGT cho biết trường hợp lưu lượng phương tiện tăng cao hoặc ùn tắc do sự cố phía trước, người điều khiển xe chạy với tốc độ dưới 60 km/h phải chủ động giữ khoảng cách an toàn phù hợp với xe chạy liền trước.",evt_93be10664cfa,evt_a0cb61a3964c,0.1934,0.53,,
INTER_CLUSTER_NEAR,6b1c9762a9fa33a0,70fe276a0f6aa508,vietnamnet.vn,vietnamnet.vn,"Vinh hứng trận mưa kỷ lục trong hơn 40 năm, hệ thống thoát nước ứng phó ra sao?","Điểm tên nhiều khu vực mưa lớn, Vinh hứng mưa kỷ lục hơn 40 năm","Trong 8 giờ ngày 19/9, trạm Vinh (Nghệ An) ghi nhận lượng mưa 399mm, vượt kỷ lục lượng mưa trong tháng 9 trong hơn 40 năm. Nhiều tuyến đường ngập sâu nhưng nước rút dần sau khi mưa ngớt.","Trạm Vinh (Nghệ An) ghi nhận mưa 399mm từ 7-15h ngày 19/9, vượt kỷ lục mưa ngày tháng 9 từng ghi nhận năm 1985. Chiều tối và đêm 19/9, mưa lớn tiếp tục trút xuống Nghệ An - Hà Tĩnh. Nam Bộ và Lâm Đồng cũng có mưa to đến rất to.",evt_8372397093a9,evt_ab3f3f3e55a2,0.1953,0.306,,
INTER_CLUSTER_NEAR,f57b55df8e109eb3,350f88cd19d9645e,vietnamnet.vn,vietnamnet.vn,"Thời tiết dịp Quốc khánh 2/9: Miền Bắc mưa giông, Hà Nội cao nhất 32 độ","Dự báo thời tiết 30/8/2026: Miền Bắc ngày nắng 35 độ, từ đêm mưa lớn dồn dập","Dịp nghỉ lễ Quốc khánh 2/9/2026, thời tiết các khu vực có sự phân hóa rõ rệt. Bắc Bộ và Thanh Hóa có mưa rào và giông, cục bộ mưa to; Trung Bộ có nơi nắng nóng trên 38 độ; Nam Bộ mưa giông vào chiều tối.","Dự báo thời tiết ngày 30/8/2026, miền Bắc ngày nắng, Hà Nội cao nhất 35 độ; từ đêm mưa lớn và kéo dài hết 31/8. Trung Bộ còn nắng nóng gay gắt. Cao nguyên Trung Bộ và Nam Bộ chiều tối mưa giông.",evt_0b3ac06c4e70,evt_e06638406e0f,0.1964,0.618,,
INTER_CLUSTER_NEAR,e4715b06cec46154,e46ff5c8086409cd,vietnamnet.vn,vietnamnet.vn,"Cổ động viên TPHCM vỡ òa, xuống đường ăn mừng chiến thắng của tuyển Việt Nam","TPHCM đêm không ngủ, rực sắc đỏ mừng Việt Nam vô địch","Tối 22/8, hàng nghìn cổ động viên tại TPHCM vỡ òa cảm xúc trước những pha ghi bàn đẹp mắt của đội tuyển Việt Nam trong trận chung kết lượt đi ASEAN Cup 2026 gặp Thái Lan.","Cờ đỏ sao vàng tung bay, tiếng hô “Việt Nam vô địch” vang lên khắp các tuyến đường TPHCM, hòa cùng niềm vui vỡ òa của người hâm mộ sau khi đội tuyển Việt Nam đăng quang ASEAN Cup 2026.",evt_8c332d0952ad,evt_1185d8e9c10a,0.2074,4.36,,
INTER_CLUSTER_NEAR,9bbe7c39f2692e05,b0dfcd54fc4acaa3,vietnamnet.vn,vietnamnet.vn,Cục CSGT: Phạt xe không giữ khoảng cách trên cao tốc không phải &apos;làm khó&apos; tài xế,Hình ảnh khác lạ trên cao tốc ngày đầu phạt lỗi không giữ khoảng cách,"Theo Cục CSGT (Bộ Công an), có tới hơn 30% tổng số vụ tai nạn nghiêm trọng trên các tuyến cao tốc xuất phát trực tiếp từ việc tài xế không giữ khoảng cách an toàn với xe phía trước.","Thay vì nối đuôi, đi sát nhau như thường lệ, nhiều tài xế trên cao tốc Pháp Vân - Cầu Giẽ - Cao Bồ - Mai Sơn - Quốc lộ 45 - Nghi Sơn chủ động duy trì khoảng cách an toàn trong ngày đầu CSGT xử phạt lỗi không giữ khoảng cách.",evt_a0cb61a3964c,evt_0a93ff449188,0.208,1.255,,
INTER_CLUSTER_NEAR,a777f934d54ab99b,350f88cd19d9645e,vietnamnet.vn,vietnamnet.vn,"Dự báo thời tiết 22/8/2026: Bão số 4 gây mưa lớn, tâm điểm Đông Bắc Bộ","Dự báo thời tiết 30/8/2026: Miền Bắc ngày nắng 35 độ, từ đêm mưa lớn dồn dập","Dự báo thời tiết ngày 22/8/2026, do ảnh hưởng bão số 4, nhiều nơi ở miền Bắc xảy ra mưa lớn; đặc biệt, Quảng Ninh, Lạng Sơn, Bắc Ninh, TP Hải Phòng mưa to đến rất to, đề phòng ngập úng, lũ quét và sạt lở.","Dự báo thời tiết ngày 30/8/2026, miền Bắc ngày nắng, Hà Nội cao nhất 35 độ; từ đêm mưa lớn và kéo dài hết 31/8. Trung Bộ còn nắng nóng gay gắt. Cao nguyên Trung Bộ và Nam Bộ chiều tối mưa giông.",evt_2d096da7a5f7,evt_e06638406e0f,0.2099,0.007,,
INTER_CLUSTER_NEAR,83d9ada2235e92cf,ec488781bcc0932e,vietnamnet.vn,vietnamnet.vn,"Áp thấp nhiệt đới áp sát đất liền, mưa lớn dồn dập từ Trung Bộ ra miền Bắc","Dự báo thời tiết 14/9/2026: Miền Bắc mưa lớn dồn dập, Hà Nội giảm nhiệt mạnh","Áp thấp nhiệt đới đang trên vùng biển Quảng Trị - Đà Nẵng, gây gió mạnh cấp 6, giật cấp 8. Dự báo từ ngày 13-15/9, từ Trung Bộ ra miền Bắc có mưa to đến rất to, có nơi trên 350mm.","Dự báo thời tiết ngày 14/9/2026, ảnh hưởng hoàn lưu áp thấp nhiệt đới, khu vực từ Thanh Hóa đến Quảng Trị, trung du và đồng bằng Bắc Bộ có mưa lớn. Cao nguyên Trung Bộ và Nam Bộ mưa to cục bộ.",evt_30aa1f119230,evt_565764189eb4,0.2163,0.833,,
INTER_CLUSTER_NEAR,d8a396b954b09c4f,a18cc04bd4b6355a,vietnamnet.vn,vietnamnet.vn,"Dự báo thời tiết 23/8/2026: Miền Bắc tiếp tục mưa lớn, dồn dập nhất ở 4 tỉnh","Hà Nội còn mưa lớn suốt đêm nay và ngày mai 17/9, miền Bắc sắp giảm mưa","Dự báo thời tiết ngày 23/8/2026, bão số 4 tiếp tục hoạt động trên vùng biển Quảng Ninh - Hải Phòng, mạnh cấp 8, giật cấp 10; gây mưa lớn ở Bắc Bộ và Thanh Hóa, nguy cơ ngập úng, lũ quét, sạt lở đất.","Hà Nội tiếp tục mưa to trong đêm 16/9 và ngày 17/9, có nơi trên 100mm. Cùng lúc, nhiều tỉnh miền Bắc và Bắc Trung Bộ tiếp tục mưa lớn, nguy cơ lũ quét, sạt lở đất ở mức rất cao.",evt_2d096da7a5f7,evt_f544cce1ee57,0.2164,3.749,,
INTER_CLUSTER_NEAR,5dfbb6531e3771ec,80c661f4a4349ace,vietnamnet.vn,vietnamnet.vn,"Va chạm ô tô khách 34 chỗ, xe đầu kéo nằm &apos;vắt ngang&apos; trên cao tốc","Xe khách tông ô tô đầu kéo trên cao tốc, 5 người bị thương","Va chạm với ô tô khách 34 chỗ, xe đầu kéo đâm vào dải phân cách rồi lao qua phần đường ngược lại, rơ-moóc xoay ngang chắn các làn đường trên cao tốc TPHCM - Long Thành - Dầu Giây.","Vụ va chạm giữa xe khách giường nằm và ô tô đầu kéo trên cao tốc Bãi Vọt - Hàm Nghi, đoạn qua Hà Tĩnh, khiến 5 người bị thương, giao thông hướng Bắc - Nam ùn tắc.",evt_679b65fc41d9,evt_24e2cc235519,0.2168,1.973,,
