event_cluster_id,cluster_size,publishers,n_publishers,duplicate_families_in_cluster,article_ids,sample_titles
evt_24d22d8cbc5b,2,vietnamnet.vn,1,,00ef9088f475bd79; 98ef414830f9d335,Vụ cháy nhà trong khu đô thị ở Nha Trang: Mẹ chồng và con dâu đã tử vong | Vụ cháy ki-ốt rau củ ở TPHCM: Người vợ cũng không qua khỏi
evt_85c5c81f464c,2,dantri.com.vn; vnexpress.net,2,,01889013faff94c2; b10763e92338b1cc,"Celine Dion gây sốt khi hát, nhảy trên nắp ca-pô | “Hiệu ứng Celine Dion trở lại”: 16 đêm diễn mang gần 1 tỷ euro cho Pháp"
evt_50072851a5be,3,dantri.com.vn; vietnamnet.vn,2,,0316b34f5277161b; 7b193bdb2c169637; b131eb37dcf9b4dd,"Hà Nội chuẩn bị cải tạo chung cư cũ: Người dân đóng sẵn đồ, ngóng từng ngày rời đi | Dãy nhà xen kẹt ở Vành đai 1: Người dân Hà Nội bàn giao mặt bằng, bắt đầu phá dỡ | Công trình nút giao Tân Vạn ở Vành đai 3 TPHCM làm nứt nhà, người dân ngóng tiền bồi thường"
evt_98c3ea5e6c6b,6,vietnamnet.vn,1,,03a29a9b039bcba1; 3716c04a309726f9; 4c023aab0e6ea006; 70ead58afccac978; aa25e93e9415248a; eb00494755ae1896,"Thời tiết khai giảng 5/9: Miền Bắc, Trung Bộ có nơi nắng nóng trên 35 độ | Miền Bắc, Trung Bộ nắng nóng cuối kỳ nghỉ lễ; bão số 5 sắp hình thành | Dự báo thời tiết 9/9/2026: Miền Bắc nắng 34 độ trước khi không khí lạnh tràn về | Dự báo thời tiết 8/9/2026: Không khí lạnh sắp tràn về miền Bắc, gây mưa giông | Dự báo thời tiết 5/9/2026: Cả nước nắng nhẹ sáng khai giảng, chiều có thể mưa"
evt_05ab53ba1822,2,vietnamnet.vn,1,,043fb0edf715fa44; 5aea3938b1db36ba,"Lật thuyền, 1 người dạt được vào bờ, 3 người còn lại mất tích | Vụ lật thuyền, 3 người mất tích: Tìm thấy nạn nhân cuối cùng cách hiện trường 2km"
evt_69214c022919,2,vietnamnet.vn,1,,05e349e3f7905509; 6439ed34dc7eeea3,"Phú Thọ, Sơn La nguy cơ lũ quét, nhiều điểm du lịch nổi tiếng được cảnh báo | 3 tỉnh được cảnh báo lũ quét, sạt lở đất ngày đầu nghỉ lễ 2/9"
evt_fc6f8ea8dbb5,2,vietnamnet.vn,1,,0a51817f8cd346db; 572ebbfb822ce35d,Vụ web lậu &apos;Xôi Lạc TV&apos;: Nhân vật tuyên truyền văn hóa phẩm đồi trụy | Vụ web lậu Xôi Lạc TV: Doanh nhân nhạy bén cũng &apos;nhúng chàm&apos;
evt_0685a62b9626,2,vietnamnet.vn,1,,0b0f86c8f6b81b3e; a970fbd94c92c5a9,"Nhân chứng kể phút đá lở thủng nhiều nhà ở Lạng Sơn | Người dân kể phút lốc xoáy cuốn qua: &apos;Gió rít mạnh, các con tôi hoảng loạn bỏ chạy&apos;"
evt_4d7168c0b0d6,6,vietnamnet.vn,1,,0bbc6c5551e0f5aa; 90092327ac33b20e; 9b25811e483746e1; a237e9842f465aca; b57e04d79b1dcc67; ee6e5d87264b22f1,"Cháy dữ dội dãy lán tạm, xưởng sửa ô tô ở Hà Nội | Cháy nhà xưởng ở Hà Nội, khói đen cuồn cuộn | Cháy lớn tại chợ Kim Sơn ở Quảng Ninh | Cháy dãy nhà dân kết hợp xưởng sản xuất ở Hà Nội, khói đen bốc cuồn cuộn | Cảnh tan hoang sau vụ cháy dãy nhà dân, xưởng bánh mì ở Hà Nội"
evt_a03d9491f466,3,tuoitre.vn; vietnamnet.vn,2,,0be8af8e8f9b24d2; 1b3b30850d6a63e5; c9dce06cb03636d9,Bơm nước cả ngày 'cứu' nhiều xe máy trong hầm chung cư ở Vinh sau mưa lịch sử | Thông tin mới vụ hầm chui 340 tỷ đồng ở nút giao An Phú biến thành &apos;bể nước&apos; | Nguyên nhân hầm chui An Phú biến thành &apos;bể chứa nước&apos;
evt_0366c24e3810,2,vietnamnet.vn,1,,0de72f2ba865a1bd; f314cc8cd84cccf8,"Đường phố Hà Nội ken đặc xe cộ trong ngày đầu đi làm lại sau kỳ nghỉ lễ | Cận cảnh công trường Vành đai 2,5 Hà Nội chạy đua tiến độ để thông xe kỹ thuật dịp 10/10"
evt_de96f3fc2ee9,2,vietnamnet.vn,1,,0eb0acbb96442210; 1f0804b3e2a46a70,"Ô tô chở máy múc bị lật, đè trúng hai vợ chồng ở Nghệ An | Lật xe đầu kéo, thùng hàng đổ xuống nhà dân, 3 người tử vong"
evt_29e549ed7528,2,thanhnien.vn,1,,09865cf3d3c7432e; 10f3e2c91fdbb091,"Nhận định U.23 Việt Nam đấu U.23 Uzbekistan: Quốc Cường muốn đòi món nợ cho lứa 'Thường Châu tuyết trắng' | Không cầu hòa, U.23 Việt Nam quyết đòi món nợ Thường Châu"
evt_b7d82b3033e9,2,vietnamnet.vn,1,,115921d2536d7e02; 672961cb955dc3c8,"Hai nam sinh ở Phú Thọ tử vong sau va chạm với ô tô khách | Xe tải va chạm xe máy, hai nam sinh ở Hà Tĩnh tử vong thương tâm"
evt_09469c86502e,2,vietnamnet.vn,1,,11b4b27252e0e89e; 4c9cea67028dd80f,Đồng Nai bàn giao 4.618 mẫu hài cốt liệt sĩ để giám định ADN | Chuyến bay đặc biệt đưa 13.563 mẫu hài cốt liệt sĩ ra Hà Nội giám định ADN
evt_28722d623845,2,vietnamnet.vn,1,,121c64b6075a4780; 9fd79c0b1bbdb840,"Nhóm thanh niên sang Campuchia, tham gia đường dây lừa đảo xuyên quốc gia | Tiếp nhận hơn 100 công dân Việt Nam do phía Campuchia bàn giao"
evt_a998bb0eb708,2,vietnamnet.vn,1,,12ed0bb773a37f0f; 5a6f6faec621582f,"Đại lộ Thăng Long rào chắn 45 ngày, phương tiện đi lại ra sao? | Sạt lở đèo gây chia cắt tạm thời quốc lộ 20 qua Lâm Đồng"
evt_8e86f5a546ca,3,vietnamnet.vn,1,,13baa86471f19c53; 6cc9f937d30f4153; 83bf7716e60dc03a,"El Nino tiếp tục mạnh lên, Nam Bộ và TPHCM có thể nắng nóng 36 độ giữa mùa mưa | El Nino đang rất mạnh, Việt Nam đối mặt cả loạt thiên tai phức tạp | El Nino đe dọa nguồn nước, hàng chục triệu người có thể bị ảnh hưởng"
evt_592f348a318d,3,vietnamnet.vn,1,,13fe8239d4c47124; a86a63a2fd379106; fb431147cc49abac,"Thứ trưởng Bộ Y tế Trần Văn Thuấn bị bắt tạm giam | Bắt giam bảo vệ ngân hàng dùng xích đánh đồng nghiệp tử vong | Khởi tố, bắt tạm giam Phó Chủ tịch UBND tỉnh Phú Thọ Nguyễn Huy Ngọc"
evt_1b571631dae3,2,vietnamnet.vn,1,,163b57928b6c4670; aad42a6efd2b701f,"Áp thấp nhiệt đới có thể mạnh lên thành bão, đề nghị 21 tỉnh, thành phố sẵn sàng ứng phó | Mưa lớn dồn dập, đề nghị 13 tỉnh thành sẵn sàng ứng phó"
evt_fd5c4dd9e7bd,2,vietnamnet.vn,1,,16d734496744100a; 61befd2345311236,"TPHCM sau trận mưa lớn hiếm gặp: Ngập cả đêm, người dân đeo ủng bì bõm dọn nhà | TPHCM hứng trận mưa lớn hiếm gặp, sấm sét dồn dập; Nam Bộ còn mưa xối xả"
evt_ef4cd892cb62,2,dantri.com.vn; vietnamnet.vn,2,,195c6b9b6a90ab2d; 32c79a0d57127bcf,"Bức xúc cảnh người phụ nữ bị nhắc vẫn đổ cả túi rác xuống kênh Nhiêu Lộc, TPHCM | Xả thải bừa bãi, 2 người phụ nữ ở Tây Ninh bị phạt 1,5 triệu đồng"
evt_4a6e7f83856c,3,vietnamnet.vn,1,,19de60072100da28; 6fe4fedac36ddd7b; 81d2568db525e611,"Nữ cựu cán bộ ở Hà Nội bị cáo buộc tham ô 4 triệu đồng, tòa hủy án để điều tra lại | Vụ hủy show ‘Về đây bốn cánh chim trời’: Bà Nguyễn Thị Thu Hà nhận 2 năm tù | Thêm người đến tòa nhận là bị hại vụ hủy show &apos;Về đây bốn cánh chim trời&apos;"
evt_db205a0b5b84,2,thanhnien.vn; tuoitre.vn,2,,1cfcab28cab9b9fb; 60b4b7208bd141f8,"TP.HCM vào mùa lá rụng: Con đường 'mùa thu' gây sốt, nhiều người đến chụp ảnh | TP.HCM có một ‘con đường mùa thu’ đẹp như phim Hàn, giới trẻ mê mẩn"
evt_253bd2c69cb8,3,vietnamnet.vn,1,,09da640c872c987d; 167dd6801b2e3148; 1e80bbc4c70631ca,"Xác minh clip nam bảo vệ đấm, đá túi bụi tài xế xe công nghệ ở Hà Nội | Tin tức Thời sự 27/8: Bắt khẩn cấp bảo vệ hành hung tài xế xe công nghệ ở Hà Nội | Bảo vệ khu đô thị ở Hà Nội khai đấm, đá tài xế xe công nghệ vì &apos;nói trống không&apos;"
evt_abe4b691a77f,3,vietnamnet.vn,1,,20b60293eebb3e4e; 2bded7df1df9f911; 545bc5305b21c916,"Dịp nghỉ lễ 2/9, cửa ngõ Hà Nội ùn tắc tài xế đi theo đường nào? | Người dân về quê dịp nghỉ lễ 2/9, cửa ngõ Hà Nội đông đúc | Tránh tắc đường vào ngày đầu nghỉ lễ 2/9, người Hà Nội ùn ùn về quê trong đêm"
evt_adc83a581b31,2,vietnamnet.vn,1,,23880188c495c67d; 95ed84ceadb6c88e,Vụ thiếu niên bị đánh ở phòng gym: Công an Ninh Bình tạm giữ Lâm Đình Dưỡng | Công an xác minh vụ thiếu niên 16 tuổi ở Ninh Bình bị hành hung tại phòng gym
evt_69a746be3fa7,2,vietnamnet.vn,1,,268cbd7503a63edb; 9731af589590127b,"TPHCM: Bắt nhóm thanh niên mặc áo đen, đạp vào đầu cô gái rồi cướp túi xách ở công viên | Tin tức Thời sự 10/9: Bắt nhóm hành hung, cướp túi xách của cô gái ở TPHCM"
evt_1ca84fceaf4a,2,vietnamnet.vn,1,,0f8619837312176e; 27279cc5c68b3535,"Thời sự sáng 20/9: Xe đầu kéo lật khiến 3 người tử vong | Tin tức Thời sự 12/9: Xuồng chở 6 người va chạm tàu cá, một người tử vong"
evt_06a55fa4b236,4,vietnamnet.vn,1,,2b6b4100e377f694; 5fb73b242b014bcd; a226e37957cedece; aa54ac65c7626a97,"Tin tức Thời sự 2/9: Tạm giữ hình sự 4 người vụ hành hung tài xế ở Móng Cái | Vụ hành hung tài xế taxi ở Móng Cái: Tạm giữ hình sự 4 người | Tin tức Thời sự 30/8: Công an xác minh vụ tài xế taxi bị nhóm khách hành hung | Công an xác minh vụ tài xế taxi bị nhóm khách hành hung, giơ dép vào mặt"
evt_55eba14e0a50,2,vietnamnet.vn,1,,2ba4fe8f33df2188; f242df934f5699ba,Không khí tang thương trong gia đình 3 mẹ con tử vong sau vụ án mạng ở Đồng Nai | Vụ án mạng ở Đồng Nai: Người thân khóc nghẹn đón linh cữu con cháu về Nghệ An
evt_75b418e7773c,2,dantri.com.vn; tuoitre.vn,2,,2bab1973dd4eefba; 883841c46d29e942,"Phố Hàng Mã đông kín người, rực rỡ sắc màu dịp cận Trung thu | Phố Hàng Mã rực rỡ sắc màu đón ""biển người"" đến vui Trung thu sớm"
evt_c7d3ce5b5b09,3,vietnamnet.vn,1,,26c6adc8f43cc66d; 2bdb0cab3abb461c; 6de63cdc49eea1d3,"Dân dựng lán chặn xe rác, &apos;siêu phường&apos; ở Phú Thọ ùn ứ 70 tấn rác mỗi ngày | Cảnh tượng núi rác khổng lồ bốc mùi, người dân bẫy ruồi không xuể | Cảnh tượng hàng trăm tấn rác ùn ứ, phải đào hố chứa tạm"
evt_ae3ed74b4030,2,vietnamnet.vn,1,,2d7ad44a48f7251d; d0ec7d73a9480433,Xe khách 50 chỗ bốc cháy ngùn ngụt trong cây xăng ở TPHCM | Ô tô 5 chỗ bất ngờ bốc cháy ngùn ngụt trong gara ở Nghệ An
evt_d587a8fcf25e,2,vietnamnet.vn,1,,2e34ca9332d8da48; aa2eca2a269e3550,Vì sao TikToker Phạm Tuấn bị khởi tố? | Khởi tố TikToker Phạm Tuấn
evt_47af96722987,16,vietnamnet.vn,1,,0517eb6415ecb513; 08093ea1e160d1f5; 185baedb4bb1f251; 2fc2054db62d4f66; 3390bcfb8f2abf5b; 4038ed6944540598; 5333e815917bdc84; 61fb73ccc35597d5; 7073224129564935; 72b73ba9ba80d9b1; 7afb1a78ee56f8bb; 8a3e7ce1b6019e3e; a18cc04bd4b6355a; cb41be60cbcad9ff; dc514d109d410021; ff9c31af0a933733,"Dự báo thời tiết 19/9: Hà Nội 34 độ, TPHCM mưa lớn vào chiều tối | Dự báo thời tiết 20/9: Miền Bắc nắng 34 độ, Trung và Nam Bộ có nơi mưa rất to | Hà Nội: Nước ngập rút nhanh, chỉ còn vài điểm úng cục bộ | Miền Bắc tiếp diễn mưa lớn dữ dội, Hà Nội có nơi vượt 250mm đến đêm 15/9 | Hà Nội mưa trắng trời, nhiều tuyến phố ngập sâu"
evt_424cce9ee60b,3,dantri.com.vn; thanhnien.vn,2,,3156520f8722d93b; 903406908921bdb0; c38b707e83b2c8ae,"Chơi hơn người, CLB Công an Hà Nội thắng đậm đội bóng của Công Phượng | Bảng xếp hạng V-League mới nhất: CLB CAHN thắng đậm tái chiếm ngôi đầu, TP.Đồng Nai rơi xuống đáy | Thủ môn Bùi Tiến Dũng bắt luân lưu cực đỉnh, Đà Nẵng loại Hà Nội trong cơn đau tim của HLV Kewell"
evt_19dba2480a33,5,dantri.com.vn; vietnamnet.vn; vnexpress.net,3,,0c687d1098dc310c; 31c628c5d6fd6e3d; 57639aa4001e1613; a2b417de7902e09f; d2867ef69b042231,"Clip núi lở, đất đá vùi lấp đường vào nhiều bản ở Nghệ An | Lở núi vùi lấp tỉnh lộ, Nghệ An di dời khẩn cấp hàng loạt hộ dân | Hình ảnh vết nứt dài 200m từ trên sườn đồi khiến hàng loạt hộ dân phải di dời khẩn | Cận cảnh cả mảng núi đổ xuống như thác vùi lấp đoạn đường ở Nghệ An | Đất đá từ sườn núi tràn xuống, vùi lấp tỉnh lộ ở Nghệ An"
evt_fad96ccfeaec,3,vietnamnet.vn,1,,31fb19e179ff6e70; 5c469d505cbb3b53; a9daa0bccdb7b215,"Vượt biên nhiều lần, nam thanh niên bị bắt tạm giam | &apos;Trùm cuối&apos; chiếm đoạt &apos;tiền bẩn&apos; của nhóm tội phạm ở Campuchia | &apos;Khoảng trống&apos; gia đình, kẽ hở để tội phạm lôi kéo người trẻ sang Campuchia"
evt_a897ce515b0e,2,vietnamnet.vn,1,,3237c17030cc91dc; 8b914984f9b4344d,"Hiện trường vụ nổ dãy nhà trọ khiến 1 người tử vong, 3 người bị thương ở Phú Thọ | Gia đình người tử vong trong vụ nổ ở Phú Thọ có đơn xin giảm nhẹ cho bị can"
evt_b9b8c97fed26,2,vietnamnet.vn,1,,33db778cc7ceb6bf; b4f89384d3674ac3,Vụ đâm tử vong nữ chủ quán rồi uống thuốc sâu tự tử: Nghi phạm đã tử vong | 24 giờ truy bắt nghi phạm chém bạn nhậu tử vong
evt_5a521cb72c20,3,dantri.com.vn; vietnamnet.vn; vnexpress.net,3,,351a6eda3a85fd2d; 84ba3ef12ae78dd6; df51303d9ec5ed52,Tàu chở gần 175.000 tấn quặng sắt gặp sự cố trên vùng biển Quảng Ngãi | Tàu chở hơn 174.000 tấn quặng sắt gặp sự cố ở vùng biển Quảng Ngãi | Tàu nước ngoài chở hơn 174.000 tấn quặng gặp sự cố ở Quảng Ngãi
evt_fa7c7d32c51f,7,vietnamnet.vn,1,,27806296638d7ec6; 3569c4ba7c043121; 8ee5a58de68bff3e; 926a1d56b8b6c83f; b003ab5c1dff91f1; d06d7f6cfa44cca9; fdd97d0a072cfc34,"Cục CSGT tiếp tục xử lý xe không giữ khoảng cách trên cao tốc | Ngày thứ ba nghỉ lễ 2/9, CSGT xử lý 18.738 tài xế vi phạm, có 1 trường hợp không giữ khoảng cách | CSGT chỉ xử lý xe cố tình bám sát đuôi, không giữ khoảng cách trên cao tốc | Từ 27/8, CSGT phạt tài xế không giữ khoảng cách với xe đi trước trên cao tốc | Cục CSGT: Cao tốc Pháp Vân - Cầu Giẽ đông xe, tài xế chấp hành giữ khoảng cách"
evt_8d37cc473cc6,2,vietnamnet.vn,1,,356b311b26e6f002; f36c6ae5dece1621,"Nước sông Cầu ở Thái Nguyên dâng cao, ô tô chen kín cầu Bến Tượng tránh lũ | Quốc lộ 6 qua Hà Nội ùn tắc kéo dài, xe máy chật vật né vũng nước"
evt_91e2ffd275f5,2,thanhnien.vn; vietnamnet.vn,2,,39291fd0dc75b6e8; d9566f99b29e9121,"Sẽ phạt nguội xe vi phạm khoảng cách an toàn, chạy quá tốc độ trên cầu Nhật Tân | Bật đèn xi-nhan xin vượt xe thế nào để tránh bị phạt 6 triệu?"
evt_1d0b73e86e09,2,thanhnien.vn; tuoitre.vn,2,,3a0bd34c7ef726f2; 475f28280e498836,"Chơi thiếu người, Thành phố Đồng Nai thua đậm Công An Hà Nội | HAGL bất ngờ thua đội hạng nhất Hưng Yên, thủ môn Trung Kiên thủng lưới 10 bàn sau 3 trận"
evt_b2159cdff458,3,dantri.com.vn; tuoitre.vn; vietnamnet.vn,3,,3a1532ac13afe3f3; 3d47510295fd069e; 91582a78f8d4f749,Bắt khẩn cấp 7 đối tượng vụ lao ô tô vào đám đông trước quán nhậu ở TPHCM | Bắt khẩn cấp 7 người trong vụ chạy ô tô tông vào đám đông tại phường Chợ Quán | Bắt khẩn cấp 7 đối tượng trong vụ ô tô tông người và loạt xe máy ở TPHCM
evt_765e67bd70f4,2,vietnamnet.vn,1,,047ac787f10da159; 3b6d7bbcde7b6515,"Không nghỉ lễ, công nhân tăng tốc thi công trên công trường Vành đai 4 | Cận cảnh Vành đai 1 Hà Nội thông xe dịp 2/9"
evt_a62d73ae6fd9,2,vietnamnet.vn,1,,3b8fc6846ccd588b; cf3141ea05d1a4df,"Từ vụ bắt đối tượng truy nã trốn khỏi nơi giam giữ sau 30 năm, công an cảnh báo | Bắt đối tượng truy nã trốn khỏi nơi giam giữ sau gần 30 năm"
evt_e833d4a6eab9,2,vietnamnet.vn,1,,3beebd1c3c56f610; a4e287ae829fb836,Đại tá Trương Văn Hồng làm Phó Cục trưởng Cảnh sát điều tra tội phạm về ma túy | Đại tá Dương Văn Thoan phụ trách Công an TP Huế
evt_51d33fae964b,2,dantri.com.vn; vnexpress.net,2,fam_synd_51d33fae964b,3d50a3291203a9b6; 901b56cfd51a5f2a,"Tổng Bí thư, Chủ tịch nước lên đường công du Mỹ, Canada | Tổng Bí thư, Chủ tịch nước Tô Lâm lên đường công du Mỹ, Canada"
evt_b0c7cf622074,2,vietnamnet.vn,1,,3dd714ccc655fdb4; a3104f7ca68401c1,Vụ 4 tiếp viên xách ma túy: Chi Dân bị đề nghị 7-8 năm tù | Giết người vì bị ngăn cản việc dẫn con nhỏ đi ăn xin
evt_457d1508c42c,7,dantri.com.vn; thanhnien.vn; vietnamnet.vn,3,,3f4c7247c25ead5c; 43137f9cad571336; 7f765b1c00e1c76d; 996a32c1e9042555; c295ecb76bd51804; d2be981377e9a08b; d83babf2bd5552a3,"4 tỉnh và toàn Nam Bộ mưa rất to, miền Bắc tạnh ráo đến khi nào? | Miền Bắc nắng đẹp trở lại, tâm mưa lớn dồn về Nghệ An - Huế và Nam Bộ | Nam Trung Bộ và Nam Bộ có thể mưa to lên đến 400mm những ngày tới | 12 tỉnh, thành ở Nam bộ và Nam Trung bộ ứng phó đợt mưa lớn 400 mm | Điểm tên vùng tâm mưa lớn dồn dập ở miền Trung, Bắc Bộ sắp mưa to trở lại"
evt_85949b694833,2,vietnamnet.vn,1,,3fa64a668b93343c; 9aec7a4463dc0461,Phát hiện 2 anh em ruột tử vong trong vườn dừa | Tin tức Thời sự 6/9: Phát hiện 2 anh em ruột tử vong trong vườn dừa ở Đồng Tháp
evt_56d5f5aa099b,3,vietnamnet.vn,1,,0d0b51e13e8ad563; 41e780afca098fea; c4cac730d9408e55,"Xưởng gỗ ở Bắc Ninh cháy liên tục trong nhiều giờ | Nổ lò gió nóng tại Formosa Hà Tĩnh, cột khói đen bốc cao | Xưởng nệm ở TPHCM cháy lớn giữa trưa, cột khói đen cao hàng chục mét"
evt_ab387476db05,2,dantri.com.vn; vietnamnet.vn,2,,42caf6bab95517f0; 5cb0b4a9687da73c,Hình ảnh người dân tấp nập đổ về các khu vui chơi ở Hà Nội dịp nghỉ lễ 2/9 | Dòng người đổ về Mù Cang Chải ngắm mùa lúa chín
evt_424f7456e4a7,3,vietnamnet.vn,1,,02531e5c77f9ab8f; 44d5b4d35e99e94b; 7dad22c480371e40,"Lật xuồng trên sông, hai người đàn ông mất tích, tìm thấy thi thể một người | Vụ lật thuyền, 3 người mất tích: Tìm thấy thi thể người đàn ông | Tìm thấy 2 thi thể thuyền viên trong vụ chìm tàu Nghi Quân 19"
evt_216c64e4ab8e,2,vietnamnet.vn,1,,4598d0d101b401e2; f9fff888d30b9623,"Sắc đỏ phủ kín phố phường, người dân rộn ràng đón Quốc khánh 2/9 | Người dân ở Thủ đô hòa mình trong sắc đỏ mừng Quốc khánh 2/9"
evt_8cbd3ae010a3,2,vietnamnet.vn,1,,45f4fe952b8b3ad9; ca657e25ca4ff2ec,"Ô tô bất ngờ tông 5 xe máy trước quán nhậu, người dân giận dữ chặn đầu phương tiện | Ô tô Mercedes tông liên hoàn 3 xe máy dừng đèn đỏ, kéo lê 10m ở TPHCM"
evt_500ebbb911fb,2,vietnamnet.vn,1,,47e649fe8fda5ee4; dc61382ee8ee203d,"Biển Đông có thể xuất hiện 2-3 cơn bão hoặc áp thấp nhiệt đới, 1 cơn đổ bộ đất liền | Hà Nội và loạt tỉnh thành miền Bắc mưa lớn, Biển Đông có thể xuất hiện bão"
evt_c1d4835ca83c,2,vietnamnet.vn,1,,3e0c3eed6778709b; 489e81f538a34196,"TPHCM và Nam Bộ sớm hết mùa mưa, nắng nóng có thể khốc liệt khi El Nino đạt đỉnh | El Nino đạt ngưỡng rất mạnh, mùa đông miền Bắc có gì bất thường?"
evt_89425a9a4d44,6,vietnamnet.vn,1,,0ed8092d9b970917; 4a39a2f2ba4e15a9; af46d511d41df674; d28cfb8f44ccc628; dd90d55fbca8ff38; ec488781bcc0932e,"Dự báo thời tiết 13/9/2026: Trung Bộ tiếp diễn mưa lớn, Hà Nội cục bộ mưa rất to | Dự báo thời tiết 14/9/2026: Miền Bắc mưa lớn dồn dập, Hà Nội giảm nhiệt mạnh | Dự báo thời tiết 10/9/2026: Không khí lạnh tràn về, miền Bắc và Trung Bộ mưa lớn | Dự báo thời tiết 11/9/2026: Miền Bắc còn mưa rải rác, Trung Bộ và Nam Bộ mưa lớn | Dự báo thời tiết 17/9: Miền Bắc đến Nghệ An tiếp tục mưa lớn tầm tã"
evt_c5afb9d00f0a,4,dantri.com.vn; tuoitre.vn; vietnamnet.vn,3,,06b191cc24094101; 3f7db849b7502ef8; 4b2dfbbbd309d4b4; a309b88d087b50a6,"Tài xế ô tô khách vi phạm nồng độ cồn &apos;kịch khung&apos;, cùng chủ xe bị phạt 70 triệu | Từ tin báo đến Cục trưởng CSGT, tài xế và chủ ô tô khách bị phạt 174 triệu đồng | Tài xế ô tô tải ở Hải Phòng bị phạt vì lái xe quá thời gian quy định | Người dân báo Cục trưởng CSGT xe chở gấp đôi số người, tài xế và chủ xe bị phạt 174 triệu"
evt_afbc73f2fd07,2,vietnamnet.vn,1,,4b9e5f14f34a1f66; b98c633e36801d7b,Tiếp nhận 110 công dân Việt Nam không được Hoa Kỳ cho cư trú về nước | Công an TPHCM tiếp nhận 42 công dân bị Hoa Kỳ trục xuất
evt_b315d97003a0,3,dantri.com.vn; thanhnien.vn; tuoitre.vn,3,,165d755705161be2; 4bd7199e2d501316; d87e96ab383ae8c1,"Houthi tấn công thủ đô Riyadh của Ả rập Xê út, xung đột leo thang | Căng thẳng Saudi Arabia - Houthi: Chuyện người thái tử MBS | Houthi lần đầu tấn công thủ đô Ả Rập Xê Út"
evt_bfb74b79b452,4,vietnamnet.vn,1,,08cca06b896fa7c9; 4d43500277996e1e; bb184ea6e58339a2; c395f40971b8c204,"Miền Bắc đón không khí lạnh đầu mùa sớm, Biển Đông 40% khả năng có bão | Không khí lạnh đầu mùa áp sát khiến miền Bắc mưa giông, Biển Đông có thể có bão | Không khí lạnh đầu mùa sắp tràn về, miền Bắc có nơi dưới 19 độ | Vùng áp thấp trên Biển Đông khó lường, miền Trung đối mặt mưa lớn dữ dội"
evt_25d1a4c04596,2,vietnamnet.vn,1,,4e392dfe9b0fedab; fca8ae71dcc32cf9,"Bé gái khoảng 2 tuổi đi lạc ở Ninh Bình, liên tục gọi tìm người thân | Nguyên nhân vụ bé gái 11 tháng tuổi mất tích, bất ngờ địa điểm phát hiện"
evt_30ba4a77a1e9,2,vietnamnet.vn,1,,4e7c99b90486a8f1; e33ac0ce51bd81ef,Đối tượng buôn ma túy chống trả quyết liệt khi bị cảnh sát vây bắt | Bắt giữ nhóm người nước ngoài dàn cảnh trộm vàng sau 1 giờ gây án
evt_ac22e12c0bde,3,thanhnien.vn; tuoitre.vn; vnexpress.net,3,fam_synd_ac22e12c0bde,4facf45191f15bc6; 7829458e2a9c9cd9; 8439ac65384cb713,Năm 2027 chưa thí điểm thi tốt nghiệp THPT trên máy tính | Chưa thí điểm thi tốt nghiệp THPT trên máy tính năm 2027 | Chưa thí điểm thi tốt nghiệp THPT trên máy tính vào 2027
evt_3c4346c82d1c,3,vietnamnet.vn,1,,51691cd9878d4d70; ec46f8fb98729e71; feb8eb266236137e,"Vành đai 3 trên cao Hà Nội: Có nên bỏ làn khẩn cấp theo đoạn, theo giờ? | Vành đai 3 Hà Nội bỏ làn khẩn cấp: Thêm một làn xe, rủi ro khó lường? | Cục CSGT đề xuất bỏ làn dừng khẩn cấp ở Vành đai 3 trên cao Hà Nội"
evt_b07c5ab816f9,2,dantri.com.vn; vnexpress.net,2,,52da09d60f89b622; b6bd91686d0a8d41,"Bức Tường và RHYDER lần đầu song ca ""Tâm hồn của đá"", khán giả phấn khích | Bức Tường lần đầu kết hợp Rhyder"
evt_f600c2198943,2,vietnamnet.vn,1,,56774872e89e6acb; 9875d387124ff8cf,"Công an phát hiện flycam bay trái phép cách sân bay Nội Bài 4,5km | Tin tức Thời sự 31/8: Công an phát hiện flycam bay trái phép gần sân bay Nội Bài"
evt_228be3da2880,4,vietnamnet.vn,1,,17482d7dfc669f6e; 5a17ee333a6e808b; a908fcddbcdab7f9; f9190ed3d130dd7f,"Hiện trạng 9,6km Quốc lộ 1 TPHCM trước cuộc &apos;đại phẫu&apos;, mở rộng lên 10-12 làn xe | TPHCM làm 3,75km Quốc lộ 13 trên cao trong dự án 21.000 tỷ đồng | Cao tốc hơn 36.000 tỷ đồng &apos;nằm chờ&apos; mặt bằng ở cửa ngõ TPHCM | Hiện trạng đường chưa đầy 2km được đầu tư 4.592 tỷ đồng để xoá ‘nút thắt cổ chai’"
evt_b964cb170796,2,vietnamnet.vn,1,,5aa99aceb983efaf; f9ba8cdf4884f3a9,"Clip đà điểu &apos;phi&apos; trên quốc lộ ở Quảng Ninh, ô tô phải né tránh | Ô tô đi ngược chiều trên cầu Bãi Cháy vì tài xế muốn đi hát karaoke"
evt_063ea65d6c53,2,vietnamnet.vn,1,,5c864d05b9d57b16; 7df1bcf8bd615120,Công an TP Cần Thơ bắt tạm giam chủ tài khoản Facebook &apos;Tphuoc Ly&apos; | Bắt tạm giam người đàn ông bị cáo buộc lợi dụng quyền tự do dân chủ
evt_2ab2280aa657,3,dantri.com.vn; tuoitre.vn; vietnamnet.vn,3,,0e70e48c287f0c3f; 19c08bd445e0fb81; 5ddbb62d6f0330cc,"Clip nhóm người hóa trang ‘thầy trò Đường Tăng’ cưỡi ngựa, đi bộ trên làn ô tô | Xác minh clip ""thầy trò Đường Tăng"" cưỡi ngựa vào làn ô tô ở TPHCM | Xác minh clip '4 thầy trò Đường Tăng' cưỡi ngựa, đi bộ vào làn ô tô đường Phan Văn Khải"
evt_63d27e561781,7,vietnamnet.vn,1,,24119494d56c9146; 5a96f4543a3b3ce4; 5dfbb6531e3771ec; 6e5c7bee7c4ec33e; 80c661f4a4349ace; 81adb739461cef37; 973f5a875388b7a0,"Va chạm ô tô khách 34 chỗ, xe đầu kéo nằm &apos;vắt ngang&apos; trên cao tốc | Xe khách chở 33 người mất lái lật nghiêng bên đường, 1 người tử vong | Ô tô khách không giữ khoảng cách tông vào đuôi xe đầu kéo, phụ xe tử vong | Ô tô khách 16 chỗ va chạm xe đầu kéo trên quốc lộ, hai người tử vong tại chỗ | Xe bán tải tông liên tiếp ô tô và 2 xe máy, tài xế công nghệ tử vong dưới gầm xe"
evt_6c5fb453cb9f,2,vietnamnet.vn,1,,4d4dfa5e39250987; 5eb3bd00be0e313b,"Chồng cũ mang xăng châm lửa đốt vợ rồi đến công an đầu thú | Sau ly hôn vẫn ghen tuông, người đàn ông châm lửa sát hại vợ"
evt_099872f5939d,12,vietnamnet.vn,1,,1421b9f544626936; 154457b9df9850f9; 350f88cd19d9645e; 5bf734adba90fcb5; 5f87096b091b9a5c; 626bd7e2fbd96400; 9eea2da9322d6727; a777f934d54ab99b; d145b641afd09092; d8a396b954b09c4f; ec7c604b35957dd4; f57b55df8e109eb3,"Dự báo thời tiết 4/9/2026: Rìa xa bão số 5 khiến miền Bắc nắng nóng mạnh | Dự báo thời tiết 3/9/2026: Miền Bắc, Trung Bộ nắng nóng diện rộng | Dự báo thời tiết 1/9/2026: Miền Bắc nắng nóng mạnh, Biển Đông xuất hiện bão | Dự báo thời tiết 31/8/2026: Miền Bắc vẫn có nắng 35 độ, Trung Bộ mưa lớn | Dự báo thời tiết 2/9/2026: Nắng nóng khắp miền Bắc, Hà Nội có nơi trên 37 độ"
evt_2840680bbf03,2,vietnamnet.vn,1,,62e37f70068d0fa2; b8f54b7e917202e8,"Vụ nữ du khách bị vây ráp, giật dây chuyền: Đã khởi tố 21 người | Khởi tố thêm người phụ nữ trong vụ 15 du khách Ấn Độ tử vong ở Phú Quốc"
evt_4977a81b623d,2,dantri.com.vn; vietnamnet.vn,2,,63f269ef7371f482; dcb7d9a1da98e957,"Cháy nhà kho chứa vải và nhựa, cột khói cao hàng chục mét | Kho chứa vải vụn ở An Giang bốc cháy dữ dội"
evt_63da2b56d88b,2,vietnamnet.vn,1,,56a3bf3d75853b4a; 658c317be2198ac9,Vụ thi thể ở vòng xoay Phú Cường: Bắt giữ nghi phạm trộm xe máy của nạn nhân | Vụ thi thể ở vòng xoay Phú Cường: Truy tìm 2 người lấy xe máy của nạn nhân
evt_345bfc1c2ffe,11,vietnamnet.vn,1,fam_exact_c0317bfd175b,0feea08b6ada8155; 4b35046e3ad095a7; 67190b7a45109b90; 9b35c258071c4f26; 9f54e1419eed9b71; d82098c238690f97; db3de51887bec697; e085c345c9b0b7f4; e46ff5c8086409cd; e4715b06cec46154; ff75351fb53e7df4,"Biển người TPHCM &apos;đi bão&apos; xuyên đêm mừng tuyển Việt Nam chiến thắng | Phố đi bộ Nguyễn Huệ bùng nổ sau chiến thắng của tuyển Việt Nam | Người Hà Nội đổ ra đường &apos;đi bão&apos; trong mưa lớn sau chiến thắng của tuyển Việt Nam | Cổ động viên TPHCM vỡ òa, xuống đường ăn mừng chiến thắng của tuyển Việt Nam | Người hâm mộ Hà Nội đội mưa mừng tuyển Việt Nam thắng Thái Lan"
evt_da5a8670c3a0,5,vietnamnet.vn,1,,27f6d77766e6e5ee; 44b583be60b8f385; 5de115e3792bb429; 67aee08e66f4a975; c5111153a6dee4c2,"Dự báo thời tiết 24/8/2026: Bão số 4 còn trên Vịnh Bắc Bộ, 4 tỉnh thành mưa lớn | Dự báo thời tiết 25/8/2026: Bão số 4 dồn mưa lớn về 3 tỉnh, miền Bắc mưa rải rác | Dự báo thời tiết 29/8/2026: Miền Bắc vẫn mưa to cục bộ, Hà Nội giảm còn 32 độ | Dự báo thời tiết 27/8/2026: Miền Bắc mưa to cục bộ, Trung Bộ nắng nóng mạnh | Dự báo thời tiết 28/8/2026: Miền Bắc mưa rải rác trước khi hứng tiếp đợt mưa lớn"
evt_26e3d95482e2,2,vietnamnet.vn,1,,690d35729c008971; f8cf5e3952babf13,"Công an vào cuộc vụ xe cứu thương thu 9,5 triệu đồng/16km ở Thanh Hóa | Vụ xe cứu thương thu 9,5 triệu đồng ở Thanh Hóa: Triệu tập 3 đối tượng"
evt_17fb4f39d300,4,vietnamnet.vn; vnexpress.net,2,,6b1c9762a9fa33a0; 70fe276a0f6aa508; 8483bd25b42f5d78; b857c0037e997a65,"Vinh hứng trận mưa kỷ lục trong hơn 40 năm, hệ thống thoát nước ứng phó ra sao? | Điểm tên nhiều khu vực mưa lớn, Vinh hứng mưa kỷ lục hơn 40 năm | Vì sao Vinh nhanh hết ngập sau trận mưa kỷ lục 399 mm? | Vinh hết ngập sau trận mưa kỷ lục"
evt_44c239c61ca9,2,vietnamnet.vn,1,,31c7a72eb0db226d; 6b935527bacbbb67,"Hình ảnh người dân xếp hàng dài mua vé tham quan di tích ở Hà Nội dịp nghỉ lễ 2/9 | Hết nghỉ lễ 2/9, nhiều người mệt mỏi vì nắng nóng trên đường trở lại Hà Nội"
evt_0bf1657c710e,2,vietnamnet.vn,1,,2c67e81a846b21bb; 6bdaa30c662c5b6d,Chiến sĩ trẻ tự nguyện nhận nghi thức phủ Quốc kỳ lên hài cốt liệt sĩ | Một ngày tìm kiếm hài cốt liệt sĩ của Đội K74 ở Công viên Lê Thị Riêng
evt_b345e4fa8db0,3,vietnamnet.vn,1,,6c203fef3b762b26; dfd8199ddf39a24e; fe8c589c23ade8a2,"Vì sao cành cây xanh tốt vẫn có thể gãy, đè chết người ở TPHCM? | Clip cây cao 4m bất ngờ bật gốc, đổ xuống nơi nhiều người chờ mua cơm | Cây tung hơn 100 tuổi bất ngờ bật gốc, lộ bộ rễ đồ sộ"
evt_37fc60f17221,8,vietnamnet.vn,1,,1247d86b4accc4e7; 3268bd2356b4e3dc; 37409e9c93a92f90; 55ff7fec078a280e; 6c17fed5d00cd405; 6c4abbe0225af31e; 8a0a6897fd25ef07; d87bb03aa0428fce,"Cháy nhà 6 tầng ở Hà Nội, cảnh sát cắt thép &apos;chuồng cọp&apos; giải cứu người mắc kẹt | Vụ cháy nhà khiến mẹ chồng, con dâu tử vong: Nghi do sạc điện thoại | Cháy nhà 6 tầng ở trung tâm TPHCM, giải cứu 4 người trong một gia đình mắc kẹt | Lửa cháy dữ dội tại nhà 4 tầng ở Nha Trang, hai người bị thương | Sạc điện thoại rồi đi đám giỗ, chủ nhà trở về thấy cửa hàng cháy rụi hoàn toàn"
evt_97ddc81c93a2,2,thanhnien.vn; vietnamnet.vn,2,,6e18e814032d8796; 72fda6190769ff62,Cập nhật thảm án ở Đồng Nai: Truy tố bị can với 2 tội danh | Lời khai của nghi phạm dùng kéo sát hại người tình
evt_e3ccd7d65265,3,vietnamnet.vn,1,,22f5c4b25b759733; 55041f74e9286ffd; 711b4a8b2d8d1d1c,"Vụ gần 20 người thân kéo đến bệnh viện: Công an làm rõ việc cô gái giả mang thai | Vụ người thân kéo đến bệnh viện: Bắt khẩn cấp bố của cô gái mang thai giả | Danh tính 6 người bị khởi tố trong vụ mang thai giả, gây rối tại bệnh viện"
evt_39e1b2472240,2,vietnamnet.vn,1,,1f9b09fc51059260; 7289812c56e27cc3,Cựu Trưởng Công an Phú Quốc bị tuyên phạt 18 năm tù | Cựu Trưởng Công an Phú Quốc bị đề nghị 14-16 năm tù
evt_7ed17db54a4d,2,vietnamnet.vn,1,,5b81b3ae9e9f009e; 7480ae47406a258e,"Cao tốc 2-4 làn lộ &apos;điểm nghẽn&apos;, Bộ Xây dựng lý giải phải mở rộng sớm | Tài xế lưu ý để không bị phạt nguội trên cao tốc 6 làn Cao Bồ - Mai Sơn"
evt_7809732696d6,3,dantri.com.vn; vnexpress.net,2,,149e1bd1648b53e9; 74a88fd20d93724a; d3299e32b411603c,"Đại diện Việt Nam lọt Top 10 trước thềm Hoa hậu Hòa bình Quốc tế 2026 | Người đẹp Mỹ đăng quang Miss International Queen, đại diện Việt lọt Top 12 | Dung mạo Hoa hậu Chuyển giới Quốc tế 2026"
evt_b613c417f35d,2,vietnamnet.vn,1,,7588550bb55b4630; 8b0d843ffc8070cc,"Bất ngờ hình ảnh trạm xe buýt ĐHQG TPHCM sau một ngày &apos;nghẹt thở&apos; | Bến xe buýt tại TPHCM ‘lột xác’, hành khách phấn khởi với loạt tiện ích mới"
evt_55fdaa2dc76e,2,vietnamnet.vn,1,,7ced4bb86cc22c40; f986665637c746d7,"Khởi tố 5 người liên quan vụ đổ trái phép 33.500 tấn chất thải xây dựng ở Hà Nội | Đổ trái phép hàng trăm tấn chất thải rắn, 4 người ở TPHCM bị bắt tạm giam"
evt_892a386dba56,2,vietnamnet.vn,1,,2001f2797cc812f8; 7d9d4883bcfa9b52,"Bắt giữ thanh niên 20 tuổi chặn đường cướp tiền, hiếp dâm phụ nữ | Nhiều lần xâm hại bạn gái 13 tuổi, người đàn ông 31 tuổi bị bắt giam"
evt_c696fe7d3f52,3,vietnamnet.vn,1,,2bd510a46adbfed7; 7f0a62d5f0cc46d9; 8adf97dbd49b9b5c,"Bão số 5 đổi hướng trên Biển Đông, quay ngoặt về gần nơi hình thành | Bão số 5 Saudel di chuyển ‘kỳ dị’, đi lòng vòng trên biển nhiều ngày | Tàn dư bão Saudel mạnh lên thành áp thấp nhiệt đới, có thể thành bão số 5"
evt_b008d632f84d,11,vietnamnet.vn,1,,1b74b6601755563b; 4c5bc68dff00f212; 5f857284007b853e; 6a2d5c87c344a009; 6f4c82b498bb889e; 7fea640dec1496d7; 81db4ea99a99cdc0; 8600c4c05a7de327; c2ef9856347754b7; c654718fbc84dc98; feff47017b6011eb,"Hiện trạng con đường &apos;nát như tương&apos;, mùa mưa xuất hiện cảnh đáng lo ngại | Hầm chung cư ngập sâu 2m, khoảng 30 xe máy cùng nhiều tài sản bị nhấm chìm | Clip ô tô đi qua tạo sóng làm sập thanh chắn, nước ồ ạt tràn vào hầm chung cư | Mưa xối xả, loạt ô tô chết máy trên những tuyến đường ngập sâu | Nghệ An: Ô tô chết máy la liệt, tài xế mòn mỏi chờ cứu hộ"
evt_d0b4e672d0fc,3,vietnamnet.vn,1,,5c671d54bf58667d; 80235a2397c8f710; dc78c8ced528a864,"Vụ phát hiện đôi dép trắng và xe máy trên cầu: Tìm thấy thi thể nữ sinh 17 tuổi | Tìm thấy thi thể nữ sinh lớp 11 nhảy cầu ở Thái Nguyên | Phát hiện dép và thẻ học sinh trên cầu, nghi nữ sinh mất tích"
evt_530139d75e05,2,vietnamnet.vn,1,,80403dc30adf91ae; 994bc7ec7e68bd3c,Thời sự sáng 19/9: Tìm thấy thi thể nam sinh bị nước cuốn xuống cống ở Hà Nội | Tìm thấy thi thể nam sinh bị nước cuốn xuống cống ở Hà Nội
evt_2f83915fb55e,12,vietnamnet.vn,1,,0080899531c71e2c; 2b26c768f110dc55; 3206e00e921e4cbf; 6ecea7e93d2fef96; 7eef4668b81f4d9b; 808643c5a8b3c1d3; 9296b8610a4480c8; 99aca144ab160446; 9bbe7c39f2692e05; a366bf4dcae5b299; b0dfcd54fc4acaa3; ed8a15e7da36f351,"Cục CSGT dự kiến xử phạt ô tô đi &apos;rùa bò&apos; bám làn trái cao tốc | Cục CSGT lý giải việc xe nháy đèn, xin vượt nhưng tài xế khác &apos;làm ngơ&apos; | Cục CSGT: Phạt xe không giữ khoảng cách trên cao tốc không phải &apos;làm khó&apos; tài xế | Hình ảnh ô tô tải &apos;quyết&apos; ôm làn trái cao tốc, CSGT cảnh báo nguy cơ ùn tắc | Tin tức Thời sự 26/8: Xử phạt tài xế không giữ khoảng cách trên cao tốc từ 27/8"
evt_af003161e7c8,2,vietnamnet.vn,1,,83188eb013fa8ddb; d25133b4c6bf1a64,Tìm thấy thi thể nam thanh niên mất tích khi tắm biển ở Phú Quốc | Phát hiện thi thể nam thanh niên tại vòng xoay khu đô thị lấn biển Phú Cường
evt_6d9b683839f9,5,vietnamnet.vn,1,,6b08d8b13b8c9319; 6dcc390d5516368f; 83d9ada2235e92cf; c4235d9cbae15be8; f9a051bab922208b,"Áp thấp nhiệt đới áp sát đất liền, mưa lớn dồn dập từ Trung Bộ ra miền Bắc | Áp thấp nhiệt đới cách Đà Nẵng 230km, mưa lớn xối xả khắp miền Trung | Áp thấp nhiệt đới sắp vào Hà Tĩnh - Quảng Trị, miền Bắc mưa trên 300mm | Tin tức Thời sự 13/9: Áp thấp nhiệt đới gây mưa lớn ở Quảng Trị | Áp thấp nhiệt đới vào Quảng Trị, vùng mưa lớn dịch chuyển dần ra miền Bắc"
evt_5d2dc4cf47fb,6,vietnamnet.vn,1,,17bf67db5921e3bc; 4ad226f7fc555797; 81d3d74d8af63737; 85ddef7aaefa196a; e1b5dffddca6910e; e6d3e2b0f41c154f,"Tin tức Thời sự 16/9: Cháy nhà 4 tầng ở Hà Nội khiến 5 người tử vong | Danh tính 5 người tử vong vụ cháy nhà ở Hà Nội: Hai đôi vợ chồng và bé 6 tuổi | Vụ cháy nhà 5 người tử vong ở Tây Hồ: Chủ tịch Hà Nội yêu cầu làm rõ nguyên nhân | Vụ cháy nhà 5 người tử vong ở Hà Nội: Các nạn nhân là họ hàng | Cháy nhà 4 tầng ở Hà Nội, 5 người tử vong"
evt_b08fa6fee92e,2,vietnamnet.vn,1,,862a0ff6bd6969ec; 9bbe1256e689933d,Người phụ nữ tử vong tại nhà riêng | Phát hiện người phụ nữ tử vong tại nhà ở Lào Cai
evt_fd18ae0716fc,4,vietnamnet.vn,1,,457493f660829f8d; 79f59e4ce09d60f1; 86d461f99431ed48; aeca66e321ab83df,"Tìm thấy thi thể người đàn ông Hà Nội nhảy xuống suối cứu con | Cứu thanh niên nhảy cầu, thiếu tá quân đội bị nước cuốn mất tích cùng nạn nhân | Tìm thấy thi thể Thiếu tá Trần Văn Tùng sau nhiều giờ mất tích trên sông Trà Lý | Dầm mình trong mưa tiễn biệt Trung tá Trần Văn Tùng hy sinh khi cứu người"
evt_eb2f04549f16,3,vietnamnet.vn,1,,59a74a883861e3a3; 87dd3c07040d049f; d015c23500965a82,"Nghi UAV xuất hiện gần Cát Bi, 2 chuyến bay chuyển hướng xuống Nội Bài | Yêu cầu của Thiếu tướng Nguyễn Minh Tuấn ở nơi phát hiện 11 lượt UAV gần Nội Bài | Chi tiết 4 khu vực vùng trời dành cho hoạt động UAV tại Đà Nẵng"
evt_47657745cd7f,3,vietnamnet.vn,1,,08134b109edfe0c6; 88a7d7c9797f17bc; d05f4b924fdca108,"Hai xe đầu kéo va chạm, tài xế mắc kẹt trong cabin biến dạng | Xe tải lật, cày nát loạt hộ lan trên cao tốc Vân Phong - Nha Trang | Xe tải lật chắn ngang cao tốc, giao thông ùn tắc kéo dài"
evt_aee1f7e0cee2,3,vietnamnet.vn,1,,298533772fbd6781; 2f2afe55783ede60; 89603527aa712493,"Lời khai của 2 thanh niên trêu ghẹo cô gái, đánh bạn trai trong quán ăn | Khởi tố 2 thanh niên trêu ghẹo cô gái, đánh bạn trai trong quán ăn ở Hà Nội | Nhóm thanh niên trêu ghẹo cô gái, đánh bạn trai trong quán ăn"
evt_fcc65e47c849,2,vietnamnet.vn,1,,44330bfd0dd28ac6; 8a7dcd4a5053e2c4,Danh sách cụm làng dự kiến di dời để triển khai Trục đại lộ cảnh quan sông Hồng | Hà Nội dự kiến bố trí 265 ha đất tái định cư cho dự án sông Hồng
evt_2114c64bfaa7,5,dantri.com.vn; thanhnien.vn; tuoitre.vn,3,,209920c790472ea3; 27a4acc0bf623b29; 901a153ab8b9589b; abfc0524890edd9b; cf7fb68466fdd1b8,"Tuyển bóng chuyền nữ Việt Nam thất bại trước Trung Quốc ở tứ kết Asiad 20 | Đội tuyển nữ Việt Nam hoàn tất các khâu chuẩn bị cho trận đấu với Thái Lan | Dự đoán tỷ số đội tuyển nữ Việt Nam thắng Thái Lan: Rượt đuổi kịch tính, Bích Thùy lập công | Thua Hồng Kông, bóng ném nữ Việt Nam còn cơ hội nào ở ASIAD 20? | Xác định giờ thi đấu mới nhất đội tuyển nữ Việt Nam - Thái Lan: Nhiều kênh phát trực tiếp"
evt_956525501c7a,2,vietnamnet.vn,1,,11e17668cb543c60; 930a58f482489131,"Cô giáo trẻ té ngã trên đường, bị ô tô tông dẫn tới tử vong | Người tập lái ô tô tông đuôi xe tải, thầy giáo tử vong"
evt_ad44bab6952f,5,vietnamnet.vn,1,,0364b2b7c9430a02; 52f742317b5a08df; 742b33e574c2d6d3; 94d716c723e5e804; 9b49c6db13781667,"Hình ảnh nhiều nơi ở Bắc Ninh, Hải Phòng ngập sâu, bị chia cắt | Bão số 4 Narra: Bạch Long Vĩ gió giật cấp 11, lũ nhiều sông vượt báo động 3 | Bão số 4 trên vùng biển Quảng Ninh - Hải Phòng, miền Bắc đối mặt mưa lớn kéo dài | Bão số 4 cách Quảng Ninh, Hải Phòng hơn 100km, vẫn đi kiểu &apos;nhúc nhích&apos; | Bão số 4 gây mưa lớn, ngập lụt: Lạng Sơn, Bắc Ninh xuyên đêm di dời dân"
evt_a180b75cc441,2,vietnamnet.vn,1,,229e6a3ddb48f8cc; 951fa0f137c57831,Tìm thấy túi da chứa 144 triệu đồng cạnh xương người trong ô tô dưới kênh | Giám đốc Công an chỉ đạo điều tra vụ phát hiện xương người trong ô tô dưới kênh
evt_16549f4bb0df,2,vietnamnet.vn,1,,95277bed77dd8f70; 95b96834ba7fc161,"Hà Nội tính &apos;xoá&apos; ngập úng bằng hồ điều hòa, bể ngầm trữ nước mưa | Vượt mương giữa lũ xiết, hỗ trợ sản phụ sinh con tại nhà"
evt_7e4f1ca533cf,2,vietnamnet.vn,1,,2ea9f9c7486cefbe; 960514d99dc45115,"Bé trai sơ sinh bị bỏ rơi trước cửa nhà dân, mẹ để thư nói đang bế tắc | Bé gái sơ sinh bị bỏ rơi trước nhà dân, kèm lời nhắn &apos;mẹ là sinh viên lầm lỡ&apos;"
evt_63c491abfb0f,3,vietnamnet.vn,1,,39579b0717bdf1f5; 960e9db39c4b6636; dce041ff420031d3,"Bộ đội đào 900m³ đất, phát hiện thêm 26 hài cốt liệt sĩ ở công viên Lê Thị Riêng | Tìm thấy thêm 24 hài cốt liệt sĩ cùng khăn, chai dầu gió ở công viên Lê Thị Riêng | 60 ngày &apos;vượt nắng thắng mưa&apos; tìm 455 hài cốt liệt sĩ ở công viên Lê Thị Riêng"
evt_12ced6277920,2,vietnamnet.vn,1,,7254e656555b6f1c; 96e55f86c0b7ed4a,"Danh tính 2 tài xế đánh nhau náo loạn bến xe ở TPHCM | Hai ô tô lạng lách, rượt đuổi nhau trên đường ở Hà Nội"
evt_3120204f8662,2,vietnamnet.vn,1,,96f0d49bf2f8b124; e95ba798d9b0911f,"Nhận lương &apos;cực tốt&apos;, nhiều người chọn nghỉ lễ Quốc khánh 2/9 muộn | Làm bù một ngày, người lao động nghỉ 5 ngày liên tiếp dịp Quốc khánh 2/9"
evt_2d38a6b64ef6,3,dantri.com.vn; tuoitre.vn,2,,64d8dbb702fa4e37; 6a843fbb0073a1c5; 976b86483e774e9d,"Kỳ vọng Việt Nam và Mỹ sẽ tăng cường hợp tác trên các lĩnh vực cốt lõi | Việt Nam trở thành đối tác thương mại lớn thứ 5 của Mỹ | Nhu cầu Việt Nam, thế mạnh Mỹ: Điểm chạm của hợp tác"
evt_b21ef48ed1b6,2,vietnamnet.vn,1,,97925c0a58be9596; cf7b8c11065e9626,"Cận cảnh dự án 1.800 tỷ đồng, Chủ tịch tỉnh giao công an xác minh tài chính nhà thầu | Giao công an xác minh tài chính nhà thầu dự án bệnh viện 1.800 tỷ đồng"
evt_f4394cf1cefa,3,vietnamnet.vn,1,,6307a0e2023e71f8; 983f13c8b15da342; e81f4ff1cbfa8f6a,"Xuồng chở 6 người va chạm tàu cá, một người đàn ông mất tích rồi tử vong | Tàu chở 10 người bị lật gần đảo Phú Quý | Tàu cá chở 10 người lật gần đảo Phú Quý: Tìm thấy thi thể thuyền viên mắc kẹt"
evt_3ced226b507c,2,vietnamnet.vn,1,,4c07bc3700c3e387; 987526c271d30c86,"Từ ngày mai, TPHCM phân luồng giao thông, cấm xe loạt đường trung tâm | Cửa ngõ TPHCM ùn tắc kéo dài vì công trường thi công ga ngầm metro"
evt_008ac60e090d,2,vietnamnet.vn,1,,9672828747d46533; 9a561cacdef9b175,"TPHCM khởi công loạt siêu dự án dịp lễ 2/9 | Hà Nội khởi công, khánh thành 17 công trình, dự án tiêu biểu dịp Quốc khánh 2/9"
evt_4a839551b264,3,vietnamnet.vn,1,,27ca85d09fe3182e; 412701934693c5f2; 9d0819063c0f2e7e,"Sạt trượt làm đứt gãy Quốc lộ 4B, tạm dừng ô tô qua Lạng Sơn | Vết nứt lớn trên sườn đồi, hàng nghìn m³ đất đá đe dọa Quốc lộ 3B | Quốc lộ 4B qua Lạng Sơn đứt gãy nghiêm trọng"
evt_a10192f1cb8c,2,vietnamnet.vn,1,,035119a8a6d01834; 9d2f226d6e08a84a,"Khởi tố 19 đối tượng tại phòng khám Phượng Đỏ ở Hải Phòng | Làm sai lệch hàng loạt bệnh án tâm thần, hai cựu viện trưởng lĩnh án"
evt_dfd71c3debed,2,vietnamnet.vn,1,,9d93692333636b0a; fae31349b266c827,"Trở thành kẻ lừa đảo vì mở 30 tài khoản ngân hàng mang sang Campuchia cho thuê | Mua bán 6.000 thông tin tài khoản ngân hàng, chuyển cho nhóm tội phạm ở Campuchia"
evt_efe6ad6d093a,6,dantri.com.vn; thanhnien.vn; vietnamnet.vn,3,,44e9c6dc680f526d; 6e19ee0c21a226c5; 9e18401228c97fa9; bff96ba6e07d624f; c361de2efa420eb3; f087e321087fbbac,"Đà Nẵng tìm thông tin liên quan liệt sĩ Nguyễn Toàn Quyền hy sinh 27/11/1972 | TPHCM tìm nhân chứng về nơi chôn cất hơn 100 liệt sĩ trận Tết Mậu Thân 1968 | TPHCM tìm nhân chứng về nơi chôn cất hơn 100 liệt sĩ Mậu Thân 1968 ở Gò Vấp | Từ lời kể của lái xe, xác minh vị trí nghi là nơi chôn 25 liệt sĩ | Tìm nhân chứng về nơi chôn cất liệt sĩ Mậu Thân 1968 ở Gò Vấp"
evt_ee84042b9934,2,vietnamnet.vn,1,,63bdb44c718460d1; a344bd701893a722,"Nam sinh viên tố bị người đàn ông đi ô tô đấm, tát khi trú mưa ở Hà Nội | Đập phá ô tô đỗ gần nhà, người đàn ông ở Hà Nội nhận kết đắng"
evt_382f4201ca74,2,vietnamnet.vn,1,,2f86eb617d8a61fb; a4c8d0155e6be40b,"Tạm giữ người đàn ông đánh người đi đường ở Hà Nội | Sau nhậu &apos;tăng hai&apos;, người đàn ông dùng chậu bê tông đập bạn nhậu hôn mê"
evt_9293561488be,4,vietnamnet.vn,1,,311dd16bb342454c; 616805c5d482602f; 6603b112429240a7; a5950dda08a3189a,"Nam sinh 15 tuổi ở Hà Nội mất liên lạc, mẹ nhắn nhủ: &apos;Con ở đâu, hãy sớm về nhà&apos; | Nam sinh Hà Nội mất tích 9 ngày, cái kết đầy bất ngờ | Nữ sinh lớp 12 ở Hà Nội rời nhà nhiều ngày chưa trở về | Nam sinh năm 4 ở Hà Nội mất liên lạc 3 ngày, mẹ mong con trở về"
evt_d89c79a8de96,4,vietnamnet.vn,1,,561781d29551b774; a5b0950ae055d681; a830ebf8c1b06402; f58bf3bb14409611,"Sau cuộc nhậu, người đàn ông bị đâm tử vong | Em rể bị đánh tử vong do thường xuyên ức hiếp anh vợ | Chém người thân nhiều nhát vào cổ sau cuộc nhậu tại An Giang | Tuyên án tử hình kẻ đâm tử vong Trung tá Nguyễn Đông Cánh"
evt_27f6d866b44c,2,vietnamnet.vn,1,,903170a095d94ecd; a62d081aa9c33422,"Dự kiến 125.000 khách qua sân bay Nội Bài vào ngày cao điểm nghỉ lễ 2/9 | Phục vụ 13 vạn khách mỗi ngày dịp 2/9, sân bay Tân Sơn Nhất siết chặt an ninh"
evt_780d06a645bd,3,vietnamnet.vn,1,,4487992284b8d466; a6be59da59fee088; ad58a261e215e6d9,"Tai nạn giữa ô tô tải và xe máy, 3 người tử vong tại chỗ | Hiện trường vụ tai nạn ba người tử vong, ba lô trẻ em dưới gầm xe tải | Tin tức Thời sự 8/9: Tai nạn giữa ô tô tải và xe máy, 3 người tử vong tại chỗ"
evt_11157394dbac,2,vietnamnet.vn,1,,798e66544a2490be; a6ce1baf0e77e085,"Người đàn ông dùng dao đâm chết hàng xóm, hoảng loạn lái xe đi lang thang | Lời khai của nghi phạm đâm vợ tử vong ở TP Cần Thơ"
evt_43ad682d54c5,3,vietnamnet.vn; vnexpress.net,2,,a7e8e124546dd2fd; b86b60c69ce75fce; e095bf0523c655cb,Chủ tịch Hà Nội yêu cầu làm rõ trách nhiệm liên quan vụ nam sinh ngã xuống cống tử vong | Hà Nội yêu cầu làm rõ trách nhiệm vụ nam sinh ngã xuống cống tử vong | Chủ tịch Hà Nội chỉ đạo làm rõ vụ nhà xưởng &apos;mọc&apos; sát hành lang thoát lũ sông Nhuệ
evt_ccd64ea88200,2,vietnamnet.vn,1,,79c2400d01ff1296; a88c607db2d26ceb,"Xe dồn về Hà Nội, CSGT cho ô tô đi vào làn ngược chiều trên cao tốc | Ùn tắc, CSGT có thể cho ô tô đi ngược chiều cao tốc Pháp Vân - Cao Bồ"
evt_46ea8d7a93cd,2,vietnamnet.vn,1,,444c4712357f08bd; a9bef5f92d41125c,"Làm giả hồ sơ vay mua ô tô, lừa ngân hàng | Mua bán hàng nghìn tài khoản ngân hàng, lừa nhau bằng chiêu ‘chạy án’"
evt_8bfa5131328a,2,vietnamnet.vn,1,,ac759924d128ff12; f79891b9e18c62a4,"Biển Đông có thể đón 1-2 cơn bão và áp thấp nhiệt đới, có cơn ảnh hưởng đất liền | Nửa đầu mùa bão 2026: Bão đổi hướng, lòng vòng đến &apos;hồi sinh&apos; trên Biển Đông"
evt_a9b3b8aa234d,2,vietnamnet.vn,1,,af0f888d2982f4f5; d26484a9375580e5,"Ô tô gắn 2 biển số khác nhau chạy trên đường ở Hà Nội | Loạt tài xế ở Hà Nội bị phạt ngày đầu CSGT tổng kiểm soát xe khách, ô tô tải toàn quốc"
evt_3f94c72da565,2,vietnamnet.vn,1,,176ee1d2c61b34ac; af7dce03c5a47f89,"Người đàn ông khai về 2 tháng sống trong &apos;địa ngục trần gian&apos; ở Campuchia | Gã đàn ông có 4 tiền án, mua 6,6kg ma túy cất giấu tại nhà"
evt_f3f341921b67,2,tuoitre.vn; vietnamnet.vn,2,,1dbe7ba177de09dc; b068677da0701061,"Quảng Trị hoàn thành lấy mẫu sinh phẩm tại 22.864 phần mộ liệt sĩ | Đà Nẵng hoàn thành lấy mẫu ADN gần 26.000 mộ liệt sĩ, lớn nhất cả nước"
evt_4929ec1864be,2,vietnamnet.vn,1,,53e406c1cfecb07d; b3703801b71cef60,"Án mạng ở Đồng Nai, 3 người trong một gia đình tử vong | Tin tức Thời sự 3/9: Án mạng khiến 3 người trong một gia đình tử vong"
evt_d5f6d2f7e89b,9,vietnamnet.vn,1,,6b222f705488b4ba; 71be35ef07b05886; 78cb5df20f89e68f; 7d254a841f2c5c41; 7d75730c709be405; 8b26e66b9f645a84; b38e30766954b011; ce6a56a570b5c07c; dc116c4ddadfebd1,"Bão số 4 Narra cách Hải Phòng 145km, liên tục ‘nhúc nhích’ đổi hướng | Bão số 4 Narra cách Quảng Ninh - Hải Phòng hơn 100km, mưa lớn ở đâu? | Bão số 4 Narra đang di chuyển ra phía ngoài, tiếp tục xoay hướng | Bão số 4 tên quốc tế Narra, có thể &apos;ở lì&apos; trên Vịnh Bắc Bộ 4 ngày | Bão số 4 Narra mạnh lên, tiếp tục đổi hướng, mưa lớn nhiều nơi"
evt_88b8ba709e73,2,vietnamnet.vn,1,,91760718674ae41e; b413e081d6449d97,"Những căn nhà cuối cùng nhường đất mở rộng đường huyết mạch phía Đông TPHCM | Xã ở Hà Nội gấp rút giải phóng mặt bằng QL1A, gần 600 hộ ảnh hưởng"
evt_fe51f3bc5eaf,2,vietnamnet.vn,1,,5f94c1a57a290f6c; b52554bdecf06ae8,"Tin tức Thời sự 23/8: Bão số 4 Narra mạnh lên, cháy căn hộ chung cư TPHCM | Tin thời sự 22/8: Khởi tố TikToker Phạm Tuấn, bão số 4 gây mưa lớn diện rộng"
evt_9ca07e2f18ae,3,dantri.com.vn; thanhnien.vn,2,,574ae2ac3d52085d; b52ed55d564bcce6; b70bc61a20695ec1,"Phó Thủ tướng giao nhiệm vụ phát triển Bệnh viện Đại học Quốc tế Hồng Bàng | Trường ĐH tư thục đầu tiên tại TP.HCM khánh thành bệnh viện thực hành cho sinh viên | Bệnh viện Đại học Quốc tế Hồng Bàng khánh thành, vận hành theo mô hình viện - trường"
evt_df2c88d7cb17,2,dantri.com.vn; thanhnien.vn,2,,19ad4f1a8c075722; b7606da6955d6679,Bệnh viện Nhân Dân 115 sẽ triển khai cơ sở 2 tại đặc khu Côn Đảo | Sáp nhập Trung tâm y tế Quân dân y Côn Đảo vào Bệnh viện Nhân dân 115
evt_89a97469dcca,2,vietnamnet.vn,1,,a13a4639ad6f1823; b8d96fc90dee31b7,"Chuyển nhầm 340 triệu, nhận lại tiền sau 3 giờ | Người phụ nữ ở Quảng Trị trả lại gần 1 tỷ đồng cho người chuyển khoản nhầm"
evt_f5d01859f998,2,vietnamnet.vn,1,,af78eb23e5075dea; b9c4e98aff128330,Kết luận điều tra hé lộ nhiều tình tiết vụ giết 3 người ở Đồng Nai | Đối tượng sát hại 3 người ở Đồng Nai khai định ra tay với người yêu tại rừng tràm
evt_d7f6aabc3537,2,vietnamnet.vn,1,,5049b27dcbb88cc2; ba4f4dbe55912d7b,Bộ đội mặc áo ‘điều hòa’ tìm thêm 28 hài cốt liệt sĩ ở công viên Lê Thị Riêng | Phát hiện 28 vị trí mộ liệt sĩ tại đồi Đá Vôi
evt_4a74863409ae,2,vietnamnet.vn,1,,1b2c64a0cd5ddf0a; ba72349270a695cd,"Khởi tố Nguyễn Văn Năm, cựu Phó viện trưởng thuộc Trường Đại học Trưng Vương | Nữ cựu cán bộ trường đại học ‘đào tạo chui’ 27 sinh viên, thu tiền tỷ"
evt_75fa627d215e,4,vietnamnet.vn,1,,3229d31b87fdfc1c; a1af19822fb9e7c0; baaeabf94c7dced7; e0a6fe426a706a37,"Pháo hoa rực rỡ thắp sáng bầu trời Hà Nội, TPHCM mừng Quốc khánh | Ngắm pháo hoa rực sáng trên bầu trời TPHCM mừng Quốc khánh 2/9 | Cận cảnh trận địa pháo hoa Thủ Thiêm trước giờ khai hỏa mừng Quốc khánh 2/9 | Hà Nội bắn pháo hoa tại 5 điểm tối Quốc khánh 2/9"
evt_c80322d8f699,2,vietnamnet.vn,1,,1269adc943bdf7a9; bb2df7f27ea3f954,"Cưa cây ven đường, cây đổ khiến người đi xe máy tử vong | TPHCM: Cây lớn bất ngờ đổ ập xuống xe buýt và xe máy, một người đàn ông tử vong"
evt_05122c9e90b3,2,vietnamnet.vn,1,,bbb414d7bf99ba3c; db6743beb12a159e,Vụ xe khách chở 34 người lật nghiêng: Tạm giữ tài xế | Bắt tạm giam tài xế trong vụ lật xe khách làm 4 người tử vong ở Gia Lai
evt_dc1b0a86c822,2,vietnamnet.vn,1,,bbf2804133aefd8a; fd43f905459dccfd,"Cảnh nghìn sinh viên vây kín trạm xe buýt TPHCM, cửa vừa mở đã phải lùi lại | Cảnh tượng xe buýt ở TPHCM quá tải, sinh viên đành chọn xe ôm đến trường"
evt_6e174eb770ac,3,vietnamnet.vn,1,,8b8fff6e64adb4fa; bc64edae8d0ca0ee; cc0f852bd272563f,"Sau vụ sạt lở đất khiến 3 người tử vong, Phú Thọ yêu cầu khẩn cấp di dời dân | Sạt lở đất vùi lấp một gia đình, 3 người tử vong | Hiện trường vụ sạt lở khiến 3 người trong một gia đình tử vong ở Phú Thọ"
evt_674351b0063a,2,vietnamnet.vn,1,,65c981718550e54d; bc8324070b3d47a2,Tạm giữ kẻ bị tố hiếp dâm bé gái dưới 13 tuổi trong khách sạn | Khởi tố người đàn ông dâm ô hai bé gái ở Hưng Yên
evt_75e9c981a3fe,5,vietnamnet.vn,1,,480dc93210c62546; a0fc29189d8992b2; b1c23b7c33762c86; c07bbe592ef062b1; c9c7bc2aaa19cf68,Cơ quan An ninh điều tra Bộ Công an đề nghị truy tố vắng mặt Nguyễn Công Minh | &apos;Cô giáo Hương&apos; và chồng bị khởi tố | Khởi tố cựu Chủ tịch HĐTV EVNNPT Đặng Phan Tường | Truy nã cựu CEO Box Việt Nam về tội xâm phạm bản quyền | Nữ giám đốc ở Tuyên Quang bị khám xét khẩn cấp nơi ở
evt_bdfe876ce7b2,3,vietnamnet.vn,1,,1ed11bfebcfafd0b; 37d7dd2165a5ac82; c395782e311310a2,"TPHCM chi hơn 9.200 tỷ đồng nạo vét, chỉnh trang rạch Bà Lớn | Cận cảnh đường Ung Văn Khiêm trước ngày &apos;lột xác&apos; với dự án gần 4.600 tỷ đồng | Hầm chui 75 tỷ đồng ở cửa ngõ TPHCM lại ngập như &apos;bể nước&apos; sau mưa lớn"
evt_b9a29ede2993,2,vietnamnet.vn,1,,4692a791d9dddd17; c5ce884259757928,Hình ảnh đối lập ở hai cửa ngõ TPHCM ngày người dân trở lại làm việc | Cửa ngõ phía Nam Hà Nội ùn tắc từ sáng sớm ngày đầu nghỉ lễ 2/9
evt_292922e577eb,4,vietnamnet.vn,1,,225d424669d60057; 8a0dd2537c1a950a; c3197ec8b15a025e; c6170cec295ad363,"Hà Nội cần cân nhắc khi đặt các biểu tượng mới ở khu vực hồ Hoàn Kiếm | Người dân góp ý về đề xuất công trình &apos;Khải hoàn môn&apos; bên hồ Hoàn Kiếm | Công bố phối cảnh khu vực quanh hồ Hoàn Kiếm có điểm nhấn, biểu tượng | Hàng loạt công trình quanh hồ Hoàn Kiếm sẽ có sự thay đổi lớn sau quy hoạch"
evt_6d02a3a8229a,3,vietnamnet.vn,1,,ba87869bc8fea753; bfadc462de673733; ca4af24f534d8ebe,"Hà Nội mưa lớn, nhiều ‘điểm đen’ không còn ngập kéo dài | Hà Nội có 220 điểm ngập, hệ thống thoát nước mới đáp ứng 20% | Mưa bất chợt, nhiều tuyến phố Hà Nội bị ngập nước"
evt_ed82d6b78eb5,2,vietnamnet.vn,1,,cad7421c6ea31b99; ff6f5964bacae224,"Toàn cảnh bão số 4 Narra: &apos;Ở lì&apos; 5-6 ngày trên Vịnh Bắc Bộ, dị thường, hiếm gặp | Lý giải bão số 4 Narra đi lòng vòng trên Vịnh Bắc Bộ, Hà Nội ảnh hưởng ra sao?"
evt_c05a8073f16c,2,vietnamnet.vn,1,,60656a391f087d34; cf09ff1af1b17e3d,"Clip ô tô con đột ngột rời cao tốc, tài xế xe tải phanh &apos;cháy đường&apos; | Ô tô bán tải chạy 78km/h, bám sau xe tải chưa đầy 25m trên cao tốc"
evt_3598be19077a,2,dantri.com.vn; vietnamnet.vn,2,,b0c707927135fde8; cfb6f57bcffe7d47,"Giang hồ mạng Cao Ngọc Sáng ‘lộ’ vai trò từ chuyên án ma túy 150 tỷ đồng | Đi giao ma túy thuê lấy 1 triệu đồng, lĩnh 15 năm tù"
evt_430a2db1b81f,2,vietnamnet.vn,1,,598630b4a5068831; d1827474699b8cd9,"Hình ảnh người Hà Nội xem quy hoạch, góp ý chỉnh trang khu vực hồ Hoàn Kiếm | Người dân Hà Nội đổ về xem quy hoạch phân khu đô thị sông Hồng"
evt_b6ac3dc69f7c,2,vietnamnet.vn,1,,8853128349c42e8f; d371fe2c5b7a9dcd,"Cửa ngõ phía Đông TPHCM kẹt cứng, bến xe Miền Tây nhộn nhịp người về quê nghỉ lễ | Cửa ngõ phía Đông TPHCM ùn tắc 10km, tài xế sốt ruột xuống xe đứng chờ"
evt_dd74ef7dcd2c,2,vietnamnet.vn,1,,d3789510a1cc6a00; daf23f5d6b2fff30,"Ca sĩ Chi Dân lãnh 7 năm tù, Trúc Phương 6 năm vì ma túy | Tin tức Thời sự 24/8: Sạt lở đá tại Lạng Sơn, Chi Dân bị đề nghị 7-8 năm tù"
evt_a6553586fdb8,3,vietnamnet.vn,1,,417eec1e917fc42d; d54517bf2b34d0db; e3bda96b25bee076,"Từ 8 đơn trình báo của người dân, công an triệt phá đường dây lừa đảo 1.000 tỷ đồng | Triệt phá đường dây lừa đảo hơn 1.500 tỷ đồng, bắt giữ 91 đối tượng | Thưởng nóng 200 triệu đồng cho ban chuyên án phá nhóm 91 nghi phạm lừa đảo hơn 1500 tỷ"
evt_96289a3bd572,2,vietnamnet.vn,1,,1fe939ce4b55efc8; d65fae147fb0a530,Chủ tịch Công ty Hoàng Long Nghiêm Quốc Hưng nhận 5 năm tù | Cựu hiệu trưởng Cao đẳng Du lịch Hà Nội lĩnh 3 năm tù vì bớt tiền hỗ trợ sinh viên
evt_b626e3e93edf,2,dantri.com.vn,1,,3e867216c0aec283; d6fb0d0caa2cd83b,Vì sao tuyển Việt Nam không gọi 2 cầu thủ mới nhập tịch dự FIFA ASEAN Cup? | Nỗi lo lớn của đội tuyển Việt Nam trước thềm FIFA ASEAN Cup
evt_724aae310aed,2,dantri.com.vn,1,,2854b8b12e928b6b; d779c0920ebcf7d4,Dự báo mới nhất về chứng khoán Việt sau tuần Fed tăng lãi suất | Fed tăng lãi suất: Diễn biến bất ngờ của giá USD tại Việt Nam
evt_3abc51502f77,2,vietnamnet.vn,1,,6af13dfc64191c1a; d798c1e3697c80f3,"Ngày đầu nghỉ lễ Quốc khánh, 9 tài xế bị phạt lỗi không giữ khoảng cách | Ngày thứ 2 của kỳ nghỉ lễ 2/9: Hơn 14.500 trường hợp vi phạm giao thông bị xử lý"
evt_a44ffc00b430,4,vietnamnet.vn,1,,089d16461f3210f2; 496f8ce0da50a425; d20e6f864a7695e0; d7bf41f4d4073962,"Nghi phạm dọa giết gia đình bạn gái cũ trước khi gây án 3 người chết ở Đồng Nai | Lời khai của Nguyễn Đức Anh, nghi phạm sát hại 3 người trong một gia đình ở Đồng Nai | Danh tính nghi phạm gây án mạng 3 mẹ con tử vong ở Đồng Nai | Khởi tố, bắt tạm giam kẻ sát hại 3 mẹ con ở Đồng Nai"
evt_39a5e69e515b,2,vietnamnet.vn,1,,d89d5524cc588faf; faf7d4037e29e197,"Bầu trời TPHCM vẫn chìm trong sương mù bất thường, người dân lo ngại sức khỏe | Mù bất thường phủ kín TPHCM"
evt_4e8227f93428,3,vietnamnet.vn,1,,42f622ffb6e50922; ad06e0af118a325d; d92dfb6a8a882751,"Danh tính nhóm khách hành hung tài xế taxi ở Quảng Ninh | Vụ hành hung tài xế taxi ở Quảng Ninh: Khởi tố 6 người, truy tìm Nguyễn Thị Mai Trang | Tin tức Thời sự 15/9: Khởi tố 6 người vụ hành hung tài xế taxi ở Quảng Ninh"
evt_b432b767a62e,3,vietnamnet.vn,1,,3f47f56233cfca2a; d98bce1c7331e82f; e5427ffb0252e07b,"Hình hài tuyến đường ven biển 2.400 tỷ đồng ở Huế sắp về đích | Hình ảnh nút giao cửa ngõ phía Tây Đà Nẵng hơn 537 tỷ đồng đang được nâng cấp | Hà Nội công bố phương án tuyến, vị trí tuyến trục Đại lộ cảnh quan sông Hồng"
evt_43ad7a4fde5f,2,thanhnien.vn; vietnamnet.vn,2,,1802f4a1e48abd2f; d9fdd1905a3fa97a,Rác thải trôi dạt phủ kín bãi biển Sầm Sơn sau mưa lũ | 6.000 khối rác trôi dạt vào bãi biển Sầm Sơn
evt_023ad55c3e15,2,dantri.com.vn; vietnamnet.vn,2,,56006aa1175a9afd; da90ec9af429b9e1,"Tiểu thương chợ lớn nhất Nghệ An tất bật dọn bùn sau lụt | Mưa 1 tiếng, bùn nhão phủ dày khu phố dưới chân đồi ở Quảng Ninh"
evt_20567aa9eadc,3,dantri.com.vn; vietnamnet.vn,2,,0eeedbd2b904ae5c; db25b42496b22b49; ffd83b5a0b2dbe4b,"""Rốn lũ"" Hà Nội ngập sâu, học sinh vẫn lội nước, ngồi xe kéo đến trường | Hà Nội: Nước tràn vào phòng trọ, nam sinh viên nửa đêm phải thuê nhà nghỉ | ‘Nhà giàu cũng khóc’: Biệt thự triệu đô ở Hà Nội ngập giữa ‘biển nước’"
evt_8d53df349eab,2,tuoitre.vn,1,,4f42834fa5115e1f; dbf5af6352e88064,Danh ca Chí Tâm: Tài tử miệt vườn từ năm 7 tuổi | Võ Minh Lâm đến Đình Sơn Trà làm MV mừng Trung thu
evt_688b93fdbbf6,3,dantri.com.vn; thanhnien.vn,2,,a3a45a0b423bef1c; ac60fed4db43ff0d; de5ed48221bdf2b2,"Teqball giành huy chương đầu tiên cho thể thao Việt Nam ở Asiad 20 | Bảng xếp hạng huy chương ASIAD hôm nay (20.9): Trung Quốc dẫn đầu với 11 HCV, Việt Nam tốp 18 | Nhật ký Asiad 20 ngày 20/9: Việt Nam giành 2 HCĐ, Thái Lan sở hữu 3 HCV"
evt_f2c4b5f9cb72,2,vietnamnet.vn,1,,60b83670b1b5e124; df136505e267a8b0,"Nổ lớn tại xóm trọ ở Phú Thọ, 3 người hôn mê, nguy kịch | Tin tức thời sự 29/8: Cao tốc ùn ứ, nổ lớn tại xóm trọ Phú Thọ"
evt_9d235f5d70df,3,vietnamnet.vn,1,,5b5a6169e01c05e6; cb6028419866905a; df695db020f8fcb9,"Lửa bao trùm xe giường nằm trên cao tốc, nam hành khách tử vong | Xe khách giường nằm lật trên quốc lộ, 6 người nhập viện cấp cứu | Xe khách chở 19 người mất lái lật ngang xuống mương trên Quốc lộ 14"
evt_2aea24b71a72,2,vietnamnet.vn,1,,af6abc6e342f444e; e0f4a8d01346b27d,"Bão Saudel vượt 23 độ Vĩ Bắc, di chuyển ra ngoài Biển Đông | Bão Saudel ‘tái sinh’, trở thành bão số 5 trên Biển Đông"
evt_0e8889378b47,2,vietnamnet.vn,1,,7c1bba2cef84722c; e150963d93f2e104,"Đà Nẵng tìm người biết thông tin về các bức ảnh vừa phát hiện trong mộ liệt sĩ | Phát hiện bút khắc tên &apos;Ngô Học&apos;, ví da có chữ &apos;Trọng Thanh&apos; trong mộ liệt sĩ"
evt_3f5879e09e7c,3,thanhnien.vn; vietnamnet.vn,2,,153c4cf09b25bb21; 1976c22698de222d; e1eabaffd22dfbd4,"Cháy khách sạn ở TPHCM: 26 người vượt khói sống sót, 2 nạn nhân tử vong | Cháy nhà trong hẻm ở TPHCM làm 2 người tử vong, 5 người bị thương | Vụ cháy nhà ở TP.HCM: Hợp sức phá cửa, cứu 5 người trong biển lửa"
evt_c9a4265a182a,2,dantri.com.vn,1,,060a1294a4528a51; e35c0d2ae1eeceec,"Người mua chung cư có ""hạn sử dụng"" cần lưu ý gì để không bị thiệt? | Quy định rõ hạn sử dụng chung cư: Không thể hiểu hết niên hạn là mất nhà"
evt_8b92b81030bb,3,vietnamnet.vn,1,,549a6e772f4a960d; d35766b70e978c4f; e4f35989283e2d77,Mở lại phiên tòa xét xử tài xế tông tử vong nữ sinh ở Vĩnh Long | Sắp xét xử tài xế lấn làn khiến nữ sinh tử vong ở Vĩnh Long | Xét xử tài xế tông tử vong nữ sinh ở Vĩnh Long
evt_78e2ba0aa7c8,3,thanhnien.vn; vietnamnet.vn,2,,254b1ab231fa2ce2; 7129573fd6a983fa; e542ff12a0e3cedb,"Đập ngăn mặn tạm trên sông Cái Nha Trang liệu tháo dỡ kịp mùa mưa lũ? | Vỡ bờ kênh ở Thanh Hóa, nước tràn gây ảnh hưởng 700ha đồng ruộng | Nước sông dâng vượt mức báo động 3, người dân Thanh Hóa hối hả chạy lũ"
evt_a4f517394c76,3,vietnamnet.vn,1,,1e7e9a34d370cb7b; e732c608d4f37f0a; f23ac7b20f7e0fd2,"Xóa cảnh nhếch nhác, TPHCM thông xe 1,4km đường ven kênh dự án 17.000 tỷ | Diện mạo cầu Tân Thuận 1 hơn 120 năm tuổi trước khi được nâng cấp | Cận cảnh cây cầu hơn 120 năm tuổi ở TPHCM trước ngày được thay thế"
evt_00cee5b8011d,3,dantri.com.vn; tuoitre.vn,2,,294e7346eebcc502; 6c44a847b8320518; e8586e76c76afe54,"Bộ trưởng Giáo dục: ""Cộng điểm IELTS có thể gây bất công"" | Bỏ cộng điểm IELTS, học sinh giỏi: Người ""vung tiền"" chạy đua, người mong bình đẳng | Bỏ điểm cộng IELTS: Công bằng hay mất động lực học ngoại ngữ?"
evt_4800791aeded,2,vietnamnet.vn,1,,903fc6dbc146edae; e943527ee56286c6,"Tin tức Thời sự 7/9: Khách sạn ở TPHCM cháy, 2 khách thuê phòng tử vong | Cháy khách sạn ở TPHCM, 2 khách thuê phòng tử vong"
evt_a041fdcbf018,2,vietnamnet.vn,1,,14b2f4d38ff9ec0e; ea5265695613ca2c,"Phát hiện ảnh cô gái, ví da có tên Đinh Xuân Mễ tại nghĩa trang liệt sĩ | Chân dung cô gái hiện lên khi phục dựng bức ảnh hỏng nặng trong mộ liệt sĩ"
evt_29cf24a4f05a,2,vietnamnet.vn,1,,c2e6d7109818933f; eaee34a99ade6517,Hàng trăm người sập bẫy đường dây giả danh &apos;Huấn Hoa Hồng&apos; cho vay tiền | Hàng chục nghìn tỷ đồng &apos;chảy&apos; qua những tài khoản ngân hàng mờ ám
evt_8ee989024770,2,vietnamnet.vn,1,,57eb4cd8c98aad64; ec8d6f54dc35ab6a,"Nghẹn ngào tiễn đưa 3 mẹ con trong vụ án mạng ở Đồng Nai về quê nhà | Án mạng ở Đồng Nai: Chuyến thăm cháu không thành, người ông chết lặng bên 3 chiếc quan tài"
evt_e37c14f779e8,2,vietnamnet.vn,1,,534365546eb8a128; ed164b4cb848ac8e,"Người dân TPHCM ‘khổ sở’ trước cảnh mặt đường cao hơn nền nhà gần 1m | Người dân TPHCM tháo dỡ nhà, giao mặt bằng làm cầu đường Bình Tiên"
evt_fa46ed6fe90d,3,vietnamnet.vn,1,,62e87b5f5255cb1e; c6ba9ce085d2ff43; f09705ff0991ee0d,Kẻ truy sát 3 người thương vong ở TPHCM nghi do ghen tuông | Bắt nghi phạm vụ án khiến ba người thương vong ở TPHCM | Tin tức Thời sự 14/9: Kẻ truy sát khiến 3 người thương vong ở TPHCM bị bắt
evt_8e93b23742a1,2,vietnamnet.vn,1,,171de374457b2584; f3f609a73f440ec6,"Mưa lớn ở Lạng Sơn: Nước dâng gần 2m, hơn 2.600 người được sơ tán trong đêm | Lũ bủa vây hơn 420 hộ dân, cán bộ quân sự lội nước sâu 1,5m cõng người già sơ tán"
evt_675e9bffbfa3,2,vietnamnet.vn,1,,8e0fc55f0ff71ebc; f459ca6275065752,"Bão số 4 Narra: Lạng Sơn ngập sâu, nước dâng mấp mé tầng 2 | Bắc Ninh phát báo động II trên sông Lục Nam, nhiều nơi ngập sâu, sạt lở"
evt_30672116ce55,2,vietnamnet.vn,1,,493c248828ddb0a0; f5b628b39de9fb1c,Công an Phú Thọ khởi tố giám đốc liên quan vụ đổ gần 290 tấn chất thải trái phép | Thanh tra Chính phủ kiến nghị khởi tố 4 vụ việc tại Phú Minh Vina
evt_2127de5c462a,2,vietnamnet.vn,1,,dc6fde22103df392; f7545d26889672d7,Tìm thấy 13 hài cốt liệt sĩ tại nhà lao cũ ở Thành cổ Diên Khánh | Nhiều di vật trong mộ tập thể 17 liệt sĩ được người dân chôn cất 38 năm trước
evt_d37a2422800f,2,vietnamnet.vn,1,,d6fb5d659b1e4fdb; f7826999aad1e45e,"Văng qua làn ô tô, nam thanh niên bị xe container cán tử vong | TPHCM: Xe máy bị cuốn vào gầm xe tải sau va chạm, đôi nam nữ tử vong tại chỗ"
evt_52bb05d1acf4,2,vietnamnet.vn,1,,bdb543ed6fae5d9a; f8921002b1e8dac3,"Mùa nước nổi tại An Giang, liên tiếp 2 thiếu niên tử vong thương tâm | Tìm thấy thi thể thiếu niên 15 tuổi trong bụi sậy"
evt_bbd2bb9d1d33,3,vietnamnet.vn,1,,5005f59368494455; 5c393a8c317fa7d3; fa13d0a69d32a4de,"Loạt giám đốc, bác sĩ bị khởi tố, lộ &apos;mắt xích&apos; ít người ngờ tới | Một giám đốc bệnh viện ở Ninh Bình bị khởi tố | Thứ trưởng Trần Văn Thuấn và loạt giám đốc bệnh viện vướng lao lý vì đâu?"
evt_d8a1c3a6d588,2,vietnamnet.vn,1,,9c845c2b48b6e896; fae5eb9d101e0839,Hải Sapa TV bị khởi tố | Hải Sapa TV bị khởi tố: Nghịch lý từ dòng quảng bá &apos;đặc sản Tây Bắc&apos;
evt_8f1576a1bee5,2,vietnamnet.vn,1,,9609d46b99e4be7d; fd40aaae48a07994,Hà Nội điều chỉnh giao thông nút Láng Hạ - Giảng Võ - La Thành từ đêm 11/9 | Hà Nội cho xe đi vào làn BRT để giảm ùn tắc tại nút Láng Hạ - Giảng Võ
evt_30040f825a29,8,vietnamnet.vn,1,,2514d39c3a807a92; 4c48b1b42dc78fe1; 4ef9a823828d1f4a; 68772f7a8117b706; 6dc3e286b01c7cff; 83a9e0f16217ed8c; ed523ac3d2861383; fe11cff281218c4d,"Nước lũ bao vây khu dân cư, người Bắc Ninh phải dùng thuyền đi lại | Sạt lở làm sập cầu, nhiều hộ dân ở Lâm Đồng bị cô lập | Nguyên nhân ban đầu khiến hơn 400 hộ dân cạnh cao tốc ở Đồng Nai bị ngập sâu | Nước sông Buông dâng cao, khu dân cư cạnh cao tốc ở Đồng Nai ngập sâu | Mưa lũ chặn đường, cả làng chặt tre làm cầu đưa người quá cố qua suối dữ"
evt_7687a0c8c21e,2,vietnamnet.vn,1,,175ed841bc8b8d5f; ff4327dcd040d144,Phá dỡ dãy nhà xen kẹt giữa đường La Thành và Vành đai 1 ở Hà Nội | Nhà cao tầng bất ngờ đổ sập xuống đường chỉ trong ít giây
