pair_id,left_article_id,right_article_id,left_publisher,right_publisher,left_url,right_url,left_title,right_title,left_description,right_description,similarity_evidence,predicted_relation,manual_relation,duplicate_family_id,review_notes
pair_21365c6df13d,e46ff5c8086409cd,0feea08b6ada8155,vietnamnet.vn,vietnamnet.vn,https://vietnamnet.vn/tphcm-dem-khong-ngu-ruc-sac-do-mung-viet-nam-vo-dich-2549531.html,https://vietnamnet.vn/bien-nguoi-tphcm-di-bao-xuyen-dem-mung-tuyen-viet-nam-vo-dich-2549546.html,"TPHCM đêm không ngủ, rực sắc đỏ mừng Việt Nam vô địch",Biển người TPHCM &apos;đi bão&apos; xuyên đêm mừng tuyển Việt Nam vô địch,"Cờ đỏ sao vàng tung bay, tiếng hô “Việt Nam vô địch” vang lên khắp các tuyến đường TPHCM, hòa cùng niềm vui vỡ òa của người hâm mộ sau khi đội tuyển Việt Nam đăng quang ASEAN Cup 2026.","Cờ đỏ sao vàng tung bay, tiếng hô “Việt Nam vô địch” vang lên khắp các tuyến đường TPHCM, hòa cùng niềm vui vỡ òa của người hâm mộ sau khi đội tuyển Việt Nam đăng quang ASEAN Cup 2026.",same_publisher_verbatim_description,EXACT_DUPLICATE,,fam_exact_c0317bfd175b,Confirmed exact duplicate pair
pair_f6ae876abbde,8439ac65384cb713,7829458e2a9c9cd9,vnexpress.net,thanhnien.vn,https://vnexpress.net/chua-thi-diem-thi-tot-nghiep-thpt-tren-may-tinh-nam-2027-5122463.html,https://thanhnien.vn/chua-thi-diem-thi-tot-nghiep-thpt-tren-may-tinh-vao-2027-185260920134257832.htm,Chưa thí điểm thi tốt nghiệp THPT trên máy tính năm 2027,Chưa thí điểm thi tốt nghiệp THPT trên máy tính vào 2027,"Phó Thủ tướng chỉ đạo chưa thí điểm thi tốt nghiệp THPT trên máy tính vào năm 2027 như đề xuất của Bộ Giáo dục và Đào tạo, đảm bảo nguyên tắc công bằng giữa các thí sinh.",Phó thủ tướng Lê Tiến Châu yêu cầu trước mắt chưa tổ chức thí điểm thi trên máy tính đối với kỳ thi tốt nghiệp THPT năm 2027.,event_semantic_overlap_title_sim=0.95_desc_cont=0.37,SAME_EVENT_INDEPENDENT,,fam_synd_ac22e12c0bde,Borderline candidate: high similarity but independent journalistic phrasing
pair_9adc543ee2bf,351a6eda3a85fd2d,84ba3ef12ae78dd6,dantri.com.vn,vietnamnet.vn,https://dantri.com.vn/thoi-su/tau-cho-gan-175000-tan-quang-sat-gap-su-co-tren-vung-bien-quang-ngai-20260920123814494.htm,https://vietnamnet.vn/tau-cho-hon-174-000-tan-quang-sat-gap-su-co-o-vung-bien-quang-ngai-2557031.html,Tàu chở gần 175.000 tấn quặng sắt gặp sự cố trên vùng biển Quảng Ngãi,Tàu chở hơn 174.000 tấn quặng sắt gặp sự cố ở vùng biển Quảng Ngãi,(Dân trí) - Tàu chở quặng sắt từ Malaysia về cảng Dung Quất (Quảng Ngãi) gặp sự cố nghi do va phải đá ngầm. Nước tràn vào một số khoang khiến tàu nghiêng nhẹ.,Tàu Merchant Mariner chở hơn 174.000 tấn quặng sắt gặp sự cố trên đường vào cảng Dung Quất (Quảng Ngãi). Cơ quan chức năng đang theo dõi sát tình trạng tàu và yêu cầu chuẩn bị phương án cứu hộ.,event_semantic_overlap_title_sim=0.92_desc_cont=0.22,SAME_EVENT_INDEPENDENT,,,Borderline candidate: high similarity but independent journalistic phrasing
pair_3360665433bc,c361de2efa420eb3,44e9c6dc680f526d,vietnamnet.vn,thanhnien.vn,https://vietnamnet.vn/tphcm-tim-nhan-chung-ve-noi-chon-cat-hon-100-liet-si-mau-than-1968-o-go-vap-2556641.html,https://thanhnien.vn/tim-nhan-chung-ve-noi-chon-cat-liet-si-mau-than-1968-o-go-vap-185260920151302116.htm,TPHCM tìm nhân chứng về nơi chôn cất hơn 100 liệt sĩ Mậu Thân 1968 ở Gò Vấp,Tìm nhân chứng về nơi chôn cất liệt sĩ Mậu Thân 1968 ở Gò Vấp,"Bộ Tư lệnh TPHCM đang phối hợp xác minh thông tin phục vụ tìm kiếm, quy tập hài cốt hơn 100 liệt sĩ hy sinh trong Tết Mậu Thân 1968, nghi được chôn tại khu vực nay là Đài tưởng niệm liệt sĩ quận Gò Vấp (cũ).","Bộ Tư lệnh TP.HCM kêu gọi cung cấp thông tin về các trường hợp hy sinh trong Tết Mậu Thân 1968, được cho là chôn cất tại khu vực Đài tưởng niệm liệt sĩ quận Gò Vấp cũ.",event_semantic_overlap_title_sim=0.90_desc_cont=0.50,SAME_EVENT_INDEPENDENT,,,Borderline candidate: high similarity but independent journalistic phrasing
pair_cbe9153d4724,f087e321087fbbac,c361de2efa420eb3,dantri.com.vn,vietnamnet.vn,https://dantri.com.vn/thoi-su/tphcm-tim-nhan-chung-ve-noi-chon-cat-hon-100-liet-si-tran-tet-mau-than-1968-20260920170529063.htm,https://vietnamnet.vn/tphcm-tim-nhan-chung-ve-noi-chon-cat-hon-100-liet-si-mau-than-1968-o-go-vap-2556641.html,TPHCM tìm nhân chứng về nơi chôn cất hơn 100 liệt sĩ trận Tết Mậu Thân 1968,TPHCM tìm nhân chứng về nơi chôn cất hơn 100 liệt sĩ Mậu Thân 1968 ở Gò Vấp,"(Dân trí) - Bộ Tư lệnh TPHCM đang khẩn trương thu thập thông tin, tìm nhân chứng lịch sử nhằm xác minh vị trí chôn cất hơn 100 liệt sĩ hy sinh trong đợt tiến công Tết Mậu Thân 1968 tại khu vực Đài tưởng niệm liệt sĩ Gò Vấp.","Bộ Tư lệnh TPHCM đang phối hợp xác minh thông tin phục vụ tìm kiếm, quy tập hài cốt hơn 100 liệt sĩ hy sinh trong Tết Mậu Thân 1968, nghi được chôn tại khu vực nay là Đài tưởng niệm liệt sĩ quận Gò Vấp (cũ).",event_semantic_overlap_title_sim=0.89_desc_cont=0.47,SAME_EVENT_INDEPENDENT,,,Borderline candidate: high similarity but independent journalistic phrasing
pair_832bbc57eef6,67190b7a45109b90,0feea08b6ada8155,vietnamnet.vn,vietnamnet.vn,https://vietnamnet.vn/bien-nguoi-tphcm-di-bao-xuyen-dem-mung-tuyen-viet-nam-chien-thang-2548202.html,https://vietnamnet.vn/bien-nguoi-tphcm-di-bao-xuyen-dem-mung-tuyen-viet-nam-vo-dich-2549546.html,Biển người TPHCM &apos;đi bão&apos; xuyên đêm mừng tuyển Việt Nam chiến thắng,Biển người TPHCM &apos;đi bão&apos; xuyên đêm mừng tuyển Việt Nam vô địch,"Hàng nghìn người đổ về các tuyến đường trung tâm TPHCM, phất cờ, reo hò, hòa cùng tiếng còi xe sau khi tuyển Việt Nam đánh bại Thái Lan 2-0 ở chung kết lượt đi ASEAN Cup 2026.","Cờ đỏ sao vàng tung bay, tiếng hô “Việt Nam vô địch” vang lên khắp các tuyến đường TPHCM, hòa cùng niềm vui vỡ òa của người hâm mộ sau khi đội tuyển Việt Nam đăng quang ASEAN Cup 2026.",event_semantic_overlap_title_sim=0.89_desc_cont=0.21,SAME_EVENT_INDEPENDENT,,,Borderline candidate: high similarity but independent journalistic phrasing
pair_c6c5c198448a,a7e8e124546dd2fd,e095bf0523c655cb,vietnamnet.vn,vnexpress.net,https://vietnamnet.vn/chu-tich-ha-noi-yeu-cau-lam-ro-trach-nhiem-vu-nam-sinh-nga-xuong-cong-tu-vong-2557010.html,https://vnexpress.net/ha-noi-yeu-cau-lam-ro-trach-nhiem-vu-nam-sinh-nga-xuong-cong-tu-vong-5122437.html,Chủ tịch Hà Nội yêu cầu làm rõ trách nhiệm liên quan vụ nam sinh ngã xuống cống tử vong,Hà Nội yêu cầu làm rõ trách nhiệm vụ nam sinh ngã xuống cống tử vong,"UBND phường Đông Ngạc (Hà Nội) được giao xác minh phản ánh về tình trạng tuyến đường thường xuyên ngập úng, làm rõ trách nhiệm tổ chức, cá nhân liên quan vụ nam sinh Đại học Mỏ - Địa chất ngã xuống cống tử vong.","Chủ tịch UBND TP Hà Nội yêu cầu làm rõ nguyên nhân, xác định trách nhiệm và giải pháp xử lý vụ nam sinh bị ngã xuống cống tử vong tại phường Đông Ngạc.",event_semantic_overlap_title_sim=0.88_desc_cont=0.33,SAME_EVENT_INDEPENDENT,,,Borderline candidate: high similarity but independent journalistic phrasing
pair_a246050b94ac,89603527aa712493,2f2afe55783ede60,vietnamnet.vn,vietnamnet.vn,https://vietnamnet.vn/loi-khai-cua-2-thanh-nien-treu-gheo-co-gai-danh-ban-trai-trong-quan-an-2550623.html,https://vietnamnet.vn/nhom-thanh-nien-treu-gheo-co-gai-danh-ban-trai-trong-quan-an-2549897.html,"Lời khai của 2 thanh niên trêu ghẹo cô gái, đánh bạn trai trong quán ăn","Nhóm thanh niên trêu ghẹo cô gái, đánh bạn trai trong quán ăn","Đinh Xuân Đông và Đinh Văn Lương khai đã chửi bới, khiêu khích rồi dùng tay đánh nhiều lần vào vùng mặt, đầu một nam thanh niên sau khi xảy ra mâu thuẫn tại quán ăn ở Hà Nội.","Thấy cô gái không đáp lại lời trêu ghẹo, nhóm thanh niên quay sang gây gổ rồi đánh bạn trai của cô này trong quán ăn.",event_semantic_overlap_title_sim=0.88_desc_cont=0.08,SAME_EVENT_INDEPENDENT,,,Borderline candidate: high similarity but independent journalistic phrasing
pair_aca8633e5603,80403dc30adf91ae,994bc7ec7e68bd3c,vietnamnet.vn,vietnamnet.vn,https://vietnamnet.vn/thoi-su-sang-19-9-tim-thay-thi-the-nam-sinh-bi-nuoc-cuon-xuong-cong-o-ha-noi-2556535.html,https://vietnamnet.vn/tim-thay-thi-the-nam-sinh-bi-nuoc-cuon-xuong-cong-o-ha-noi-2556377.html,Thời sự sáng 19/9: Tìm thấy thi thể nam sinh bị nước cuốn xuống cống ở Hà Nội,Tìm thấy thi thể nam sinh bị nước cuốn xuống cống ở Hà Nội,"Tìm thấy thi thể nam sinh viên bị nước cuốn xuống cống ở Hà Nội; bắt khẩn cấp bố của cô gái mang thai giả trong vụ nhiều người kéo đến bệnh viện to tiếng,... là các thông tin thời sự đáng chú ý trong sáng 19/09/2026.","Một nam sinh viên bị nước cuốn xuống cống trên phố Viên, phường Đông Ngạc, TP Hà Nội. Lực lượng chức năng vừa tìm thấy thi thể nam sinh này.",event_semantic_overlap_title_sim=0.87_desc_cont=0.43,SAME_EVENT_INDEPENDENT,,,Borderline candidate: high similarity but independent journalistic phrasing
pair_6be6775bc572,5f87096b091b9a5c,1421b9f544626936,vietnamnet.vn,vietnamnet.vn,https://vietnamnet.vn/du-bao-thoi-tiet-31-8-2026-mien-bac-van-co-nang-35-do-trung-bo-mua-lon-2547685.html,https://vietnamnet.vn/du-bao-thoi-tiet-12-9-2026-mien-bac-nang-33-do-trung-bo-mua-lon-xoi-xa-2547654.html,"Dự báo thời tiết 31/8/2026: Miền Bắc vẫn có nắng 35 độ, Trung Bộ mưa lớn","Dự báo thời tiết 12/9/2026: Miền Bắc nắng 33 độ, Trung Bộ mưa lớn xối xả","Dự báo thời tiết ngày 31/8/2026, miền Bắc vẫn nắng đến 35 độ. Bắc Trung Bộ có mưa lớn, trong khi duyên hải Nam Trung Bộ có nơi nắng nóng. Cao nguyên Trung Bộ và Nam Bộ chiều tối mưa giông.","Dự báo thời tiết ngày 12/9/2026, miền Bắc chủ yếu ít mưa, ngày trời tạnh ráo và có nắng với nhiệt độ cao nhất 33 độ. Trung Bộ, cao nguyên Trung Bộ và Nam Bộ cục bộ có nơi mưa rất to.",event_semantic_overlap_title_sim=0.86_desc_cont=0.36,SAME_EVENT_INDEPENDENT,,,Borderline candidate: high similarity but independent journalistic phrasing
pair_d4b13cbfee09,2b6b4100e377f694,5fb73b242b014bcd,vietnamnet.vn,vietnamnet.vn,https://vietnamnet.vn/tin-tuc-thoi-su-2-9-tam-giu-hinh-su-4-nguoi-vu-hanh-hung-tai-xe-o-mong-cai-2551356.html,https://vietnamnet.vn/vu-hanh-hung-tai-xe-taxi-o-mong-cai-tam-giu-hinh-su-4-nguoi-2551346.html,Tin tức Thời sự 2/9: Tạm giữ hình sự 4 người vụ hành hung tài xế ở Móng Cái,Vụ hành hung tài xế taxi ở Móng Cái: Tạm giữ hình sự 4 người,"4 người bị tạm giữ hình sự liên quan vụ hành hung tài xế taxi ở Móng Cái; Thứ trưởng Bộ Y tế bị bắt tạm giam; cháy tại trường tiểu học, phát hiện một phó hiệu trưởng tử vong là những tin tức thời sự đáng chú ý ngày 2/9.","4 người liên quan vụ hành hung tài xế taxi ở phường Móng Cái 1, TP. Quảng Ninh đã bị cơ quan chức năng tạm giữ hình sự.",event_semantic_overlap_title_sim=0.86_desc_cont=0.48,SAME_EVENT_INDEPENDENT,,,Borderline candidate: high similarity but independent journalistic phrasing
pair_2964b604747b,8a3e7ce1b6019e3e,1421b9f544626936,vietnamnet.vn,vietnamnet.vn,https://vietnamnet.vn/du-bao-thoi-tiet-20-9-mien-bac-nang-34-do-trung-va-nam-bo-co-noi-mua-rat-to-2555523.html,https://vietnamnet.vn/du-bao-thoi-tiet-12-9-2026-mien-bac-nang-33-do-trung-bo-mua-lon-xoi-xa-2547654.html,"Dự báo thời tiết 20/9: Miền Bắc nắng 34 độ, Trung và Nam Bộ có nơi mưa rất to","Dự báo thời tiết 12/9/2026: Miền Bắc nắng 33 độ, Trung Bộ mưa lớn xối xả","Dự báo thời tiết ngày 20/9/2026, miền Bắc duy trì ngày nắng, Hà Nội có nơi 34 độ. Từ Nghệ An đến Đà Nẵng, duyên hải Nam Trung Bộ và cao nguyên Trung Bộ, Nam Bộ có nơi mưa to đến rất to.","Dự báo thời tiết ngày 12/9/2026, miền Bắc chủ yếu ít mưa, ngày trời tạnh ráo và có nắng với nhiệt độ cao nhất 33 độ. Trung Bộ, cao nguyên Trung Bộ và Nam Bộ cục bộ có nơi mưa rất to.",event_semantic_overlap_title_sim=0.74_desc_cont=0.38,SAME_EVENT_INDEPENDENT,,,Independent reporting of common event / topic
pair_eac1248c75cd,a237e9842f465aca,9b25811e483746e1,vietnamnet.vn,vietnamnet.vn,https://vietnamnet.vn/chay-nha-xuong-o-ha-noi-khoi-den-cuon-cuon-2549760.html,https://vietnamnet.vn/chay-day-nha-dan-ket-hop-xuong-san-xuat-o-ha-noi-khoi-den-boc-cuon-cuon-2550174.html,"Cháy nhà xưởng ở Hà Nội, khói đen cuồn cuộn","Cháy dãy nhà dân kết hợp xưởng sản xuất ở Hà Nội, khói đen bốc cuồn cuộn","Khoảng 8h07 ngày 28/8, một vụ cháy nhà xưởng đã xảy ra ở khu vực đường Biên Giang (phường Chương Mỹ, Hà Nội).","Trưa 11/9, một vụ cháy dãy nhà dân kết hợp xưởng sản xuất xảy ra tại thôn Đồng Nhân, xã An Khánh (Hà Nội).",event_semantic_overlap_title_sim=0.74_desc_cont=0.17,SAME_EVENT_INDEPENDENT,,,Independent reporting of common event / topic
pair_0fd002d9ddce,d8a396b954b09c4f,ec488781bcc0932e,vietnamnet.vn,vietnamnet.vn,https://vietnamnet.vn/du-bao-thoi-tiet-23-8-2026-mien-bac-mua-lon-don-dap-o-quang-ninh-hai-phong-2547712.html,https://vietnamnet.vn/du-bao-thoi-tiet-14-9-2026-mien-bac-mua-lon-don-dap-ha-noi-giam-nhiet-manh-2547647.html,"Dự báo thời tiết 23/8/2026: Miền Bắc tiếp tục mưa lớn, dồn dập nhất ở 4 tỉnh","Dự báo thời tiết 14/9/2026: Miền Bắc mưa lớn dồn dập, Hà Nội giảm nhiệt mạnh","Dự báo thời tiết ngày 23/8/2026, bão số 4 tiếp tục hoạt động trên vùng biển Quảng Ninh - Hải Phòng, mạnh cấp 8, giật cấp 10; gây mưa lớn ở Bắc Bộ và Thanh Hóa, nguy cơ ngập úng, lũ quét, sạt lở đất.","Dự báo thời tiết ngày 14/9/2026, ảnh hưởng hoàn lưu áp thấp nhiệt đới, khu vực từ Thanh Hóa đến Quảng Trị, trung du và đồng bằng Bắc Bộ có mưa lớn. Cao nguyên Trung Bộ và Nam Bộ mưa to cục bộ.",event_semantic_overlap_title_sim=0.74_desc_cont=0.18,SAME_EVENT_INDEPENDENT,,,Independent reporting of common event / topic
pair_5486c8ed9900,1421b9f544626936,0ed8092d9b970917,vietnamnet.vn,vietnamnet.vn,https://vietnamnet.vn/du-bao-thoi-tiet-12-9-2026-mien-bac-nang-33-do-trung-bo-mua-lon-xoi-xa-2547654.html,https://vietnamnet.vn/du-bao-thoi-tiet-11-9-2026-mien-bac-con-mua-rai-rac-trung-bo-va-nam-bo-mua-lon-2547657.html,"Dự báo thời tiết 12/9/2026: Miền Bắc nắng 33 độ, Trung Bộ mưa lớn xối xả","Dự báo thời tiết 11/9/2026: Miền Bắc còn mưa rải rác, Trung Bộ và Nam Bộ mưa lớn","Dự báo thời tiết ngày 12/9/2026, miền Bắc chủ yếu ít mưa, ngày trời tạnh ráo và có nắng với nhiệt độ cao nhất 33 độ. Trung Bộ, cao nguyên Trung Bộ và Nam Bộ cục bộ có nơi mưa rất to.","Dự báo thời tiết ngày 11/9/2026, không khí lạnh tiếp tục tăng cường khiến miền Bắc còn mưa giông trong buổi sáng. Trung Bộ, cao nguyên Trung Bộ và Nam Bộ tiếp tục mưa lớn diện rộng.",event_semantic_overlap_title_sim=0.74_desc_cont=0.36,SAME_EVENT_INDEPENDENT,,,Independent reporting of common event / topic
pair_ae70eff6e406,3fa64a668b93343c,9aec7a4463dc0461,vietnamnet.vn,vietnamnet.vn,https://vietnamnet.vn/phat-hien-2-anh-em-ruot-tu-vong-trong-vuon-dua-o-dong-thap-2552407.html,https://vietnamnet.vn/tin-tuc-thoi-su-6-9-phat-hien-2-anh-em-ruot-tu-vong-trong-vuon-dua-o-dong-thap-2552475.html,Phát hiện 2 anh em ruột tử vong trong vườn dừa,Tin tức Thời sự 6/9: Phát hiện 2 anh em ruột tử vong trong vườn dừa ở Đồng Tháp,"Hai anh em ruột ở xã Mỹ Tịnh An, tỉnh Đồng Tháp, được phát hiện tử vong trong vườn dừa. Công an đã khám nghiệm hiện trường để làm rõ nguyên nhân.","Hai anh em nghi bị điện giật tử vong trong vườn dừa ở Đồng Tháp; cháy căn hộ chung cư tại Hà Nội lúc rạng sáng, ba mẹ con thoát nạn; xe khách gặp tai nạn trên cao tốc là những tin tức thời sự đáng chú ý ngày 6/9.",event_semantic_overlap_title_sim=0.74_desc_cont=0.23,SAME_EVENT_INDEPENDENT,,,Independent reporting of common event / topic
pair_c830c462fea2,85ddef7aaefa196a,e1b5dffddca6910e,vietnamnet.vn,vietnamnet.vn,https://vietnamnet.vn/tin-tuc-thoi-su-16-9-chay-nha-4-tang-o-ha-noi-khien-5-nguoi-tu-vong-2555796.html,https://vietnamnet.vn/hien-truong-tan-hoang-vu-chay-nha-4-tang-khien-5-nguoi-tu-vong-o-ha-noi-2555573.html,Tin tức Thời sự 16/9: Cháy nhà 4 tầng ở Hà Nội khiến 5 người tử vong,Hiện trường tan hoang vụ cháy nhà 4 tầng khiến 5 người tử vong ở Hà Nội,"Cháy nhà 4 tầng ở Tây Hồ (Hà Nội) khiến 5 người tử vong; ô tô Mercedes tông liên hoàn 3 xe máy dừng đèn đỏ ở TPHCM,... là các tin tức thời sự đáng chú ý ngày 16/09/2026.","Sáng 16/9, lực lượng chức năng tiếp tục phong tỏa hiện trường vụ cháy nhà 4 tầng khiến 5 người tử vong tại ngách 264/2 Thụy Khuê (phường Tây Hồ, TP Hà Nội).",event_semantic_overlap_title_sim=0.74_desc_cont=0.26,SAME_EVENT_INDEPENDENT,,,Independent reporting of common event / topic
pair_a98620a0ea12,9eea2da9322d6727,1421b9f544626936,vietnamnet.vn,vietnamnet.vn,https://vietnamnet.vn/du-bao-thoi-tiet-3-9-2026-mien-bac-trung-bo-nang-nong-dien-rong-2547674.html,https://vietnamnet.vn/du-bao-thoi-tiet-12-9-2026-mien-bac-nang-33-do-trung-bo-mua-lon-xoi-xa-2547654.html,"Dự báo thời tiết 3/9/2026: Miền Bắc, Trung Bộ nắng nóng diện rộng","Dự báo thời tiết 12/9/2026: Miền Bắc nắng 33 độ, Trung Bộ mưa lớn xối xả","Dự báo thời tiết ngày 3/9/2026, nắng nóng diện rộng ở miền Bắc và Trung Bộ, có nơi nắng nóng gay gắt. Cao nguyên Trung Bộ và Nam Bộ cũng có nắng đến 35 độ, đề phòng mưa giông vào chiều tối.","Dự báo thời tiết ngày 12/9/2026, miền Bắc chủ yếu ít mưa, ngày trời tạnh ráo và có nắng với nhiệt độ cao nhất 33 độ. Trung Bộ, cao nguyên Trung Bộ và Nam Bộ cục bộ có nơi mưa rất to.",event_semantic_overlap_title_sim=0.74_desc_cont=0.37,SAME_EVENT_INDEPENDENT,,,Independent reporting of common event / topic
pair_6c8d13ac464c,d82098c238690f97,9f54e1419eed9b71,vietnamnet.vn,vietnamnet.vn,https://vietnamnet.vn/nguoi-ha-noi-do-ra-duong-di-bao-du-mua-lon-sau-chien-thang-cua-tuyen-viet-nam-2547069.html,https://vietnamnet.vn/dong-nguoi-un-un-tren-duong-ha-noi-mung-doi-tuyen-viet-nam-chien-thang-2543014.html,Người Hà Nội đổ ra đường &apos;đi bão&apos; trong mưa lớn sau chiến thắng của tuyển Việt Nam,Dòng người ùn ùn trên đường Hà Nội mừng đội tuyển Việt Nam chiến thắng,"Tuyển Việt Nam đánh bại Thái Lan với tỷ số 2-0 tạo lợi thế lớn trước trận chung kết lượt về ASEAN Cup. Dù thời tiết mưa lớn, những người hâm mộ ở Hà Nội vẫn đổ ra đường mừng chiến thắng của đội tuyển nước nhà.","Ngay sau khi đội tuyển Việt Nam chiến thắng Thái Lan, giành chức vô địch ASEAN Cup 2026, hàng nghìn người dân đã đổ xuống các tuyến phố của Hà Nội để ăn mừng, tạo nên không khí vô cùng náo nhiệt.",event_semantic_overlap_title_sim=0.73_desc_cont=0.17,SAME_EVENT_INDEPENDENT,,,Independent reporting of common event / topic
pair_409fca195422,862a0ff6bd6969ec,9bbe1256e689933d,vietnamnet.vn,vietnamnet.vn,https://vietnamnet.vn/dieu-tra-vu-nguoi-phu-nu-tu-vong-tai-nha-rieng-o-quang-tri-2553155.html,https://vietnamnet.vn/phat-hien-thi-the-nguoi-phu-nu-trong-nha-rieng-o-lao-cai-2552466.html,Người phụ nữ tử vong tại nhà riêng,Phát hiện người phụ nữ tử vong tại nhà ở Lào Cai,"Sáng 8/9, người dân phát hiện một phụ nữ tử vong tại nhà riêng ở thôn Quy Đạt, xã Minh Hóa, tỉnh Quảng Trị.","Một người phụ nữ được phát hiện tử vong tại nhà ở phường Trung Tâm, tỉnh Lào Cai. Bà sống cùng hai người con đều gặp vấn đề về nhận thức.",event_semantic_overlap_title_sim=0.73_desc_cont=0.21,SAME_EVENT_INDEPENDENT,,,Independent reporting of common event / topic
pair_3d46cfd3a77c,eb00494755ae1896,d28cfb8f44ccc628,vietnamnet.vn,vietnamnet.vn,https://vietnamnet.vn/du-bao-thoi-tiet-9-9-2026-mien-bac-nang-34-do-truoc-khi-khong-khi-lanh-tran-ve-2547661.html,https://vietnamnet.vn/du-bao-thoi-tiet-10-9-2026-khong-khi-lanh-tran-ve-mien-bac-va-trung-bo-mua-lon-2547659.html,Dự báo thời tiết 9/9/2026: Miền Bắc nắng 34 độ trước khi không khí lạnh tràn về,"Dự báo thời tiết 10/9/2026: Không khí lạnh tràn về, miền Bắc và Trung Bộ mưa lớn","Dự báo thời tiết ngày 9/9/2026, miền Bắc ngày nắng đến 34 độ, từ chiều tối mưa to cục bộ khi không khí lạnh đầu mùa tràn về. Trung Bộ cũng có mưa rào, giông rải rác. Cao nguyên Trung Bộ và Nam Bộ mưa to cục bộ.","Dự báo thời tiết ngày 10/9/2026, không khí lạnh kết hợp dải hội tụ nhiệt đới gây mưa giông diện rộng tại Bắc Bộ và Trung Bộ; cục bộ có nơi mưa rất to. Cao nguyên Trung Bộ và Nam Bộ cũng mưa to cục bộ.",event_semantic_overlap_title_sim=0.73_desc_cont=0.39,SAME_EVENT_INDEPENDENT,,,Independent reporting of common event / topic
pair_25ac362dbd06,351a6eda3a85fd2d,df51303d9ec5ed52,dantri.com.vn,vnexpress.net,https://dantri.com.vn/thoi-su/tau-cho-gan-175000-tan-quang-sat-gap-su-co-tren-vung-bien-quang-ngai-20260920123814494.htm,https://vnexpress.net/tau-nuoc-ngoai-cho-hon-174-000-tan-quang-gap-su-co-o-quang-ngai-5122424.html,Tàu chở gần 175.000 tấn quặng sắt gặp sự cố trên vùng biển Quảng Ngãi,Tàu nước ngoài chở hơn 174.000 tấn quặng gặp sự cố ở Quảng Ngãi,(Dân trí) - Tàu chở quặng sắt từ Malaysia về cảng Dung Quất (Quảng Ngãi) gặp sự cố nghi do va phải đá ngầm. Nước tràn vào một số khoang khiến tàu nghiêng nhẹ.,"Tàu Merchant Mariner chở 174.614 tấn quặng từ Malaysia về Dung Quất bị nước tràn vào két nước khi cách khu neo gần 28 km, nghi va vào đá ngầm, ngày 18/9.",event_semantic_overlap_title_sim=0.73_desc_cont=0.19,SAME_EVENT_INDEPENDENT,,,Recall probe: cross-outlet candidate probing potential syndication boundary
pair_a8a7de4307b5,4bd7199e2d501316,d87e96ab383ae8c1,dantri.com.vn,thanhnien.vn,https://dantri.com.vn/the-gioi/houthi-tan-cong-thu-do-riyadh-cua-a-rap-xe-ut-xung-dot-leo-thang-20260920144559046.htm,https://thanhnien.vn/houthi-lan-dau-tan-cong-thu-do-a-rap-xe-ut-18526092017484968.htm,"Houthi tấn công thủ đô Riyadh của Ả rập Xê út, xung đột leo thang",Houthi lần đầu tấn công thủ đô Ả Rập Xê Út,(Dân trí) - Lực lượng Houthi ở Yemen ngày 20/9 tuyên bố phóng loạt tên lửa và máy bay không người lái vào thủ đô Riyadh và các cơ sở dầu mỏ của Ả rập Xê út. Vụ việc cho thấy xung đột Trung Đông leo thang đáng kể.,Lực lượng Houthi tại Yemen tuyên bố đã tấn công các địa điểm ‘nhạy cảm’ ở thủ đô Riyadh của Ả Rập Xê Út vào ngày 19.9 bằng tên lửa và máy bay không người lái; vụ việc diễn ra chỉ vài giờ sau khi người ta nhìn thấy ngọn lửa và cột khói lớn bốc lên gần sân bay chính của thành phố.,event_semantic_overlap_title_sim=0.72_desc_cont=0.35,SAME_EVENT_INDEPENDENT,,,Recall probe: cross-outlet candidate probing potential syndication boundary
pair_985bd75a748a,3a1532ac13afe3f3,3d47510295fd069e,vietnamnet.vn,dantri.com.vn,https://vietnamnet.vn/bat-khan-cap-7-doi-tuong-vu-lao-o-to-vao-dam-dong-truoc-quan-nhau-o-tphcm-2557127.html,https://dantri.com.vn/phap-luat/bat-khan-cap-7-doi-tuong-trong-vu-o-to-tong-nguoi-va-loat-xe-may-o-tphcm-20260920213428779.htm,Bắt khẩn cấp 7 đối tượng vụ lao ô tô vào đám đông trước quán nhậu ở TPHCM,Bắt khẩn cấp 7 đối tượng trong vụ ô tô tông người và loạt xe máy ở TPHCM,"Công an TPHCM đã bắt khẩn cấp 7 người để điều tra vụ xô xát xảy ra trên đường Nguyễn Biểu, phường Chợ Quán, trong đó một người lái ô tô tông vào đám đông khiến một người bị thương.","(Dân trí) - Sau va chạm và cự cãi trước quán ăn ở phường Chợ Quán (TPHCM), nam tài xế lái ô tô tông thẳng vào nhóm người và loạt xe máy. Công an đã bắt khẩn cấp 7 đối tượng liên quan.",event_semantic_overlap_title_sim=0.70_desc_cont=0.26,SAME_EVENT_INDEPENDENT,,,Recall probe: cross-outlet candidate probing potential syndication boundary
pair_bc74a344b375,3a1532ac13afe3f3,91582a78f8d4f749,vietnamnet.vn,tuoitre.vn,https://vietnamnet.vn/bat-khan-cap-7-doi-tuong-vu-lao-o-to-vao-dam-dong-truoc-quan-nhau-o-tphcm-2557127.html,https://tuoitre.vn/bat-khan-cap-7-nguoi-trong-vu-chay-o-to-tong-vao-dam-dong-tai-phuong-cho-quan-100260920212728296.htm,Bắt khẩn cấp 7 đối tượng vụ lao ô tô vào đám đông trước quán nhậu ở TPHCM,Bắt khẩn cấp 7 người trong vụ chạy ô tô tông vào đám đông tại phường Chợ Quán,"Công an TPHCM đã bắt khẩn cấp 7 người để điều tra vụ xô xát xảy ra trên đường Nguyễn Biểu, phường Chợ Quán, trong đó một người lái ô tô tông vào đám đông khiến một người bị thương.","Liên quan vụ nam thanh niên lái ô tô tông nhiều xe máy trước quán nhậu ở phường Chợ Quán, TP.HCM, đến nay Cơ quan Cảnh sát điều tra Công an TP.HCM đã bắt khẩn cấp 7 người để điều tra hành vi gây rối trật tự công cộng.",event_semantic_overlap_title_sim=0.68_desc_cont=0.37,SAME_EVENT_INDEPENDENT,,,Recall probe: cross-outlet candidate probing potential syndication boundary
pair_3833cc2cf1f6,5ddbb62d6f0330cc,0e70e48c287f0c3f,vietnamnet.vn,dantri.com.vn,https://vietnamnet.vn/clip-nhom-nguoi-hoa-trang-thay-tro-duong-tang-cuoi-ngua-di-bo-tren-lan-o-to-2557119.html,https://dantri.com.vn/thoi-su/xac-minh-clip-thay-tro-duong-tang-cuoi-ngua-vao-lan-o-to-o-tphcm-20260920171626354.htm,"Clip nhóm người hóa trang ‘thầy trò Đường Tăng’ cưỡi ngựa, đi bộ trên làn ô tô","Xác minh clip ""thầy trò Đường Tăng"" cưỡi ngựa vào làn ô tô ở TPHCM","Lực lượng chức năng TPHCM đang xác minh, làm rõ đoạn clip ghi lại cảnh một nhóm người hóa trang thành “thầy trò Đường Tăng”, cưỡi ngựa, đi bộ trên làn đường dành cho ô tô.","(Dân trí) - Nhóm người hóa trang thành các nhân vật trong phim Tây Du Ký thản nhiên cưỡi ngựa, đi bộ vào làn ô tô trên đường Phan Văn Khải (xã Tân An Hội, TPHCM).",event_semantic_overlap_title_sim=0.68_desc_cont=0.24,SAME_EVENT_INDEPENDENT,,,Recall probe: cross-outlet candidate probing potential syndication boundary
pair_232c2827a6af,91582a78f8d4f749,3d47510295fd069e,tuoitre.vn,dantri.com.vn,https://tuoitre.vn/bat-khan-cap-7-nguoi-trong-vu-chay-o-to-tong-vao-dam-dong-tai-phuong-cho-quan-100260920212728296.htm,https://dantri.com.vn/phap-luat/bat-khan-cap-7-doi-tuong-trong-vu-o-to-tong-nguoi-va-loat-xe-may-o-tphcm-20260920213428779.htm,Bắt khẩn cấp 7 người trong vụ chạy ô tô tông vào đám đông tại phường Chợ Quán,Bắt khẩn cấp 7 đối tượng trong vụ ô tô tông người và loạt xe máy ở TPHCM,"Liên quan vụ nam thanh niên lái ô tô tông nhiều xe máy trước quán nhậu ở phường Chợ Quán, TP.HCM, đến nay Cơ quan Cảnh sát điều tra Công an TP.HCM đã bắt khẩn cấp 7 người để điều tra hành vi gây rối trật tự công cộng.","(Dân trí) - Sau va chạm và cự cãi trước quán ăn ở phường Chợ Quán (TPHCM), nam tài xế lái ô tô tông thẳng vào nhóm người và loạt xe máy. Công an đã bắt khẩn cấp 7 đối tượng liên quan.",event_semantic_overlap_title_sim=0.67_desc_cont=0.34,SAME_EVENT_INDEPENDENT,,,Recall probe: cross-outlet candidate probing potential syndication boundary
pair_48f256f88de7,31c628c5d6fd6e3d,0c687d1098dc310c,vietnamnet.vn,dantri.com.vn,https://vietnamnet.vn/clip-nui-lo-dat-da-vui-lap-duong-vao-nhieu-ban-o-nghe-an-2551355.html,https://dantri.com.vn/thoi-su/can-canh-ca-mang-nui-do-xuong-nhu-thac-vui-lap-doan-duong-o-nghe-an-20260920162135344.htm,"Clip núi lở, đất đá vùi lấp đường vào nhiều bản ở Nghệ An",Cận cảnh cả mảng núi đổ xuống như thác vùi lấp đoạn đường ở Nghệ An,"Tình trạng sạt lở diễn biến phức tạp, đất đá vùi lấp đường liên bản tại xã Mường Lống (Nghệ An) khiến chính quyền địa phương phải khẩn trương có biện pháp ứng phó.","(Dân trí) - Vụ sạt lở núi tại xã Yên Na, tỉnh Nghệ An vào ngày 19/9, ước tính khoảng 30.000m3 đất đá đổ xuống vùi lấp một đoạn tỉnh lộ 543C.",event_semantic_overlap_title_sim=0.67_desc_cont=0.16,SAME_EVENT_INDEPENDENT,,,Recall probe: cross-outlet candidate probing potential syndication boundary
pair_429e4ed0f17b,06b191cc24094101,3f7db849b7502ef8,vietnamnet.vn,tuoitre.vn,https://vietnamnet.vn/tu-tin-bao-den-cuc-truong-csgt-tai-xe-va-chu-o-to-khach-bi-phat-174-trieu-dong-2557063.html,https://tuoitre.vn/nguoi-dan-bao-cuc-truong-csgt-xe-cho-gap-doi-so-nguoi-tai-xe-va-chu-xe-bi-phat-174-trieu-100260920184906775.htm,"Từ tin báo đến Cục trưởng CSGT, tài xế và chủ ô tô khách bị phạt 174 triệu đồng","Người dân báo Cục trưởng CSGT xe chở gấp đôi số người, tài xế và chủ xe bị phạt 174 triệu","Từ phản ánh gửi tới Zalo của Cục trưởng Cục CSGT, Công an tỉnh Tuyên Quang kiểm tra, phát hiện xe khách chở 43 người, vượt quá quy định hơn hai lần. Tổng mức phạt đối với tài xế và đơn vị vận tải là 174 triệu đồng.","Cảnh sát xác định xe khách biển số 23H-012.XX có nhiều vi phạm như: lái xe không đúng thời gian được phép hoạt động, không hướng dẫn hành khách nằm đúng vị trí quy định và chở 43 người trong khi xe chỉ 20 chỗ.",event_semantic_overlap_title_sim=0.66_desc_cont=0.09,SAME_EVENT_INDEPENDENT,,,Recall probe: cross-outlet candidate probing potential syndication boundary
pair_59a1452b59c5,d9fdd1905a3fa97a,1802f4a1e48abd2f,vietnamnet.vn,thanhnien.vn,https://vietnamnet.vn/rac-thai-troi-dat-phu-kin-bai-bien-sam-son-sau-mua-lu-2556381.html,https://thanhnien.vn/6000-khoi-rac-troi-dat-vao-bai-bien-sam-son-18526092009415642.htm,Rác thải trôi dạt phủ kín bãi biển Sầm Sơn sau mưa lũ,6.000 khối rác trôi dạt vào bãi biển Sầm Sơn,"Sau nhiều ngày mưa lớn, lượng lớn rác thải theo dòng sông Mã trôi dạt ra bãi biển Sầm Sơn, tỉnh Thanh Hóa.","Có tới 6.000 m3 rác, củi theo mưa lũ dạt vào bãi biển phường Sầm Sơn (tỉnh Thanh Hóa). Ngày thứ 4 rác đổ vào bãi biển, chính quyền địa phương phải huy động hàng trăm người cùng máy móc dọn dẹp.",event_semantic_overlap_title_sim=0.66_desc_cont=0.23,SAME_EVENT_INDEPENDENT,,,Recall probe: cross-outlet candidate probing potential syndication boundary
pair_bb08e68c6c5d,b70bc61a20695ec1,b52ed55d564bcce6,dantri.com.vn,thanhnien.vn,https://dantri.com.vn/suc-khoe/pho-thu-tuong-giao-nhiem-vu-phat-trien-benh-vien-dai-hoc-quoc-te-hong-bang-20260920175625076.htm,https://thanhnien.vn/benh-vien-dai-hoc-quoc-te-hong-bang-khanh-thanh-van-hanh-theo-mo-hinh-vien-truong-185260920125538406.htm,Phó Thủ tướng giao nhiệm vụ phát triển Bệnh viện Đại học Quốc tế Hồng Bàng,"Bệnh viện Đại học Quốc tế Hồng Bàng khánh thành, vận hành theo mô hình viện - trường","(Dân trí) - Phó Thủ tướng Lê Tiến Châu đề nghị Bệnh viện Đại học Quốc tế Hồng Bàng đặt chất lượng, an toàn, y đức lên hàng đầu, phát triển đào tạo, nghiên cứu và chuyển đổi số.","Ngày 20.9, Bệnh viện Đại học Quốc tế Hồng Bàng chính thức khánh thành với mô hình viện - trường hiện đại gắn kết khám chữa bệnh, đào tạo, nghiên cứu và công nghệ trong cùng một hệ sinh thái y khoa.",event_semantic_overlap_title_sim=0.66_desc_cont=0.30,SAME_EVENT_INDEPENDENT,,,Recall probe: cross-outlet candidate probing potential syndication boundary
pair_e8abfd3ab685,4facf45191f15bc6,8439ac65384cb713,tuoitre.vn,vnexpress.net,https://tuoitre.vn/nam-2027-chua-thi-diem-thi-tot-nghiep-thpt-tren-may-tinh-100260920193150321.htm,https://vnexpress.net/chua-thi-diem-thi-tot-nghiep-thpt-tren-may-tinh-nam-2027-5122463.html,Năm 2027 chưa thí điểm thi tốt nghiệp THPT trên máy tính,Chưa thí điểm thi tốt nghiệp THPT trên máy tính năm 2027,Phó thủ tướng Lê Tiến Châu chỉ đạo chưa tổ chức thí điểm thi trên máy tính đối với kỳ thi tốt nghiệp THPT năm 2027 như Bộ Giáo dục và Đào tạo đã đề xuất. Việc tổ chức thi phải đặt công bằng giữa các thí sinh là nguyên tắc cao nhất.,"Phó Thủ tướng chỉ đạo chưa thí điểm thi tốt nghiệp THPT trên máy tính vào năm 2027 như đề xuất của Bộ Giáo dục và Đào tạo, đảm bảo nguyên tắc công bằng giữa các thí sinh.",high_shingle_containment_d2g=0.68_d3g=0.42_title_sim=1.00,SYNDICATED_COPY,,fam_synd_ac22e12c0bde,Confirmed cross-publisher syndicated / re-published story
pair_17d2b0d0453e,3d50a3291203a9b6,901b56cfd51a5f2a,dantri.com.vn,vnexpress.net,https://dantri.com.vn/thoi-su/tong-bi-thu-chu-tich-nuoc-len-duong-cong-du-my-canada-20260920121017149.htm,https://vnexpress.net/tong-bi-thu-chu-tich-nuoc-to-lam-len-duong-cong-du-my-canada-5122430.html,"Tổng Bí thư, Chủ tịch nước lên đường công du Mỹ, Canada","Tổng Bí thư, Chủ tịch nước Tô Lâm lên đường công du Mỹ, Canada","Ngày 20/9, Tổng Bí thư, Chủ tịch nước Tô Lâm lên đường tham dự Phiên thảo luận cấp cao Đại hội đồng Liên Hợp Quốc khóa 81, hoạt động song phương tại Mỹ và thăm cấp Nhà nước tới Canada.","Tổng Bí thư, Chủ tịch nước Tô Lâm lên đường tham dự Phiên thảo luận cấp cao Đại hội đồng LHQ, hoạt động song phương tại Mỹ và thăm cấp nhà nước tới Canada.",high_shingle_containment_d2g=0.94_d3g=0.91_title_sim=0.94,SYNDICATED_COPY,,fam_synd_51d33fae964b,Confirmed cross-publisher syndicated / re-published story
pair_af04fb4b7ecc,4facf45191f15bc6,7829458e2a9c9cd9,tuoitre.vn,thanhnien.vn,https://tuoitre.vn/nam-2027-chua-thi-diem-thi-tot-nghiep-thpt-tren-may-tinh-100260920193150321.htm,https://thanhnien.vn/chua-thi-diem-thi-tot-nghiep-thpt-tren-may-tinh-vao-2027-185260920134257832.htm,Năm 2027 chưa thí điểm thi tốt nghiệp THPT trên máy tính,Chưa thí điểm thi tốt nghiệp THPT trên máy tính vào 2027,Phó thủ tướng Lê Tiến Châu chỉ đạo chưa tổ chức thí điểm thi trên máy tính đối với kỳ thi tốt nghiệp THPT năm 2027 như Bộ Giáo dục và Đào tạo đã đề xuất. Việc tổ chức thi phải đặt công bằng giữa các thí sinh là nguyên tắc cao nhất.,Phó thủ tướng Lê Tiến Châu yêu cầu trước mắt chưa tổ chức thí điểm thi trên máy tính đối với kỳ thi tốt nghiệp THPT năm 2027.,high_shingle_containment_d2g=0.81_d3g=0.77_title_sim=0.93,SYNDICATED_COPY,,fam_synd_ac22e12c0bde,Confirmed cross-publisher syndicated / re-published story
pair_7b610519af7a,fc876e2a54199920,ad5103b59972926c,vietnamnet.vn,vietnamnet.vn,https://vietnamnet.vn/thuong-tuong-nguyen-van-long-de-nghi-dieu-tra-mo-rong-vu-lua-dao-250-ty-2552075.html,https://vietnamnet.vn/an-mang-o-dong-nai-loi-noi-doi-cua-hung-thu-truoc-khi-mang-dao-tim-ban-gai-cu-2552167.html,Thượng tướng Nguyễn Văn Long đề nghị Công an Ninh Bình điều tra mở rộng vụ lừa đảo 250 tỷ đồng,Án mạng ở Đồng Nai: Lời nói dối của Nguyễn Đức Anh trước khi mang dao đến nhà bạn gái cũ,"Thượng tướng Nguyễn Văn Long, Thứ trưởng Bộ Công an có thư khen gửi Công an tỉnh Ninh Bình về thành tích đấu tranh, triệt phá đường dây lừa đảo chiếm đoạt tài sản trên không gian mạng.","Trước khi gây án khiến 3 mẹ con tử vong ở Đồng Nai, Nguyễn Đức Anh nói với bạn rằng đến nhà bạn gái cũ để đòi khoản nợ, nhưng thực chất là để trả thù.",low_similarity_title_sim=0.40_desc_cont=0.00,UNRELATED,,,Negative control: unrelated articles
pair_3df737949556,4c023aab0e6ea006,53811c537b7875ff,vietnamnet.vn,thanhnien.vn,https://vietnamnet.vn/du-bao-thoi-tiet-8-9-2026-khong-khi-lanh-sap-tran-ve-mien-bac-gay-mua-giong-2547664.html,https://thanhnien.vn/xem-nhanh-20h-ngay-209-mua-lon-400-mm-don-dap-12-tinh-thanh-ung-pho-cau-binh-loi-2-phan-lan-theo-gio-18526092019432777.htm,"Dự báo thời tiết 8/9/2026: Không khí lạnh sắp tràn về miền Bắc, gây mưa giông","Xem nhanh 20h ngày 20.9: Mưa lớn 400 mm dồn dập, 12 tỉnh thành ứng phó | Cầu Bình Lợi 2 phân làn theo giờ","Dự báo thời tiết ngày 8/9/2026, Bắc Bộ có nơi nắng nóng trước khi đón không khí lạnh đầu mùa gây mưa giông. Từ Trung Bộ đến cao nguyên Trung Bộ và Nam Bộ vẫn có mưa to cục bộ vào chiều tối.","'Xem nhanh 20h' ngày 20.9 có nhiều tin tức đáng chú ý về: 12 tỉnh, thành ở Nam bộ và Nam Trung bộ ứng phó đợt mưa lớn 400 mm; Cầu Bình Lợi 2 phân làn theo giờ, dòng xe được tách theo từng khung giờ;...",low_similarity_title_sim=0.40_desc_cont=0.09,UNRELATED,,,Negative control: unrelated articles
pair_59d8d91762ad,0b9c2bee4f9c2af7,10f3e2c91fdbb091,vietnamnet.vn,thanhnien.vn,https://vietnamnet.vn/dong-nguoi-tranh-nhau-cho-thu-an-o-thao-cam-vien-trong-ngay-quoc-khanh-2-9-2551313.html,https://thanhnien.vn/nhan-dinh-u23-viet-nam-dau-u23-uzbekistan-quoc-cuong-muon-doi-mon-no-cho-lua-thuong-chau-tuyet-trang-185260920192200715.htm,Dòng người &apos;tranh nhau&apos; cho thú ăn ở Thảo Cầm Viên trong ngày Quốc khánh 2/9,Nhận định U.23 Việt Nam đấu U.23 Uzbekistan: Quốc Cường muốn đòi món nợ cho lứa 'Thường Châu tuyết trắng',"Trưa 2/9, khu vui chơi Thảo Cầm Viên (phường Sài Gòn, TPHCM) đông nghẹt người dân, du khách đổ về tham quan, tránh nóng dịp nghỉ lễ Quốc khánh.",Tiền vệ Nguyễn Thái Quốc Cường khẳng định toàn đội U.23 Việt Nam rất quyết tâm đánh bại U.23 Uzbekistan để trả lại những món nợ cũ của các đàn anh lứa 'Thường Châu tuyết trắng'.,low_similarity_title_sim=0.40_desc_cont=0.00,UNRELATED,,,Negative control: unrelated articles
pair_de5ef42751f4,0be8af8e8f9b24d2,53811c537b7875ff,tuoitre.vn,thanhnien.vn,https://tuoitre.vn/bom-nuoc-ca-ngay-cuu-nhieu-xe-may-trong-ham-chung-cu-o-vinh-sau-mua-lich-su-100260920181845994.htm,https://thanhnien.vn/xem-nhanh-20h-ngay-209-mua-lon-400-mm-don-dap-12-tinh-thanh-ung-pho-cau-binh-loi-2-phan-lan-theo-gio-18526092019432777.htm,Bơm nước cả ngày 'cứu' nhiều xe máy trong hầm chung cư ở Vinh sau mưa lịch sử,"Xem nhanh 20h ngày 20.9: Mưa lớn 400 mm dồn dập, 12 tỉnh thành ứng phó | Cầu Bình Lợi 2 phân làn theo giờ","Sau trận mưa lịch sử 19-9, tầng hầm một chung cư ở phường Thành Vinh, Nghệ An ngập sâu. Ba máy bơm hoạt động liên tục gần một ngày để đưa nước ra ngoài, giải cứu gần 40 xe máy, xe máy điện của cư dân.","'Xem nhanh 20h' ngày 20.9 có nhiều tin tức đáng chú ý về: 12 tỉnh, thành ở Nam bộ và Nam Trung bộ ứng phó đợt mưa lớn 400 mm; Cầu Bình Lợi 2 phân làn theo giờ, dòng xe được tách theo từng khung giờ;...",low_similarity_title_sim=0.40_desc_cont=0.00,UNRELATED,,,Negative control: unrelated articles
pair_0886b7e944ae,903406908921bdb0,316cf135457983fd,thanhnien.vn,vietnamnet.vn,https://thanhnien.vn/bang-xep-hang-v-league-moi-nhat-clb-cahn-thang-dam-tai-chiem-ngoi-dau-tpdong-nai-roi-xuong-day-185260920183245518.htm,https://vietnamnet.vn/432-nguoi-chet-trong-8-thang-vi-tngt-o-dong-nai-cuc-csgt-lap-hai-to-cong-tac-2554534.html,"Bảng xếp hạng V-League mới nhất: CLB CAHN thắng đậm tái chiếm ngôi đầu, TP.Đồng Nai rơi xuống đáy","432 người chết trong 8 tháng vì TNGT ở Đồng Nai, Cục CSGT lập hai tổ công tác","Bảng xếp hạng V-League có biến động, sau khi CLB CAHN đánh bại đội chủ nhà TP.Đồng Nai với tỷ số đậm 3-0 ở trận đấu sớm vòng 3, diễn ra lúc 18 giờ trên sân Bình Phước.","Cục CSGT (Bộ Công an) đã lập 2 tổ công tác phối hợp với CSGT Đồng Nai để tuần tra, kiểm soát, xử lý vi phạm trên các quốc lộ 1A, 20.",low_similarity_title_sim=0.40_desc_cont=0.03,UNRELATED,,,Negative control: unrelated articles
pair_0af26ba4ed88,5c1f03cd1e02c482,a5ef38279ce8140a,tuoitre.vn,vietnamnet.vn,https://tuoitre.vn/bo-tong-tham-muu-chu-dong-ung-pho-mua-lon-ngap-lut-lu-quet-sat-lo-dat-tai-nam-trung-bo-va-nam-bo-100260920200750598.htm,https://vietnamnet.vn/mua-lon-chia-cat-cong-an-vuot-3-cau-tran-dua-nguoi-phu-nu-cap-cuu-trong-dem-2555579.html,"Bộ Tổng tham mưu: Chủ động ứng phó mưa lớn, ngập lụt, lũ quét, sạt lở đất tại Nam Trung Bộ và Nam Bộ","Mưa lớn chia cắt, công an vượt 3 cầu tràn đưa người phụ nữ cấp cứu trong đêm","Bộ Tổng tham mưu vừa ban hành công điện yêu cầu các đơn vị quân đội chủ động triển khai phương án ứng phó, sẵn sàng lực lượng, phương tiện tham gia cứu hộ, cứu nạn và giúp dân khắc phục hậu quả thiên tai.","Mưa lớn kéo dài khiến 7 bản ở xã Tam Thái (Nghệ An) bị chia cắt. Công an cùng các lực lượng vượt 3 cầu tràn ngập sâu, đưa người phụ nữ nghi đau ruột thừa đi cấp cứu trong đêm.",low_similarity_title_sim=0.40_desc_cont=0.03,UNRELATED,,,Negative control: unrelated articles
pair_35c54108eb02,2b26c768f110dc55,d2867ef69b042231,vietnamnet.vn,vietnamnet.vn,https://vietnamnet.vn/phat-xe-bam-sat-tren-cao-toc-chu-tich-hiep-hoi-van-tai-o-to-viet-nam-noi-gi-2549471.html,https://vietnamnet.vn/vet-nut-dai-200m-tu-tren-suon-doi-khien-hang-loat-ho-dan-phai-di-doi-khan-2556628.html,"Phạt xe không giữ khoảng cách trên cao tốc, Chủ tịch Hiệp hội vận tải ô tô Việt Nam nói gì?",Hình ảnh vết nứt dài 200m từ trên sườn đồi khiến hàng loạt hộ dân phải di dời khẩn,"Theo các chuyên gia, việc xử phạt phương tiện không giữ khoảng cách an toàn trên cao tốc là cần thiết, bởi đây là quy định đã được pháp luật quy định. Người lái cần thay đổi thói quen, chủ động giữ khoảng cách an toàn.","Mưa lớn kéo dài khiến đồi Lau Ván, bản Trí Nang, xã Linh Sơn (Thanh Hóa) xuất hiện vết nứt dài hơn 200m, đất đá sạt trượt xuống khu dân cư, buộc chính quyền di dời khẩn cấp 12 hộ dân.",low_similarity_title_sim=0.40_desc_cont=0.00,UNRELATED,,,Negative control: unrelated articles
pair_39a99d06f5a6,5b105d0575e94072,728a48d4b2d952bf,vietnamnet.vn,vietnamnet.vn,https://vietnamnet.vn/bat-cac-doi-tuong-trom-tai-san-tai-tru-so-hdnd-tinh-so-noi-vu-va-bao-hau-giang-2553438.html,https://vietnamnet.vn/triet-pha-duong-day-van-chuyen-trai-phep-hon-51-trieu-usd-qua-bien-gioi-2547887.html,"Bắt giữ các đối tượng trộm tài sản tại trụ sở HĐND tỉnh, Sở Nội vụ và Báo Hậu Giang cũ",Công an Hà Nội triệt phá đường dây vận chuyển trái phép hơn 51 triệu USD qua biên giới,"Công an TP Cần Thơ phát hiện, bắt giữ các đối tượng trộm cắp tài sản tại trụ sở HĐND tỉnh Hậu Giang, Sở Nội vụ và Báo Hậu Giang (cũ).","Công an Hà Nội triệt phá đường dây chuyển tiền trái phép xuyên biên giới hơn 51 triệu USD, núp bóng giao dịch chip điện tử qua hàng loạt công ty “bình phong”.",low_similarity_title_sim=0.40_desc_cont=0.03,UNRELATED,,,Negative control: unrelated articles
pair_3e78acbd79f7,8ee5a58de68bff3e,4951e60b4d2d5835,vietnamnet.vn,vietnamnet.vn,https://vietnamnet.vn/ngay-thu-ba-nghi-le-2-9-csgt-xu-ly-1-truong-hop-khong-giu-khoang-cach-2551033.html,https://vietnamnet.vn/chu-tich-cadisun-chi-dao-khong-ke-khai-thue-tien-chenh-lech-hon-1-377-ty-dong-2550305.html,"Ngày thứ ba nghỉ lễ 2/9, CSGT xử lý 18.738 tài xế vi phạm, có 1 trường hợp không giữ khoảng cách",Chủ tịch Cadisun chỉ đạo không kê khai thuế tiền chênh lệch hơn 1.377 tỷ đồng,"Trong ngày thứ ba của kỳ nghỉ lễ Quốc khánh 2/9, lực lượng CSGT toàn quốc phát hiện, xử lý 18.738 trường hợp vi phạm; tai nạn giao thông giảm cả 3 tiêu chí so với cùng kỳ.","Các bị cáo đã không kê khai nộp thuế số tiền chênh lệch hơn 1.377 tỷ đồng. Giám định viên Thuế TP Hà Nội có kết luận, tổng số tiền mà Công ty Cadisun gây thiệt hại cho ngân sách Nhà nước từ năm 2020- 2023 là hơn 405 tỷ đồng.",low_similarity_title_sim=0.40_desc_cont=0.00,UNRELATED,,,Negative control: unrelated articles
pair_4b779cb87044,c523c859fec9cfe6,d54517bf2b34d0db,vietnamnet.vn,vietnamnet.vn,https://vietnamnet.vn/vu-web-lau-xoi-lac-tv-thiet-hai-do-hanh-vi-xam-pham-ban-quyen-hang-ngan-ty-2552050.html,https://vietnamnet.vn/tu-trinh-bao-cua-nguoi-dan-cong-an-triet-pha-duong-day-lua-dao-nghin-ty-2555086.html,Vụ web lậu &apos;Xôi Lạc TV&apos;: Ước tính thiệt hại do xâm phạm bản quyền lên tới hàng nghìn tỷ đồng,"Từ 8 đơn trình báo của người dân, công an triệt phá đường dây lừa đảo 1.000 tỷ đồng",Công ty TNHH Truyền hình số vệ tinh Việt Nam (VSTV/K+) ước tính sơ bộ mức thiệt hại tối thiểu gây ra bởi hành vi xâm phạm bản quyền là hơn 2.207 tỷ đồng.,"Từ 8 đơn trình báo của người dân, Công an TP Quảng Ninh đã xác lập chuyên án, phối hợp với lực lượng thuộc Bộ Công an triệt phá đường dây lừa đảo chiếm đoạt hơn 1.000 tỷ đồng.",low_similarity_title_sim=0.40_desc_cont=0.03,UNRELATED,,,Negative control: unrelated articles
