pair_id,bucket,left_article_id,right_article_id,left_publisher,right_publisher,left_url,right_url,left_title,right_title,left_description,right_description,title_jaccard,desc_jaccard,number_jaccard,hours_apart,predicted_relation,manual_relation,duplicate_family_id,review_notes
qc_0001,POSITIVE_SYNDICATED_COPY,e46ff5c8086409cd,0feea08b6ada8155,vietnamnet,vietnamnet,https://vietnamnet.vn/tphcm-dem-khong-ngu-ruc-sac-do-mung-viet-nam-vo-dich-2549531.html,https://vietnamnet.vn/bien-nguoi-tphcm-di-bao-xuyen-dem-mung-tuyen-viet-nam-vo-dich-2549546.html,"TPHCM đêm không ngủ, rực sắc đỏ mừng Việt Nam vô địch",Biển người TPHCM &apos;đi bão&apos; xuyên đêm mừng tuyển Việt Nam vô địch,"Cờ đỏ sao vàng tung bay, tiếng hô “Việt Nam vô địch” vang lên khắp các tuyến đường TPHCM, hòa cùng niềm vui vỡ òa của người hâm mộ sau khi đội tuyển Việt Nam đăng quang ASEAN Cup 2026.","Cờ đỏ sao vàng tung bay, tiếng hô “Việt Nam vô địch” vang lên khắp các tuyến đường TPHCM, hòa cùng niềm vui vỡ òa của người hâm mộ sau khi đội tuyển Việt Nam đăng quang ASEAN Cup 2026.",0.15,1.0,1.0,8.7,SYNDICATED_COPY,,dupfam_effca3d27c6d,description_overlap>=0.6
qc_0002,POSITIVE_SYNDICATED_COPY,3d50a3291203a9b6,901b56cfd51a5f2a,dantri,vnexpress,https://dantri.com.vn/thoi-su/tong-bi-thu-chu-tich-nuoc-len-duong-cong-du-my-canada-20260920121017149.htm,https://vnexpress.net/tong-bi-thu-chu-tich-nuoc-to-lam-len-duong-cong-du-my-canada-5122430.html,"Tổng Bí thư, Chủ tịch nước lên đường công du Mỹ, Canada","Tổng Bí thư, Chủ tịch nước Tô Lâm lên đường công du Mỹ, Canada","Ngày 20/9, Tổng Bí thư, Chủ tịch nước Tô Lâm lên đường tham dự Phiên thảo luận cấp cao Đại hội đồng Liên Hợp Quốc khóa 81, hoạt động song phương tại Mỹ và thăm cấp Nhà nước tới Canada.","Tổng Bí thư, Chủ tịch nước Tô Lâm lên đường tham dự Phiên thảo luận cấp cao Đại hội đồng LHQ, hoạt động song phương tại Mỹ và thăm cấp nhà nước tới Canada.",0.714,0.738,,1.1,SYNDICATED_COPY,,dupfam_63dd0bee34bf,description_overlap>=0.6
qc_0003,REJECTED_BORDERLINE,ff9c31af0a933733,7afb1a78ee56f8bb,vietnamnet,vietnamnet,https://vietnamnet.vn/du-bao-thoi-tiet-15-9-dong-bang-bac-bo-mua-rat-lon-ha-noi-giam-con-27-do-2547644.html,https://vietnamnet.vn/du-bao-thoi-tiet-16-9-ha-noi-va-6-tinh-tiep-tuc-mua-lon-co-noi-tren-250mm-2514376.html,"Dự báo thời tiết 15/9: Đồng bằng Bắc Bộ mưa rất lớn, Hà Nội giảm còn 27 độ","Dự báo thời tiết 16/9: Hà Nội và 6 tỉnh tiếp tục mưa lớn, có nơi trên 250mm","Dự báo thời tiết ngày 15/9/2026, nhiều nơi ở miền Bắc tiếp tục hứng mưa lớn, trong đó phía Nam tỉnh Phú Thọ, Hưng Yên, Ninh Bình và Thanh Hóa có mưa to đến rất to. Trung Bộ đến cao nguyên Trung Bộ và Nam Bộ mưa to cục bộ.","Dự báo thời tiết ngày 16/9/2026, nhiều nơi ở miền Bắc và Thanh Hóa, Nghệ An tiếp tục mưa lớn, trong đó Hà Nội có mưa to đến rất to. Trung Bộ đến cao nguyên Trung Bộ và Nam Bộ mưa to cục bộ.",0.125,0.559,0.286,25.0,SAME_EVENT_INDEPENDENT,,,headline_or_lede_overlap_without_copy_level_description_match
qc_0004,REJECTED_BORDERLINE,5c864d05b9d57b16,7df1bcf8bd615120,vietnamnet,vietnamnet,https://vietnamnet.vn/cong-an-tp-can-tho-bat-tam-giam-chu-tai-khoan-facebook-tphuoc-ly-2550391.html,https://vietnamnet.vn/bat-tam-giam-nguoi-dan-ong-bi-cao-buoc-loi-dung-quyen-tu-do-dan-chu-2549903.html,Công an TP Cần Thơ bắt tạm giam chủ tài khoản Facebook &apos;Tphuoc Ly&apos;,Bắt tạm giam người đàn ông bị cáo buộc lợi dụng quyền tự do dân chủ,"Cơ quan Cảnh sát điều tra Công an TP Cần Thơ khởi tố, bắt tạm giam Lý Tín Phước, chủ tài khoản Facebook “Tphuoc Ly”, để điều tra hành vi lợi dụng các quyền tự do dân chủ xâm phạm lợi ích của Nhà nước, quyền, lợi ích hợp pháp của tổ chức, cá nhân.","Công an TP Cần Thơ khởi tố, bắt tạm giam Nguyễn Ngọc Thảo để điều tra cáo buộc lợi dụng các quyền tự do dân chủ xâm phạm lợi ích của Nhà nước, quyền và lợi ích hợp pháp của tổ chức, cá nhân.",0.077,0.541,,26.4,SAME_EVENT_INDEPENDENT,,,headline_or_lede_overlap_without_copy_level_description_match
qc_0005,REJECTED_BORDERLINE,7289812c56e27cc3,1f9b09fc51059260,vietnamnet,vietnamnet,https://vietnamnet.vn/cuu-truong-cong-an-phu-quoc-bi-tuyen-phat-18-nam-tu-2556437.html,https://vietnamnet.vn/cuu-truong-cong-an-phu-quoc-bi-de-nghi-14-16-nam-tu-2554348.html,Cựu Trưởng Công an Phú Quốc bị tuyên phạt 18 năm tù,Cựu Trưởng Công an Phú Quốc bị đề nghị 14-16 năm tù,TAND tỉnh An Giang vừa tuyên phạt bị cáo Lê Văn Mót (cựu Trưởng Công an TP Phú Quốc cũ) 18 năm tù về tội Lừa đảo chiếm đoạt tài sản.,Cựu Trưởng Công an TP Phú Quốc (cũ) Lê Văn Mót bị VKSND tỉnh An Giang đề nghị phạt 14-16 năm tù về tội Lừa đảo chiếm đoạt tài sản.,0.438,0.5,0.0,162.8,SAME_EVENT_INDEPENDENT,,,headline_or_lede_overlap_without_copy_level_description_match
qc_0006,REJECTED_BORDERLINE,960e9db39c4b6636,39579b0717bdf1f5,vietnamnet,vietnamnet,https://vietnamnet.vn/bo-doi-dao-900m-dat-phat-hien-them-26-hai-cot-liet-si-o-cong-vien-le-thi-rieng-2548730.html,https://vietnamnet.vn/tim-thay-them-24-hai-cot-liet-si-cung-khan-chai-dau-gio-o-cong-vien-le-thi-rieng-2547833.html,"Bộ đội đào 900m³ đất, phát hiện thêm 26 hài cốt liệt sĩ ở công viên Lê Thị Riêng","Tìm thấy thêm 24 hài cốt liệt sĩ cùng khăn, chai dầu gió ở công viên Lê Thị Riêng","Bộ Tư lệnh TPHCM cho biết, trong ngày 24/8, đội quy tập đào hơn 900m³ đất, tìm được thêm 26 hài cốt liệt sĩ cùng 10 bộ di vật kèm theo tại rãnh mộ thứ hai ở công viên Lê Thị Riêng.","Bộ Tư lệnh TPHCM cho biết, đội quy tập vừa tìm được thêm 24 hài cốt liệt sĩ cùng nhiều di vật kèm theo như chai dầu gió, khăn... tại rãnh mộ thứ hai ở công viên Lê Thị Riêng.",0.286,0.473,0.2,72.8,SAME_EVENT_INDEPENDENT,,,headline_or_lede_overlap_without_copy_level_description_match
qc_0007,REJECTED_BORDERLINE,c45cf14472cb741b,a59fa3758f13c85e,vietnamnet,vietnamnet,https://vietnamnet.vn/cong-an-vao-cuoc-vu-nguoi-dan-ong-danh-cho-alaska-o-da-lat-2551581.html,https://vietnamnet.vn/nguoi-dan-ong-danh-cho-alaska-o-da-lat-bi-phat-2-trieu-dong-2552293.html,Công an vào cuộc vụ người đàn ông đánh chó Alaska ở Đà Lạt,Người đàn ông đánh chó Alaska ở Đà Lạt bị phạt 2 triệu đồng,"Công an phường Xuân Hương - Đà Lạt (tỉnh Lâm Đồng) đã vào cuộc xác minh, làm rõ việc một người đàn ông đánh đập con chó Alaska tại quảng trường Lâm Viên.",Người đàn ông bị Công an phường Xuân Hương - Đà Lạt (tỉnh Lâm Đồng) xử phạt 2 triệu đồng sau khi có hành động đánh đập con chó Alaska tại quảng trường Lâm Viên.,0.444,0.455,,353.8,SAME_EVENT_INDEPENDENT,,,headline_or_lede_overlap_without_copy_level_description_match
qc_0008,REJECTED_BORDERLINE,4c023aab0e6ea006,3716c04a309726f9,vietnamnet,vietnamnet,https://vietnamnet.vn/du-bao-thoi-tiet-8-9-2026-khong-khi-lanh-sap-tran-ve-mien-bac-gay-mua-giong-2547664.html,https://vietnamnet.vn/du-bao-thoi-tiet-7-9-2026-mien-bac-co-noi-nang-nong-sap-don-khong-khi-lanh-yeu-2547666.html,"Dự báo thời tiết 8/9/2026: Không khí lạnh sắp tràn về miền Bắc, gây mưa giông","Dự báo thời tiết 7/9/2026: Miền Bắc có nơi nắng nóng, sắp đón không khí lạnh yếu","Dự báo thời tiết ngày 8/9/2026, Bắc Bộ có nơi nắng nóng trước khi đón không khí lạnh đầu mùa gây mưa giông. Từ Trung Bộ đến cao nguyên Trung Bộ và Nam Bộ vẫn có mưa to cục bộ vào chiều tối.","Dự báo thời tiết ngày 7/9/2026, miền Bắc duy trì trời nắng, khoảng giữa tuần đón không khí lạnh yếu gây mưa giông rải rác. Từ Trung Bộ đến cao nguyên Trung Bộ và Nam Bộ có mưa to cục bộ vào chiều tối.",0.25,0.45,0.5,48.5,SAME_EVENT_INDEPENDENT,,,headline_or_lede_overlap_without_copy_level_description_match
qc_0009,PREDICTED_SAME_EVENT_INDEPENDENT,feff47017b6011eb,6a2d5c87c344a009,vietnamnet,vietnamnet,https://vietnamnet.vn/ham-chung-cu-ngap-sau-2m-khoang-30-xe-may-cung-nhieu-tai-san-bi-nham-chim-2556944.html,https://vietnamnet.vn/clip-o-to-di-qua-tao-song-lam-sap-thanh-chan-nuoc-o-at-tran-vao-ham-chung-cu-2556828.html,"Hầm chung cư ngập sâu 2m, khoảng 30 xe máy cùng nhiều tài sản bị nhấm chìm","Clip ô tô đi qua tạo sóng làm sập thanh chắn, nước ồ ạt tràn vào hầm chung cư","Xe bán tải đi qua đoạn đường ngập tạo sóng nước, làm sập thanh chắn cửa hầm chung cư ở Nghệ An. Nước từ đường ồ ạt tràn xuống, nhấn chìm khoảng 30 xe máy cùng nhiều tài sản.","Xe bán tải đi qua đoạn đường ngập sâu tạo sóng nước, làm sập thanh chắn khiến nước từ ngoài đường ồ ạt tràn xuống hầm để xe một chung cư ở Nghệ An.",0.062,0.449,,18.6,SAME_EVENT_INDEPENDENT,,,headline_or_lede_overlap_without_copy_level_description_match
qc_0010,PREDICTED_SAME_EVENT_INDEPENDENT,c3197ec8b15a025e,225d424669d60057,vietnamnet,vietnamnet,https://vietnamnet.vn/nguoi-dan-gop-y-ve-de-xuat-cong-trinh-khai-hoan-mon-ben-ho-hoan-kiem-2553253.html,https://vietnamnet.vn/cong-bo-phoi-canh-khu-vuc-quanh-ho-hoan-kiem-co-diem-nhan-bieu-tuong-2552646.html,Người dân góp ý về đề xuất công trình &apos;Khải hoàn môn&apos; bên hồ Hoàn Kiếm,"Công bố phối cảnh khu vực quanh hồ Hoàn Kiếm có điểm nhấn, biểu tượng","Hà Nội đang lấy ý kiến người dân về phương án quy hoạch kiến trúc, cảnh quan khu vực hồ Hoàn Kiếm và vùng phụ cận. Trong đó, thiết kế Khải hoàn môn nhận được sự quan tâm của đông đảo người dân.","UBND TP Hà Nội đang lấy ý kiến người dân về phương án quy hoạch kiến trúc cảnh quan khu vực hồ Hoàn Kiếm và vùng phụ cận. Theo phối cảnh, nhiều công trình được bố trí tạo điểm nhấn và biểu tượng.",0.074,0.431,,67.6,SAME_EVENT_INDEPENDENT,,,headline_or_lede_overlap_without_copy_level_description_match
qc_0011,PREDICTED_SAME_EVENT_INDEPENDENT,70ead58afccac978,44b583be60b8f385,vietnamnet,vietnamnet,https://vietnamnet.vn/du-bao-thoi-tiet-5-9-2026-ca-nuoc-nang-nhe-sang-khai-giang-chieu-co-the-mua-2547669.html,https://vietnamnet.vn/du-bao-thoi-tiet-28-8-2026-mien-bac-mua-rai-rac-truoc-khi-hung-tiep-dot-mua-lon-2547692.html,"Dự báo thời tiết 5/9/2026: Cả nước nắng nhẹ sáng khai giảng, chiều có thể mưa",Dự báo thời tiết 28/8/2026: Miền Bắc mưa rải rác trước khi hứng tiếp đợt mưa lớn,"Dự báo thời tiết ngày 5/9/2026, Bắc Bộ và Thanh Hóa đến Hà Tĩnh có nắng nóng cục bộ; các khu vực khác ở Trung Bộ và Nam Bộ chiều và tối có mưa rào và giông rải rác, cục bộ có nơi mưa to.","Dự báo thời tiết ngày 28/8/2026, miền Bắc có mưa rào và giông rải rác, cục bộ có nơi mưa to. Trung Bộ có nắng, nhiều nơi nắng nóng. Cao nguyên Trung Bộ và Nam Bộ chiều tối có mưa giông.",0.094,0.407,0.2,188.9,SAME_EVENT_INDEPENDENT,,,headline_or_lede_overlap_without_copy_level_description_match
qc_0012,PREDICTED_SAME_EVENT_INDEPENDENT,4facf45191f15bc6,8439ac65384cb713,tuoitre,vnexpress,https://tuoitre.vn/nam-2027-chua-thi-diem-thi-tot-nghiep-thpt-tren-may-tinh-100260920193150321.htm,https://vnexpress.net/chua-thi-diem-thi-tot-nghiep-thpt-tren-may-tinh-nam-2027-5122463.html,Năm 2027 chưa thí điểm thi tốt nghiệp THPT trên máy tính,Chưa thí điểm thi tốt nghiệp THPT trên máy tính năm 2027,Phó thủ tướng Lê Tiến Châu chỉ đạo chưa tổ chức thí điểm thi trên máy tính đối với kỳ thi tốt nghiệp THPT năm 2027 như Bộ Giáo dục và Đào tạo đã đề xuất. Việc tổ chức thi phải đặt công bằng giữa các thí sinh là nguyên tắc cao nhất.,"Phó Thủ tướng chỉ đạo chưa thí điểm thi tốt nghiệp THPT trên máy tính vào năm 2027 như đề xuất của Bộ Giáo dục và Đào tạo, đảm bảo nguyên tắc công bằng giữa các thí sinh.",0.833,0.397,1.0,6.9,SAME_EVENT_INDEPENDENT,,,headline_or_lede_overlap_without_copy_level_description_match
qc_0013,RECALL_PROBE_HIGH_TITLE_LOW_DESC,e4f35989283e2d77,549a6e772f4a960d,vietnamnet,vietnamnet,https://vietnamnet.vn/mo-lai-phien-toa-xet-xu-tai-xe-tong-tu-vong-nu-sinh-o-vinh-long-2551614.html,https://vietnamnet.vn/xet-xu-tai-xe-tong-tu-vong-nu-sinh-o-vinh-long-2550016.html,Mở lại phiên tòa xét xử tài xế tông tử vong nữ sinh ở Vĩnh Long,Xét xử tài xế tông tử vong nữ sinh ở Vĩnh Long,"Ngày 17/9, Tòa án Nhân dân khu vực 4 - Vĩnh Long sẽ mở lại phiên xét xử bị cáo Nguyễn Văn Bảo Trung, tài xế xe tải tông tử vong nữ sinh Nguyễn Ngọc Bảo Trân.","Hôm nay, TAND khu vực 4 - Vĩnh Long mở phiên xét xử sơ thẩm bị cáo Nguyễn Văn Bảo Trung, tài xế xe tải trong vụ tai nạn khiến nữ sinh Nguyễn Ngọc Bảo Trân (SN 2010) tử vong.",0.733,0.396,0.25,14.1,SAME_EVENT_INDEPENDENT,,,headline_or_lede_overlap_without_copy_level_description_match
qc_0014,RECALL_PROBE_HIGH_TITLE_LOW_DESC,c361de2efa420eb3,44e9c6dc680f526d,vietnamnet,thanhnien,https://vietnamnet.vn/tphcm-tim-nhan-chung-ve-noi-chon-cat-hon-100-liet-si-mau-than-1968-o-go-vap-2556641.html,https://thanhnien.vn/tim-nhan-chung-ve-noi-chon-cat-liet-si-mau-than-1968-o-go-vap-185260920151302116.htm,TPHCM tìm nhân chứng về nơi chôn cất hơn 100 liệt sĩ Mậu Thân 1968 ở Gò Vấp,Tìm nhân chứng về nơi chôn cất liệt sĩ Mậu Thân 1968 ở Gò Vấp,"Bộ Tư lệnh TPHCM đang phối hợp xác minh thông tin phục vụ tìm kiếm, quy tập hài cốt hơn 100 liệt sĩ hy sinh trong Tết Mậu Thân 1968, nghi được chôn tại khu vực nay là Đài tưởng niệm liệt sĩ quận Gò Vấp (cũ).","Bộ Tư lệnh TP.HCM kêu gọi cung cấp thông tin về các trường hợp hy sinh trong Tết Mậu Thân 1968, được cho là chôn cất tại khu vực Đài tưởng niệm liệt sĩ quận Gò Vấp cũ.",0.722,0.297,0.5,0.9,SAME_EVENT_INDEPENDENT,,,headline_or_lede_overlap_without_copy_level_description_match
qc_0015,RECALL_PROBE_HIGH_TITLE_LOW_DESC,80403dc30adf91ae,994bc7ec7e68bd3c,vietnamnet,vietnamnet,https://vietnamnet.vn/thoi-su-sang-19-9-tim-thay-thi-the-nam-sinh-bi-nuoc-cuon-xuong-cong-o-ha-noi-2556535.html,https://vietnamnet.vn/tim-thay-thi-the-nam-sinh-bi-nuoc-cuon-xuong-cong-o-ha-noi-2556377.html,Thời sự sáng 19/9: Tìm thấy thi thể nam sinh bị nước cuốn xuống cống ở Hà Nội,Tìm thấy thi thể nam sinh bị nước cuốn xuống cống ở Hà Nội,"Tìm thấy thi thể nam sinh viên bị nước cuốn xuống cống ở Hà Nội; bắt khẩn cấp bố của cô gái mang thai giả trong vụ nhiều người kéo đến bệnh viện to tiếng,... là các thông tin thời sự đáng chú ý trong sáng 19/09/2026.","Một nam sinh viên bị nước cuốn xuống cống trên phố Viên, phường Đông Ngạc, TP Hà Nội. Lực lượng chức năng vừa tìm thấy thi thể nam sinh này.",0.722,0.188,,15.2,SAME_EVENT_INDEPENDENT,,,headline_or_lede_overlap_without_copy_level_description_match
qc_0016,RECALL_PROBE_HIGH_TITLE_LOW_DESC,67190b7a45109b90,0feea08b6ada8155,vietnamnet,vietnamnet,https://vietnamnet.vn/bien-nguoi-tphcm-di-bao-xuyen-dem-mung-tuyen-viet-nam-chien-thang-2548202.html,https://vietnamnet.vn/bien-nguoi-tphcm-di-bao-xuyen-dem-mung-tuyen-viet-nam-vo-dich-2549546.html,Biển người TPHCM &apos;đi bão&apos; xuyên đêm mừng tuyển Việt Nam chiến thắng,Biển người TPHCM &apos;đi bão&apos; xuyên đêm mừng tuyển Việt Nam vô địch,"Hàng nghìn người đổ về các tuyến đường trung tâm TPHCM, phất cờ, reo hò, hòa cùng tiếng còi xe sau khi tuyển Việt Nam đánh bại Thái Lan 2-0 ở chung kết lượt đi ASEAN Cup 2026.","Cờ đỏ sao vàng tung bay, tiếng hô “Việt Nam vô địch” vang lên khắp các tuyến đường TPHCM, hòa cùng niềm vui vỡ òa của người hâm mộ sau khi đội tuyển Việt Nam đăng quang ASEAN Cup 2026.",0.714,0.118,0.333,89.1,SAME_EVENT_INDEPENDENT,,,headline_or_lede_overlap_without_copy_level_description_match
qc_0017,RECALL_PROBE_HIGH_TITLE_LOW_DESC,a6be59da59fee088,ad58a261e215e6d9,vietnamnet,vietnamnet,https://vietnamnet.vn/tai-nan-giua-o-to-tai-va-xe-may-o-dong-nai-3-nguoi-tu-vong-tai-cho-2553009.html,https://vietnamnet.vn/tin-tuc-thoi-su-8-9-tai-nan-giua-o-to-tai-va-xe-may-3-nguoi-tu-vong-tai-cho-2553100.html,"Tai nạn giữa ô tô tải và xe máy, 3 người tử vong tại chỗ","Tin tức Thời sự 8/9: Tai nạn giữa ô tô tải và xe máy, 3 người tử vong tại chỗ","Vụ tai nạn giữa ô tô tải và xe máy tại ngã tư Cổng 11 (TP Đồng Nai) khiến một phụ nữ cùng 2 trẻ em tử vong tại chỗ, một trẻ khác bị thương nặng.","Tai nạn giữa ô tô tải và xe máy, 3 người tử vong tại chỗ; cháy xe giường nằm trên cao tốc Cam Lâm - Vĩnh Hảo khiến một người tử vong,... là các tin tức thời sự đáng chú ý hôm nay ngày 8/9/2026.",0.7,0.182,0.167,8.1,SAME_EVENT_INDEPENDENT,,,headline_or_lede_overlap_without_copy_level_description_match
qc_0018,RECALL_PROBE_HIGH_TITLE_LOW_DESC,a7e8e124546dd2fd,e095bf0523c655cb,vietnamnet,vnexpress,https://vietnamnet.vn/chu-tich-ha-noi-yeu-cau-lam-ro-trach-nhiem-vu-nam-sinh-nga-xuong-cong-tu-vong-2557010.html,https://vnexpress.net/ha-noi-yeu-cau-lam-ro-trach-nhiem-vu-nam-sinh-nga-xuong-cong-tu-vong-5122437.html,Chủ tịch Hà Nội yêu cầu làm rõ trách nhiệm liên quan vụ nam sinh ngã xuống cống tử vong,Hà Nội yêu cầu làm rõ trách nhiệm vụ nam sinh ngã xuống cống tử vong,"UBND phường Đông Ngạc (Hà Nội) được giao xác minh phản ánh về tình trạng tuyến đường thường xuyên ngập úng, làm rõ trách nhiệm tổ chức, cá nhân liên quan vụ nam sinh Đại học Mỏ - Địa chất ngã xuống cống tử vong.","Chủ tịch UBND TP Hà Nội yêu cầu làm rõ nguyên nhân, xác định trách nhiệm và giải pháp xử lý vụ nam sinh bị ngã xuống cống tử vong tại phường Đông Ngạc.",0.7,0.169,,0.9,SAME_EVENT_INDEPENDENT,,,headline_or_lede_overlap_without_copy_level_description_match
qc_0019,RECALL_PROBE_HIGH_TITLE_LOW_DESC,4facf45191f15bc6,7829458e2a9c9cd9,tuoitre,thanhnien,https://tuoitre.vn/nam-2027-chua-thi-diem-thi-tot-nghiep-thpt-tren-may-tinh-100260920193150321.htm,https://thanhnien.vn/chua-thi-diem-thi-tot-nghiep-thpt-tren-may-tinh-vao-2027-185260920134257832.htm,Năm 2027 chưa thí điểm thi tốt nghiệp THPT trên máy tính,Chưa thí điểm thi tốt nghiệp THPT trên máy tính vào 2027,Phó thủ tướng Lê Tiến Châu chỉ đạo chưa tổ chức thí điểm thi trên máy tính đối với kỳ thi tốt nghiệp THPT năm 2027 như Bộ Giáo dục và Đào tạo đã đề xuất. Việc tổ chức thi phải đặt công bằng giữa các thí sinh là nguyên tắc cao nhất.,Phó thủ tướng Lê Tiến Châu yêu cầu trước mắt chưa tổ chức thí điểm thi trên máy tính đối với kỳ thi tốt nghiệp THPT năm 2027.,0.692,0.393,1.0,5.1,SAME_EVENT_INDEPENDENT,,,headline_or_lede_overlap_without_copy_level_description_match
qc_0020,RECALL_PROBE_HIGH_TITLE_LOW_DESC,8439ac65384cb713,7829458e2a9c9cd9,vnexpress,thanhnien,https://vnexpress.net/chua-thi-diem-thi-tot-nghiep-thpt-tren-may-tinh-nam-2027-5122463.html,https://thanhnien.vn/chua-thi-diem-thi-tot-nghiep-thpt-tren-may-tinh-vao-2027-185260920134257832.htm,Chưa thí điểm thi tốt nghiệp THPT trên máy tính năm 2027,Chưa thí điểm thi tốt nghiệp THPT trên máy tính vào 2027,"Phó Thủ tướng chỉ đạo chưa thí điểm thi tốt nghiệp THPT trên máy tính vào năm 2027 như đề xuất của Bộ Giáo dục và Đào tạo, đảm bảo nguyên tắc công bằng giữa các thí sinh.",Phó thủ tướng Lê Tiến Châu yêu cầu trước mắt chưa tổ chức thí điểm thi trên máy tính đối với kỳ thi tốt nghiệp THPT năm 2027.,0.692,0.185,1.0,1.9,SAME_EVENT_INDEPENDENT,,,headline_or_lede_overlap_without_copy_level_description_match
qc_0021,RECALL_PROBE_HIGH_TITLE_LOW_DESC,89603527aa712493,2f2afe55783ede60,vietnamnet,vietnamnet,https://vietnamnet.vn/loi-khai-cua-2-thanh-nien-treu-gheo-co-gai-danh-ban-trai-trong-quan-an-2550623.html,https://vietnamnet.vn/nhom-thanh-nien-treu-gheo-co-gai-danh-ban-trai-trong-quan-an-2549897.html,"Lời khai của 2 thanh niên trêu ghẹo cô gái, đánh bạn trai trong quán ăn","Nhóm thanh niên trêu ghẹo cô gái, đánh bạn trai trong quán ăn","Đinh Xuân Đông và Đinh Văn Lương khai đã chửi bới, khiêu khích rồi dùng tay đánh nhiều lần vào vùng mặt, đầu một nam thanh niên sau khi xảy ra mâu thuẫn tại quán ăn ở Hà Nội.","Thấy cô gái không đáp lại lời trêu ghẹo, nhóm thanh niên quay sang gây gổ rồi đánh bạn trai của cô này trong quán ăn.",0.688,0.033,,14.9,SAME_EVENT_INDEPENDENT,,,headline_or_lede_overlap_without_copy_level_description_match
qc_0022,RECALL_PROBE_HIGH_TITLE_LOW_DESC,5694229701d13f51,fca4464820af609b,vietnamnet,vietnamnet,https://vietnamnet.vn/loi-khai-cua-nhom-doi-tuong-dung-cong-so-8-khong-che-nguoi-ep-viet-giay-no-2552730.html,https://vietnamnet.vn/bat-khan-cap-nhom-doi-tuong-dung-cong-so-8-khong-che-nguoi-ep-viet-giay-no-2548279.html,"Lời khai của nhóm đối tượng dùng còng số 8 khống chế người, ép viết giấy nợ","Bắt khẩn cấp nhóm đối tượng dùng còng số 8 khống chế người, ép viết giấy nợ","Theo lời khai, nhóm đối tượng cho rằng người đàn ông nhiều lần hứa trả nợ nhưng không thực hiện nên tìm đến khống chế, dùng còng số 8 khóa tay và đưa đi nhiều nơi để buộc viết giấy nhận nợ.","Phát hiện con nợ đang dắt khách đi xem đất, Trung và Thành ở Vĩnh Long đến đánh đập, dùng còng số 8 khóa tay chở về nhà riêng ép viết giấy nợ 520 triệu đồng.",0.684,0.086,0.5,652.0,SAME_EVENT_INDEPENDENT,,,headline_or_lede_overlap_without_copy_level_description_match
qc_0023,RECALL_PROBE_HIGH_TITLE_LOW_DESC,f087e321087fbbac,c361de2efa420eb3,dantri,vietnamnet,https://dantri.com.vn/thoi-su/tphcm-tim-nhan-chung-ve-noi-chon-cat-hon-100-liet-si-tran-tet-mau-than-1968-20260920170529063.htm,https://vietnamnet.vn/tphcm-tim-nhan-chung-ve-noi-chon-cat-hon-100-liet-si-mau-than-1968-o-go-vap-2556641.html,TPHCM tìm nhân chứng về nơi chôn cất hơn 100 liệt sĩ trận Tết Mậu Thân 1968,TPHCM tìm nhân chứng về nơi chôn cất hơn 100 liệt sĩ Mậu Thân 1968 ở Gò Vấp,"(Dân trí) - Bộ Tư lệnh TPHCM đang khẩn trương thu thập thông tin, tìm nhân chứng lịch sử nhằm xác minh vị trí chôn cất hơn 100 liệt sĩ hy sinh trong đợt tiến công Tết Mậu Thân 1968 tại khu vực Đài tưởng niệm liệt sĩ Gò Vấp.","Bộ Tư lệnh TPHCM đang phối hợp xác minh thông tin phục vụ tìm kiếm, quy tập hài cốt hơn 100 liệt sĩ hy sinh trong Tết Mậu Thân 1968, nghi được chôn tại khu vực nay là Đài tưởng niệm liệt sĩ quận Gò Vấp (cũ).",0.65,0.296,1.0,2.5,SAME_EVENT_INDEPENDENT,,,headline_or_lede_overlap_without_copy_level_description_match
qc_0024,RECALL_PROBE_HIGH_TITLE_LOW_DESC,298533772fbd6781,2f2afe55783ede60,vietnamnet,vietnamnet,https://vietnamnet.vn/khoi-to-2-thanh-nien-treu-gheo-co-gai-danh-ban-trai-trong-quan-an-2550726.html,https://vietnamnet.vn/nhom-thanh-nien-treu-gheo-co-gai-danh-ban-trai-trong-quan-an-2549897.html,"Khởi tố 2 thanh niên trêu ghẹo cô gái, đánh bạn trai trong quán ăn ở Hà Nội","Nhóm thanh niên trêu ghẹo cô gái, đánh bạn trai trong quán ăn","Hai thanh niên trêu ghẹo cô gái, chửi bới, khiêu khích rồi đánh bạn trai và người can ngăn trong quán ăn, bị khởi tố.","Thấy cô gái không đáp lại lời trêu ghẹo, nhóm thanh niên quay sang gây gổ rồi đánh bạn trai của cô này trong quán ăn.",0.611,0.195,,0.2,SAME_EVENT_INDEPENDENT,,,headline_or_lede_overlap_without_copy_level_description_match
qc_0025,RECALL_PROBE_HIGH_TITLE_LOW_DESC,89603527aa712493,298533772fbd6781,vietnamnet,vietnamnet,https://vietnamnet.vn/loi-khai-cua-2-thanh-nien-treu-gheo-co-gai-danh-ban-trai-trong-quan-an-2550623.html,https://vietnamnet.vn/khoi-to-2-thanh-nien-treu-gheo-co-gai-danh-ban-trai-trong-quan-an-2550726.html,"Lời khai của 2 thanh niên trêu ghẹo cô gái, đánh bạn trai trong quán ăn","Khởi tố 2 thanh niên trêu ghẹo cô gái, đánh bạn trai trong quán ăn ở Hà Nội","Đinh Xuân Đông và Đinh Văn Lương khai đã chửi bới, khiêu khích rồi dùng tay đánh nhiều lần vào vùng mặt, đầu một nam thanh niên sau khi xảy ra mâu thuẫn tại quán ăn ở Hà Nội.","Hai thanh niên trêu ghẹo cô gái, chửi bới, khiêu khích rồi đánh bạn trai và người can ngăn trong quán ăn, bị khởi tố.",0.6,0.107,1.0,15.1,SAME_EVENT_INDEPENDENT,,,headline_or_lede_overlap_without_copy_level_description_match
qc_0026,RECALL_PROBE_HIGH_TITLE_LOW_DESC,d0d7f7472068d73e,549a6e772f4a960d,vietnamnet,vietnamnet,https://vietnamnet.vn/hinh-anh-tai-xe-tong-tu-vong-nu-sinh-o-vinh-long-tai-toa-2550052.html,https://vietnamnet.vn/xet-xu-tai-xe-tong-tu-vong-nu-sinh-o-vinh-long-2550016.html,Hình ảnh tài xế tông tử vong nữ sinh ở Vĩnh Long tại tòa,Xét xử tài xế tông tử vong nữ sinh ở Vĩnh Long,"Bị cáo Nguyễn Văn Bảo Trung, tài xế ô tô tông nữ sinh tử vong ở Vĩnh Long, được người thân dìu đến tòa trong tình trạng đi cà nhắc.","Hôm nay, TAND khu vực 4 - Vĩnh Long mở phiên xét xử sơ thẩm bị cáo Nguyễn Văn Bảo Trung, tài xế xe tải trong vụ tai nạn khiến nữ sinh Nguyễn Ngọc Bảo Trân (SN 2010) tử vong.",0.6,0.175,,538.8,SAME_EVENT_INDEPENDENT,,,headline_or_lede_overlap_without_copy_level_description_match
qc_0027,UNRELATED_CONTROL,3ff2ed1e64f0aeb6,d31fd3fd81c06ce0,vietnamnet,thanhnien,https://vietnamnet.vn/thuc-hu-clip-nguoi-phu-nu-bo-bot-di-thi-sat-hach-lai-o-to-hut-1-1-trieu-view-2548057.html,https://thanhnien.vn/lo-linh-kien-tiem-kich-f-35-bi-chuyen-sang-hong-kong-quoc-hoi-my-dieu-tra-18526092019102123.htm,"Thực hư clip người phụ nữ bó bột đi thi sát hạch lái ô tô hút 1,1 triệu view","Lô linh kiện tiêm kích F-35 bị chuyển sang Hồng Kông, Quốc hội Mỹ điều tra","Một đoạn clip ghi cảnh người phụ nữ tay bó bột vẫn lái ô tô, kèm thông tin cho rằng đang tham gia thi sát hạch, thu hút hơn 1,1 triệu lượt xem và gây xôn xao trên mạng xã hội. Công an xác minh thông tin này là sai sự thật.",Một lô hàng chứa các linh kiện bí mật của dòng tiêm kích tàng hình F-35 được chuyển từ Úc về Mỹ đã bất ngờ bị chuyển sang Hồng Kông và biến mất.,0.0,0.0,0.0,21.8,UNRELATED,,,below_all_similarity_thresholds
qc_0028,UNRELATED_CONTROL,e9a6a58ea6f44a74,dc514d109d410021,vietnamnet,vietnamnet,https://vietnamnet.vn/tim-nam-sinh-vien-chay-xe-om-cong-nghe-roi-mat-tich-o-tphcm-2556860.html,https://vietnamnet.vn/mua-trang-troi-ha-noi-nhieu-tuyen-pho-ngap-song-ho-dang-nhanh-2555991.html,Nam sinh viên chạy xe ôm công nghệ rồi mất tích ở TPHCM,"Hà Nội mưa trắng trời, nhiều tuyến phố ngập sâu","Phan Văn Khải, 21 tuổi, sinh viên năm cuối một trường đại học ở TPHCM, mất liên lạc sau khi rời phòng trọ để chạy xe ôm công nghệ hôm 16/7. Gia đình đã trình báo công an và tổ chức tìm kiếm nhiều ngày qua.","Mưa lớn kéo dài từ đêm 16 đến rạng sáng 17/9 khiến nhiều khu vực Hà Nội ghi nhận lượng mưa 80-160mm, có nơi gần 200mm. Hàng loạt điểm ngập xuất hiện, nhiều trạm bơm được vận hành để tiêu thoát nước.",0.0,0.0,0.125,53.8,UNRELATED,,,below_all_similarity_thresholds
qc_0029,UNRELATED_CONTROL,0316b34f5277161b,47e649fe8fda5ee4,vietnamnet,vietnamnet,https://vietnamnet.vn/ha-noi-chuan-bi-cai-tao-chung-cu-cu-nguoi-dan-dong-san-do-ngong-tung-ngay-roi-di-2545084.html,https://vietnamnet.vn/mot-thang-toi-bien-dong-co-the-xuat-hien-2-3-con-bao-atnd-1-con-do-bo-dat-lien-2547719.html,"Hà Nội chuẩn bị cải tạo chung cư cũ: Người dân đóng sẵn đồ, ngóng từng ngày rời đi","Biển Đông có thể xuất hiện 2-3 cơn bão hoặc áp thấp nhiệt đới, 1 cơn đổ bộ đất liền","Hà Nội đang đẩy nhanh kế hoạch cải tạo, xây dựng lại các khu chung cư cũ xuống cấp. Trong những căn hộ chật chội, thấm dột, người dân đang ngóng chờ từng ngày.","Trong một tháng tới, hoạt động bão và áp thấp nhiệt đới trên Biển Đông được dự báo tương đương trung bình nhiều năm, với khả năng có một cơn đổ bộ đất liền Việt Nam.",0.0,0.0,,704.5,UNRELATED,,,below_all_similarity_thresholds
qc_0030,UNRELATED_CONTROL,fca4464820af609b,16d734496744100a,vietnamnet,vietnamnet,https://vietnamnet.vn/bat-khan-cap-nhom-doi-tuong-dung-cong-so-8-khong-che-nguoi-ep-viet-giay-no-2548279.html,https://vietnamnet.vn/tphcm-sau-tran-mua-lon-hiem-gap-ngap-ca-dem-nguoi-dan-deo-ung-bi-bom-don-nha-2554307.html,"Bắt khẩn cấp nhóm đối tượng dùng còng số 8 khống chế người, ép viết giấy nợ","TPHCM sau trận mưa lớn hiếm gặp: Ngập cả đêm, người dân đeo ủng bì bõm dọn nhà","Phát hiện con nợ đang dắt khách đi xem đất, Trung và Thành ở Vĩnh Long đến đánh đập, dùng còng số 8 khóa tay chở về nhà riêng ép viết giấy nợ 520 triệu đồng.","Trận mưa lớn tối 10/9 khiến nhiều khu dân cư ở TPHCM ngập sâu. Sau một đêm, nước rút chậm, nhiều đồ đạc hư hỏng, người dân tất bật dọn dẹp, khắc phục hậu quả.",0.0,0.0,0.0,469.8,UNRELATED,,,below_all_similarity_thresholds
qc_0031,UNRELATED_CONTROL,a3a1849f5e2c5be2,1f69a46183d2eee2,vietnamnet,vietnamnet,https://vietnamnet.vn/bat-khan-cap-thanh-nien-19-tuoi-trom-vang-tri-gia-hon-1-ty-dong-cua-nguoi-phu-nu-2552521.html,https://vietnamnet.vn/danh-tinh-nguoi-dan-ong-len-vao-khu-bao-ton-dat-bay-san-thu-rung-2550788.html,Bắt khẩn cấp thanh niên 19 tuổi trộm vàng trị giá hơn 1 tỷ đồng,Danh tính người đàn ông lén vào khu bảo tồn đặt bẫy săn thú rừng,"Sau khi trộm số vàng trị giá hơn 1 tỷ đồng tại nhà một phụ nữ ở Vĩnh Long, thanh niên 19 tuổi rời khỏi địa phương, di chuyển qua nhiều nơi để lẩn trốn nhưng bị công an bắt tại một khách sạn ở Mũi Né.","Lợi dụng thời gian cưa cây thuê, người đàn ông 34 tuổi vào khu vực thuộc Khu bảo tồn thiên nhiên - văn hóa Đồng Nai đặt bẫy săn thú rừng, bắt được tê tê rồi nhờ người tìm mối bán.",0.0,0.0,0.0,501.2,UNRELATED,,,below_all_similarity_thresholds
qc_0032,UNRELATED_CONTROL,35189d76b209259a,229e6a3ddb48f8cc,vietnamnet,vietnamnet,https://vietnamnet.vn/nghe-an-xac-minh-thong-tin-cu-ong-thuong-xuyen-danh-dap-vo-gan-80-tuoi-2557089.html,https://vietnamnet.vn/giam-doc-cong-an-chi-dao-dieu-tra-vu-phat-hien-xuong-nguoi-trong-o-to-duoi-kenh-2556487.html,Xác minh thông tin cụ ông thường xuyên đánh đập vợ gần 80 tuổi,Giám đốc Công an chỉ đạo điều tra vụ phát hiện xương người trong ô tô dưới kênh,"Mạng xã hội lan truyền hình ảnh, thông tin cụ ông ở Nghệ An nhiều lần đánh đập vợ gần 80 tuổi. Chính quyền địa phương đã đề nghị cơ quan chức năng vào cuộc xác minh.","Ngày 18/9, Công an tỉnh Vĩnh Long cho biết, Giám đốc Công an tỉnh đã chỉ đạo các đơn vị nghiệp vụ khẩn trương xác minh, điều tra, làm rõ vụ phát hiện xương người trong ô tô dưới lòng kênh.",0.0,0.014,0.0,53.8,UNRELATED,,,below_all_similarity_thresholds
qc_0033,UNRELATED_CONTROL,89b066386c11a8ee,21f5dddaad76d09a,vietnamnet,dantri,https://vietnamnet.vn/hai-vu-tai-nan-lien-hoan-tren-cao-toc-11-oto-hu-hong-2550655.html,https://dantri.com.vn/giao-duc/bo-gddt-yeu-cau-cham-dut-tinh-trang-nang-diem-lam-dep-hoc-ba-20260920092759061.htm,"Hai vụ tai nạn liên hoàn trên cao tốc, 11 ôtô hư hỏng","Bộ GD&ĐT yêu cầu chấm dứt tình trạng nâng điểm, làm đẹp học bạ","Trong hai ngày 28-29/8, hai vụ tai nạn liên hoàn xảy ra trên cao tốc Nội Bài - Lào Cai và Phan Thiết - Dầu Giây, liên quan 12 ôtô, làm 11 xe hư hỏng, không gây thương vong.","(Dân trí) - Bộ Giáo dục và Đào tạo (GD&ĐT) yêu cầu các cơ sở giáo dục chấm dứt tình trạng nâng điểm, làm đẹp học bạ, chạy theo thành tích.",0.0,0.0,,0.4,UNRELATED,,,below_all_similarity_thresholds
qc_0034,UNRELATED_CONTROL,0b37f455b7d25eba,da6e6ed8eb335c45,vietnamnet,vietnamnet,https://vietnamnet.vn/nhac-nhom-hat-karaoke-gay-on-nguoi-dan-ong-bi-danh-nhap-vien-2551964.html,https://vietnamnet.vn/hai-cu-nhan-cong-nghe-thong-tin-tao-ma-doc-phat-tan-tren-mang-xa-hoi-2555905.html,"Nhắc nhóm hát karaoke gây ồn, người đàn ông bị đánh nhập viện","Hai cử nhân công nghệ thông tin tạo mã độc, phát tán trên mạng xã hội","Sau khi đến nhắc nhở một nhóm hơn 10 người đang ngồi nhậu và hát karaoke gây ồn ào, người đàn ông ở Đắk Lắk đã bị đánh hội đồng gây thương tích.","Hai cử nhân công nghệ thông tin rủ nhau tạo mã độc, đính kèm vào các tập tin rồi phát tán trên mạng xã hội. Khi nạn nhân tải về và mở tập tin, mã độc tự động xâm nhập máy tính, chiếm đoạt thông tin tài khoản Facebook.",0.0,0.0,,290.2,UNRELATED,,,below_all_similarity_thresholds
qc_0035,UNRELATED_CONTROL,80235a2397c8f710,2173f8c68c3ccc90,vietnamnet,vietnamnet,https://vietnamnet.vn/vu-phat-hien-doi-dep-trang-va-xe-may-tren-cau-tim-thay-thi-the-nu-sinh-17-tuoi-2551617.html,https://vietnamnet.vn/hai-nghi-pham-sinh-nam-2009-va-2010-chem-cuop-xe-cua-tai-xe-cong-nghe-2547998.html,Vụ phát hiện đôi dép trắng và xe máy trên cầu: Tìm thấy thi thể nữ sinh 17 tuổi,"Hai nghi phạm sinh năm 2009 và 2010 chém, cướp xe của tài xế công nghệ","Sau nhiều ngày tìm kiếm, lực lượng chức năng phát hiện thi thể nữ sinh 17 tuổi, trên sông Đạ Dâng ở tỉnh Lâm Đồng, cách nơi xảy ra sự việc ban đầu gần 1km.","Sau khi gọi tài xế xe ôm công nghệ chở đến nhà bạn, G. cùng K. bất ngờ dùng dao tự chế tấn công, khiến nạn nhân bị thương rồi cướp xe máy bỏ trốn.",0.0,0.0,0.0,693.5,UNRELATED,,,below_all_similarity_thresholds
qc_0036,UNRELATED_CONTROL,db04c83567ffc4c3,906354ace4bf5273,vietnamnet,vietnamnet,https://vietnamnet.vn/biker-ut-lui-gap-tai-nan-tu-vong-khi-chay-mo-to-phan-khoi-lon-o-nha-trang-2550951.html,https://vietnamnet.vn/moi-xa-phuong-o-tphcm-du-kien-co-3-tai-khoan-truyen-thong-do-kol-van-hanh-2552851.html,"Biker &apos;Út Lụi&apos; gặp tai nạn, tử vong khi chạy mô tô phân khối lớn ở Nha Trang","Mỗi xã, phường ở TPHCM dự kiến có 3 tài khoản truyền thông do KOL vận hành","Ông Nguyễn Văn Út, thường được gọi là “Út Lụi”, chạy mô tô phân khối lớn qua địa phận phường Bắc Nha Trang (tỉnh Khánh Hòa) không may gặp tai nạn rồi tử vong.","TPHCM dự kiến xây dựng 3 tài khoản truyền thông tại mỗi xã, phường, đặc khu, tập trung vào kết nối chính quyền với người dân, văn hóa - xã hội và kinh tế; các tài khoản sẽ do nhà sáng tạo nội dung địa phương vận hành.",0.0,0.0,,177.1,UNRELATED,,,below_all_similarity_thresholds
qc_0037,UNRELATED_CONTROL,19de60072100da28,a237e9842f465aca,vietnamnet,vietnamnet,https://vietnamnet.vn/nu-cuu-can-bo-o-ha-noi-bi-cao-buoc-tham-o-4-trieu-toa-huy-an-de-dieu-tra-lai-2548580.html,https://vietnamnet.vn/chay-nha-xuong-o-ha-noi-khoi-den-cuon-cuon-2549760.html,"Nữ cựu cán bộ ở Hà Nội bị cáo buộc tham ô 4 triệu đồng, tòa hủy án để điều tra lại","Cháy nhà xưởng ở Hà Nội, khói đen cuồn cuộn","Hôm nay (24/8), sau nhiều ngày xét xử, TAND TP Hà Nội quyết định hủy bản án hình sự sơ thẩm để điều tra lại theo thủ tục chung vụ án cựu công chức văn hóa xã Cự Khê, huyện Thanh Oai (cũ) bị cáo buộc tham ô tài sản số tiền 4 triệu đồng.","Khoảng 8h07 ngày 28/8, một vụ cháy nhà xưởng đã xảy ra ở khu vực đường Biên Giang (phường Chương Mỹ, Hà Nội).",0.071,0.013,0.2,631.3,UNRELATED,,,below_all_similarity_thresholds
qc_0038,UNRELATED_CONTROL,5ba07f9e07fd70b4,7981c226ca7a027a,vietnamnet,vietnamnet,https://vietnamnet.vn/be-gai-11-thang-tuoi-bi-nguoi-la-be-di-mat-tich-2553478.html,https://vietnamnet.vn/tai-xe-co-nong-do-con-duong-tinh-ma-tuy-lai-xe-nguoc-chieu-tong-chet-chau-be-2553943.html,Bé gái 11 tháng tuổi bị người lạ bế đi mất tích,"Tài xế có nồng độ cồn, dương tính ma túy, lái xe ngược chiều tông chết cháu bé",Bé gái 11 tháng tuổi đang bò dưới đất tại sạp quần áo cũ thì bị người lạ bế lên xe máy rời đi. Công an đang khẩn trương tìm kiếm cháu bé.,"Đặng Văn Vĩnh Hoàng bị khởi tố, bắt tạm giam sau khi điều khiển xe máy ngược chiều, có nồng độ cồn và dương tính với ma túy, gây tai nạn khiến bé trai 11 tuổi tử vong.",0.0,0.015,1.0,26.2,UNRELATED,,,below_all_similarity_thresholds
