article_id,title,url,canonical_url,publisher_domain,publisher_id,publisher_group_id,source_system,first_seen_at,published_at,timestamp_confidence,language,publisher_country,description,category,vietnam_relevance,duplicate_family_id,branch,collection_mode,raw_payload_ref
eaa28523d82bfe6c,CEO Golden Gate: Nhà máy mới giúp chúng tôi mở rộng sang lĩnh vực khác ngoài nhà hàng,https://vnexpress.net/ceo-golden-gate-nha-may-moi-giup-chung-toi-mo-rong-sang-linh-vuc-khac-ngoai-nha-hang-5122368.html,https://vnexpress.net/ceo-golden-gate-nha-may-moi-giup-chung-toi-mo-rong-sang-linh-vuc-khac-ngoai-nha-hang-5122368.html,vnexpress.net,vnexpress,,rss,2026-09-20T16:13:59Z,2026-09-20T07:53:14Z,publisher_reported,vi,VN,"Với việc đưa vào hoạt động nhà máy sản xuất thứ hai, Tổng giám đốc Golden Gate Đào Thế Vinh cho biết công ty có thể bước sang lĩnh vực khác ngoài kinh doanh nhà hàng.",,True,,domestic,prospective,data/raw/vietnamese/vietnamese_raw_payloads.jsonl#raw_record_id=65242b3aaf9d5827f400c7334faadb0f7f77f8a5d1c09eecb9c93a2c5a053e49
d3789510a1cc6a00,"Ca sĩ Chi Dân lãnh 7 năm tù, Trúc Phương 6 năm vì ma túy",https://vietnamnet.vn/ca-si-chi-dan-lanh-7-nam-tu-co-tien-tu-thien-lanh-6-nam-tu-vi-ma-tuy-2551470.html,https://vietnamnet.vn/ca-si-chi-dan-lanh-7-nam-tu-co-tien-tu-thien-lanh-6-nam-tu-vi-ma-tuy-2551470.html,vietnamnet.vn,vietnamnet,,rss,2026-09-20T16:13:59Z,2026-09-03T06:07:25Z,publisher_reported,vi,VN,"Ngày 3/9, TAND TPHCM tuyên phạt ca sĩ Nguyễn Trung Hiếu (Chi Dân) 7 năm tù, Nguyễn Đỗ Trúc Phương 6 năm và Andrea Aybar Carmona (An Tây) 8 năm tù, trong vụ án liên quan đường dây ma túy từ Pháp về Việt Nam.",,True,,domestic,prospective,data/raw/vietnamese/vietnamese_raw_payloads.jsonl#raw_record_id=cdfa53537534169490af02ac7a4c5595d9e8130c9c858a855ffc181d1da07301
121c64b6075a4780,"Nhóm thanh niên sang Campuchia, tham gia đường dây lừa đảo xuyên quốc gia",https://vietnamnet.vn/nhom-thanh-nien-viet-vuot-bien-tham-gia-duong-day-toi-pham-xuyen-quoc-gia-2551567.html,https://vietnamnet.vn/nhom-thanh-nien-viet-vuot-bien-tham-gia-duong-day-toi-pham-xuyen-quoc-gia-2551567.html,vietnamnet.vn,vietnamnet,,rss,2026-09-20T16:13:59Z,2026-09-20T05:38:15Z,publisher_reported,vi,VN,"Lưu Sinh Diễn cùng 8 thanh niên sang Campuchia theo lời mời làm việc lương cao, sau đó được đưa vào một tổ chức do người Trung Quốc cầm đầu, giả danh nhân viên Shopee để lừa hơn 1,3 tỷ đồng của 7 người Việt.",,True,,domestic,prospective,data/raw/vietnamese/vietnamese_raw_payloads.jsonl#raw_record_id=5a77f286d8568fc2a9e3eec7bb5d0b55e25c994fd036657ea0705bf346be8780
87dd3c07040d049f,"Nghi UAV xuất hiện gần Cát Bi, 2 chuyến bay chuyển hướng xuống Nội Bài",https://vietnamnet.vn/nghi-uav-xuat-hien-gan-cat-bi-2-chuyen-bay-phai-ha-canh-xuong-noi-bai-2551527.html,https://vietnamnet.vn/nghi-uav-xuat-hien-gan-cat-bi-2-chuyen-bay-phai-ha-canh-xuong-noi-bai-2551527.html,vietnamnet.vn,vietnamnet,,rss,2026-09-20T16:13:59Z,2026-09-20T05:35:53Z,publisher_reported,vi,VN,"Một vật thể bay phát sáng, nghi UAV, xuất hiện cách sân bay Cát Bi khoảng 8km tối 2/9, khiến 3 chuyến bay phải điều chỉnh phương án khai thác, trong đó 2 chuyến chuyển hướng hạ cánh tại Nội Bài.",,True,,domestic,prospective,data/raw/vietnamese/vietnamese_raw_payloads.jsonl#raw_record_id=f93e90f6cd6011ef2d248a1bd25ebe5cbd8eb19b17249ee4bfec7a9dd95136d9
d7bf41f4d4073962,Nghi phạm dọa giết gia đình bạn gái cũ trước khi gây án 3 người chết ở Đồng Nai,https://vietnamnet.vn/nghi-pham-doa-giet-gia-dinh-ban-gai-cu-truoc-khi-gay-an-3-nguoi-chet-o-dong-nai-2551523.html,https://vietnamnet.vn/nghi-pham-doa-giet-gia-dinh-ban-gai-cu-truoc-khi-gay-an-3-nguoi-chet-o-dong-nai-2551523.html,vietnamnet.vn,vietnamnet,,rss,2026-09-20T16:13:59Z,2026-09-03T16:52:15Z,publisher_reported,vi,VN,"Nghi phạm Nguyễn Đức Anh cầm dao, tìm cách đột nhập nhà bạn gái cũ ở Đồng Nai, dọa giết cả gia đình này trước khi sang nhà bên cạnh gây án khiến 3 mẹ con tử vong.",,True,,domestic,prospective,data/raw/vietnamese/vietnamese_raw_payloads.jsonl#raw_record_id=dee50c9a90f4ce8076f0992b99e1b242728104c0b4766ce8ab3e1f2976742f78
6ed2726d956583bf,Bắt giữ kẻ cầm dao dọa giết nhân viên siêu thị ở Hà Nội để cướp tài sản,https://vietnamnet.vn/bat-giu-ke-cam-dao-doa-giet-nhan-vien-sieu-thi-o-ha-noi-de-cuop-tai-san-2551536.html,https://vietnamnet.vn/bat-giu-ke-cam-dao-doa-giet-nhan-vien-sieu-thi-o-ha-noi-de-cuop-tai-san-2551536.html,vietnamnet.vn,vietnamnet,,rss,2026-09-20T16:13:59Z,2026-09-20T05:36:24Z,publisher_reported,vi,VN,"Cầm dao khống chế, đe dọa giết nhân viên siêu thị để cướp tiền nhưng bất thành, Lường Văn Tiến chuyển sang giật chiếc điện thoại rồi lên xe máy bỏ trốn.",,True,,domestic,prospective,data/raw/vietnamese/vietnamese_raw_payloads.jsonl#raw_record_id=a1a4acb4e9af5db0146d63f636f92e8f114c758c82dd94f9b98a9c355f2e886f
2cc37868c9007cdb,"Ngăn chặn vụ hơn 40 thanh thiếu niên mang dao, kiếm đến điểm hẹn &apos;hỗn chiến&apos;",https://vietnamnet.vn/ngan-chan-vu-hon-40-thanh-thieu-nien-mang-dao-kiem-den-diem-hen-hon-chien-2551520.html,https://vietnamnet.vn/ngan-chan-vu-hon-40-thanh-thieu-nien-mang-dao-kiem-den-diem-hen-hon-chien-2551520.html,vietnamnet.vn,vietnamnet,,rss,2026-09-20T16:13:59Z,2026-09-20T05:36:38Z,publisher_reported,vi,VN,"Hơn 40 thanh thiếu niên mang mã tấu, đao, kiếm, thương, chĩa ba... đến xã Vĩnh Mỹ để giải quyết mâu thuẫn nhưng bị công an ngăn chặn.",,True,,domestic,prospective,data/raw/vietnamese/vietnamese_raw_payloads.jsonl#raw_record_id=16eaafde865a17148f76a18cd2247b9f94fa0a426fce24b65c886c0467f22ca2
ba72349270a695cd,"Khởi tố Nguyễn Văn Năm, cựu Phó viện trưởng thuộc Trường Đại học Trưng Vương",https://vietnamnet.vn/khoi-to-nguyen-van-nam-cuu-pho-vien-truong-thuoc-truong-dai-hoc-trung-vuong-2551551.html,https://vietnamnet.vn/khoi-to-nguyen-van-nam-cuu-pho-vien-truong-thuoc-truong-dai-hoc-trung-vuong-2551551.html,vietnamnet.vn,vietnamnet,,rss,2026-09-20T16:13:59Z,2026-09-03T08:40:02Z,publisher_reported,vi,VN,"Cựu Phó viện trưởng thuộc Trường Đại học Trưng Vương bị bắt với cáo buộc lạm quyền, tạo điều kiện để bị can khác quản lý lớp đào tạo tại Hà Giang.",,True,,domestic,prospective,data/raw/vietnamese/vietnamese_raw_payloads.jsonl#raw_record_id=aaf96ff5670d2b1c2dfaabb00623e866334cc1f8b6c94c1dee19a984bbb89671
089d16461f3210f2,"Lời khai của Nguyễn Đức Anh, nghi phạm sát hại 3 người trong một gia đình ở Đồng Nai",https://vietnamnet.vn/bo-cong-an-thong-tin-vu-an-mang-khien-3-nguoi-trong-mot-gia-dinh-tu-vong-2551502.html,https://vietnamnet.vn/bo-cong-an-thong-tin-vu-an-mang-khien-3-nguoi-trong-mot-gia-dinh-tu-vong-2551502.html,vietnamnet.vn,vietnamnet,,rss,2026-09-20T16:13:59Z,2026-09-04T04:28:56Z,publisher_reported,vi,VN,"Nguyễn Đức Anh, 21 tuổi, khai có quan hệ tình cảm với chị Đ.T.P.A. Sau khi uống rượu, Anh mang dao đến nhà bạn gái cũ, dọa giết cả gia đình nhưng không đột nhập được, sau đó sang nhà hàng xóm và tấn công khiến 3 mẹ con tử vong.",,True,,domestic,prospective,data/raw/vietnamese/vietnamese_raw_payloads.jsonl#raw_record_id=3dbbd4822fcd5700e6e2f958693d159c3b075edfe1f08c6f56a45b66e82b78b1
496f8ce0da50a425,Danh tính nghi phạm gây án mạng 3 mẹ con tử vong ở Đồng Nai,https://vietnamnet.vn/danh-tinh-nghi-pham-gay-an-mang-3-me-con-tu-vong-o-dong-nai-2551495.html,https://vietnamnet.vn/danh-tinh-nghi-pham-gay-an-mang-3-me-con-tu-vong-o-dong-nai-2551495.html,vietnamnet.vn,vietnamnet,,rss,2026-09-20T16:13:59Z,2026-09-03T16:51:30Z,publisher_reported,vi,VN,Nguyễn Đức Anh được xác định là nghi phạm gây trọng án ở Đồng Nai khiến 3 mẹ con tử vong và người chồng trọng thương.,,True,,domestic,prospective,data/raw/vietnamese/vietnamese_raw_payloads.jsonl#raw_record_id=f2f36c370c3ccfe3898e6e4f576bdb8487b6cdeb79f3811ea1393c0e1d54a359
4f4eb6ee8bdd516f,"Sau 2/9, người lao động có thể được nghỉ 4 ngày liên tiếp trong tháng 11",https://vietnamnet.vn/sau-2-9-nguoi-lao-dong-co-the-duoc-nghi-4-ngay-lien-tiep-trong-thang-11-2551426.html,https://vietnamnet.vn/sau-2-9-nguoi-lao-dong-co-the-duoc-nghi-4-ngay-lien-tiep-trong-thang-11-2551426.html,vietnamnet.vn,vietnamnet,,rss,2026-09-20T16:13:59Z,2026-09-03T10:56:02Z,publisher_reported,vi,VN,"Sau kỳ nghỉ Quốc khánh 2/9, người lao động có thể tiếp tục được nghỉ 4 ngày liên tiếp vào tháng 11, nhân Ngày Văn hóa Việt Nam 24/11.",,True,,domestic,prospective,data/raw/vietnamese/vietnamese_raw_payloads.jsonl#raw_record_id=95ad4f91718c769d567b54b2703559347146d27399c18fe051f1fb33f8a967df
3a063597509fc578,Danh tính người đàn ông rơi từ cầu Vĩnh Phú ở Phú Thọ,https://vietnamnet.vn/danh-tinh-nguoi-dan-ong-roi-tu-cau-vinh-phu-o-phu-tho-2551563.html,https://vietnamnet.vn/danh-tinh-nguoi-dan-ong-roi-tu-cau-vinh-phu-o-phu-tho-2551563.html,vietnamnet.vn,vietnamnet,,rss,2026-09-20T16:13:59Z,2026-09-03T08:23:55Z,publisher_reported,vi,VN,Một người đàn ông rơi từ cầu Vĩnh Phú xuống sông Lô được lực lượng Cảnh sát 113 Công an tỉnh Phú Thọ phối hợp cùng người dân kịp thời giải cứu.,,True,,domestic,prospective,data/raw/vietnamese/vietnamese_raw_payloads.jsonl#raw_record_id=a6ac3d57fec16b1e048270c11f52a49369063b9a0c80c56fcdf8ee4cdc516a8a
96f0d49bf2f8b124,"Nhận lương &apos;cực tốt&apos;, nhiều người chọn nghỉ lễ Quốc khánh 2/9 muộn",https://vietnamnet.vn/nhan-luong-cuc-tot-nhieu-nguoi-chon-nghi-le-quoc-khanh-2-9-muon-2551394.html,https://vietnamnet.vn/nhan-luong-cuc-tot-nhieu-nguoi-chon-nghi-le-quoc-khanh-2-9-muon-2551394.html,vietnamnet.vn,vietnamnet,,rss,2026-09-20T16:13:59Z,2026-09-20T05:33:53Z,publisher_reported,vi,VN,"Thay vì nghỉ trọn 5 ngày dịp Quốc khánh 2/9, một bộ phận người lao động chọn đi làm để hưởng tiền lương và chế độ cao hơn ngày thường, sau đó mới sắp xếp đưa gia đình đi chơi, vừa tránh cảnh đông đúc vừa giảm chi phí.",,True,,domestic,prospective,data/raw/vietnamese/vietnamese_raw_payloads.jsonl#raw_record_id=9229bd0280379b9c5087c6d4f1fc1ed11f172262abc32cab90983adb48f58dc1
1c5e102a199050e0,TPHCM tính trao thêm quyền quản lý đường bộ cho cấp xã,https://vietnamnet.vn/tphcm-tinh-trao-them-quyen-quan-ly-duong-bo-cho-cap-xa-2550985.html,https://vietnamnet.vn/tphcm-tinh-trao-them-quyen-quan-ly-duong-bo-cho-cap-xa-2550985.html,vietnamnet.vn,vietnamnet,,rss,2026-09-20T16:13:59Z,2026-09-20T05:24:29Z,publisher_reported,vi,VN,"Sở Xây dựng TPHCM đang nghiên cứu tăng thẩm quyền quản lý đường bộ cho cấp xã, đồng thời giữ quản lý tập trung các tuyến liên vùng, quy mô lớn, quan trọng.",,True,,domestic,prospective,data/raw/vietnamese/vietnamese_raw_payloads.jsonl#raw_record_id=ed18dc8d573ed7af1d0f58e66e1044456b4e662982a5d03cf4d3e5f457baf673
80235a2397c8f710,Vụ phát hiện đôi dép trắng và xe máy trên cầu: Tìm thấy thi thể nữ sinh 17 tuổi,https://vietnamnet.vn/vu-phat-hien-doi-dep-trang-va-xe-may-tren-cau-tim-thay-thi-the-nu-sinh-17-tuoi-2551617.html,https://vietnamnet.vn/vu-phat-hien-doi-dep-trang-va-xe-may-tren-cau-tim-thay-thi-the-nu-sinh-17-tuoi-2551617.html,vietnamnet.vn,vietnamnet,,rss,2026-09-20T16:13:59Z,2026-09-20T05:38:41Z,publisher_reported,vi,VN,"Sau nhiều ngày tìm kiếm, lực lượng chức năng phát hiện thi thể nữ sinh 17 tuổi, trên sông Đạ Dâng ở tỉnh Lâm Đồng, cách nơi xảy ra sự việc ban đầu gần 1km.",,True,,domestic,prospective,data/raw/vietnamese/vietnamese_raw_payloads.jsonl#raw_record_id=d77dd1f626014984731da1c887e4b85049db127132e44e9b49c8f638173ff5f3
2fff58ecbeae7d89,Danh tính người phụ nữ môi giới &apos;chạy án&apos; cho vợ chồng Phú Lê,https://vietnamnet.vn/bat-doi-tuong-moi-gioi-chay-an-cho-nhom-phu-le-2551605.html,https://vietnamnet.vn/bat-doi-tuong-moi-gioi-chay-an-cho-nhom-phu-le-2551605.html,vietnamnet.vn,vietnamnet,,rss,2026-09-20T16:13:59Z,2026-09-04T01:02:58Z,publisher_reported,vi,VN,"Thiếu tướng Nguyễn Quốc Toản, Chánh Văn phòng, người phát ngôn Bộ Công an cho biết vụ án liên quan đối tượng Lê Văn Phú (tức Phú Lê) phát sinh tình tiết về hành vi lừa đảo chiếm đoạt tài sản thông qua việc môi giới “chạy án”.",,True,,domestic,prospective,data/raw/vietnamese/vietnamese_raw_payloads.jsonl#raw_record_id=00fc25f43f38703bffa2ff66679b55e469cdbe2d566209c369fbc0b0f806ffa0
626bd7e2fbd96400,Dự báo thời tiết 4/9/2026: Rìa xa bão số 5 khiến miền Bắc nắng nóng mạnh,https://vietnamnet.vn/du-bao-thoi-tiet-4-9-2026-ria-xa-bao-so-5-khien-mien-bac-nang-nong-manh-2547671.html,https://vietnamnet.vn/du-bao-thoi-tiet-4-9-2026-ria-xa-bao-so-5-khien-mien-bac-nang-nong-manh-2547671.html,vietnamnet.vn,vietnamnet,,rss,2026-09-20T16:13:59Z,2026-09-20T05:27:11Z,publisher_reported,vi,VN,"Dự báo thời tiết ngày 4/9/2026, Bắc Bộ và Trung Bộ duy trì nắng nóng, Hà Nội có nơi trên 36 độ. Cao nguyên Trung Bộ và Nam Bộ tiếp tục có mưa giông do gió mùa tây nam.",,True,,domestic,prospective,data/raw/vietnamese/vietnamese_raw_payloads.jsonl#raw_record_id=f91f978970ce4e7866f90899ac2c79c6a7a972a4a8fa3afb148ae528e93f50b1
d2dd492cca76fc35,Huấn &apos;Hoa Hồng&apos; nói biết trước kết quả xổ số để lừa đảo,https://vietnamnet.vn/huan-hoa-hong-dung-facebook-zalo-de-cho-so-lo-so-de-roi-lua-dao-2551647.html,https://vietnamnet.vn/huan-hoa-hong-dung-facebook-zalo-de-cho-so-lo-so-de-roi-lua-dao-2551647.html,vietnamnet.vn,vietnamnet,,rss,2026-09-20T16:13:59Z,2026-09-03T11:26:26Z,publisher_reported,vi,VN,"Công an phát hiện Huấn Hoa Hồng đăng tải trên Facebook, Zalo nội dung thể hiện biết trước kết quả xổ số để lừa, chiếm đoạt tiền.",,True,,domestic,prospective,data/raw/vietnamese/vietnamese_raw_payloads.jsonl#raw_record_id=2cbac6e13a88895704ce5b077ff8e53e3ab7df1f6a204bebe468318263d8ade1
c17c80e578345427,"13 thanh thiếu niên cầm dao, kiếm truy đuổi nhau bằng xe máy",https://vietnamnet.vn/13-nguoi-cam-dao-kiem-truy-duoi-bang-xe-may-tren-pho-canh-tuong-gay-am-anh-2551428.html,https://vietnamnet.vn/13-nguoi-cam-dao-kiem-truy-duoi-bang-xe-may-tren-pho-canh-tuong-gay-am-anh-2551428.html,vietnamnet.vn,vietnamnet,,rss,2026-09-20T16:13:59Z,2026-09-03T03:46:01Z,publisher_reported,vi,VN,"Sau mâu thuẫn, nhóm thanh thiếu niên ở Sơn La mang dao, kiếm quay lại truy đuổi đối phương bằng xe máy, gây tai nạn khiến 3 người bị thương.",,True,,domestic,prospective,data/raw/vietnamese/vietnamese_raw_payloads.jsonl#raw_record_id=0f33902def80b4d71e65a2d55d3fde362baffd677082cf7a7540e247a61f1243
ccf8f78a99ba379b,Người đàn ông có hình xăm tử vong tại trạm xe buýt ở TPHCM,https://vietnamnet.vn/nguoi-dan-ong-co-hinh-xam-tu-vong-tai-tram-xe-buyt-tphcm-2551439.html,https://vietnamnet.vn/nguoi-dan-ong-co-hinh-xam-tu-vong-tai-tram-xe-buyt-tphcm-2551439.html,vietnamnet.vn,vietnamnet,,rss,2026-09-20T16:13:59Z,2026-09-20T05:34:52Z,publisher_reported,vi,VN,"Nam giới khoảng 35-45 tuổi, cao khoảng 1,65m, vóc dáng gầy, có hình xăm ở tay phải và chân phải được phát hiện tử vong tại một trạm xe buýt ở TPHCM. Công an đang tìm thân nhân người này.",,True,,domestic,prospective,data/raw/vietnamese/vietnamese_raw_payloads.jsonl#raw_record_id=89a72ef787c2b393f8c1f722cfb85786c9db79d28dfc5a790a520e09cb28999e
c5ce884259757928,Hình ảnh đối lập ở hai cửa ngõ TPHCM ngày người dân trở lại làm việc,https://vietnamnet.vn/hinh-anh-doi-lap-o-hai-cua-ngo-tphcm-ngay-nguoi-dan-tro-lai-lam-viec-2551369.html,https://vietnamnet.vn/hinh-anh-doi-lap-o-hai-cua-ngo-tphcm-ngay-nguoi-dan-tro-lai-lam-viec-2551369.html,vietnamnet.vn,vietnamnet,,rss,2026-09-20T16:13:59Z,2026-09-02T13:37:19Z,publisher_reported,vi,VN,"Trái ngược với vẻ thông thoáng bất ngờ ở hướng cao tốc TPHCM - Long Thành - Dầu Giây vào chiều ngày cuối kỳ nghỉ lễ, cửa ngõ phía Tây rơi vào cảnh ùn ứ kéo dài.",,True,,domestic,prospective,data/raw/vietnamese/vietnamese_raw_payloads.jsonl#raw_record_id=36eb8452767e154e6a0155815b96096aeb89fcfaba3bd9d41f53f3d646c3d62b
2b6b4100e377f694,Tin tức Thời sự 2/9: Tạm giữ hình sự 4 người vụ hành hung tài xế ở Móng Cái,https://vietnamnet.vn/tin-tuc-thoi-su-2-9-tam-giu-hinh-su-4-nguoi-vu-hanh-hung-tai-xe-o-mong-cai-2551356.html,https://vietnamnet.vn/tin-tuc-thoi-su-2-9-tam-giu-hinh-su-4-nguoi-vu-hanh-hung-tai-xe-o-mong-cai-2551356.html,vietnamnet.vn,vietnamnet,,rss,2026-09-20T16:13:59Z,2026-09-02T12:00:00Z,publisher_reported,vi,VN,"4 người bị tạm giữ hình sự liên quan vụ hành hung tài xế taxi ở Móng Cái; Thứ trưởng Bộ Y tế bị bắt tạm giam; cháy tại trường tiểu học, phát hiện một phó hiệu trưởng tử vong là những tin tức thời sự đáng chú ý ngày 2/9.",,True,,domestic,prospective,data/raw/vietnamese/vietnamese_raw_payloads.jsonl#raw_record_id=0e9395404c78ebf5c09145bcf2bcf07126d321d316cc5bbda096d920fd1e4615
31fb19e179ff6e70,"Vượt biên nhiều lần, nam thanh niên bị bắt tạm giam",https://vietnamnet.vn/vuot-bien-nhieu-lan-nam-thanh-nien-bi-bat-tam-giam-2551387.html,https://vietnamnet.vn/vuot-bien-nhieu-lan-nam-thanh-nien-bi-bat-tam-giam-2551387.html,vietnamnet.vn,vietnamnet,,rss,2026-09-20T16:13:59Z,2026-09-20T05:32:39Z,publisher_reported,vi,VN,"Từng bị phạt 4 triệu đồng về hành vi qua lại biên giới trái phép, Vũ Văn Hùng vẫn nhiều lần tìm cách vượt biên sang Campuchia.",,True,,domestic,prospective,data/raw/vietnamese/vietnamese_raw_payloads.jsonl#raw_record_id=adcb2ed57b23408020af5adb803dda1bb9b7c05eeb51f73f54126e976ea59ca4
baaeabf94c7dced7,"Pháo hoa rực rỡ thắp sáng bầu trời Hà Nội, TPHCM mừng Quốc khánh",https://vietnamnet.vn/phao-hoa-ruc-ro-thap-sang-bau-troi-ha-noi-tphcm-mung-quoc-khanh-2551389.html,https://vietnamnet.vn/phao-hoa-ruc-ro-thap-sang-bau-troi-ha-noi-tphcm-mung-quoc-khanh-2551389.html,vietnamnet.vn,vietnamnet,,rss,2026-09-20T16:13:59Z,2026-09-02T15:55:58Z,publisher_reported,vi,VN,"Tối 2/9, hàng nghìn người dân đổ về trung tâm Hà Nội và TPHCM vui chơi, chờ xem pháo hoa mừng 81 năm Quốc khánh (2/9/1945 - 2/9/2026).",,True,,domestic,prospective,data/raw/vietnamese/vietnamese_raw_payloads.jsonl#raw_record_id=1c3bf5caad8b2e703bd219383fc72efba83624a9c078fba10fc77ca5548b9b54
e0a6fe426a706a37,Ngắm pháo hoa rực sáng trên bầu trời TPHCM mừng Quốc khánh 2/9,https://vietnamnet.vn/ngam-phao-hoa-ruc-sang-tren-bau-troi-tphcm-mung-quoc-khanh-2-9-2551385.html,https://vietnamnet.vn/ngam-phao-hoa-ruc-sang-tren-bau-troi-tphcm-mung-quoc-khanh-2-9-2551385.html,vietnamnet.vn,vietnamnet,,rss,2026-09-20T16:13:59Z,2026-09-02T16:00:39Z,publisher_reported,vi,VN,"Đúng 21h tối 2/9, pháo hoa đồng loạt được bắn tầm cao tại khu vực đầu đường hầm sông Sài Gòn (phường An Khánh) và tầm thấp tại tòa nhà Saigon Marina IFC (phường Sài Gòn).",,True,,domestic,prospective,data/raw/vietnamese/vietnamese_raw_payloads.jsonl#raw_record_id=efb37a63dd0863e4e1c628b4e6abc8108b6b19833825aedfb9c12c8f622f3106
17fc6cae9e4858eb,"Hàng loạt trường hợp bán thuốc đông y bị khởi tố, lộ chất lạ trong ‘thuốc gia truyền’",https://vietnamnet.vn/loat-nguoi-ban-thuoc-dong-y-bi-khoi-to-lo-chat-la-trong-thuoc-gia-truyen-2550740.html,https://vietnamnet.vn/loat-nguoi-ban-thuoc-dong-y-bi-khoi-to-lo-chat-la-trong-thuoc-gia-truyen-2550740.html,vietnamnet.vn,vietnamnet,,rss,2026-09-20T16:13:59Z,2026-09-02T22:00:00Z,publisher_reported,vi,VN,"Từ đầu năm 2026, công an nhiều địa phương liên tiếp phát hiện các đường dây sản xuất thuốc đông y giả. Điểm chung là việc pha trộn tân dược, thậm chí hoạt chất không được phép sử dụng, nhằm tạo tác dụng nhanh cho sản phẩm.",,True,,domestic,prospective,data/raw/vietnamese/vietnamese_raw_payloads.jsonl#raw_record_id=be2ebd286702cea4e0d3d69814fdfb642932d7c9bed5573f3be870f14f965d73
d98bce1c7331e82f,Hình hài tuyến đường ven biển 2.400 tỷ đồng ở Huế sắp về đích,https://vietnamnet.vn/hinh-hai-tuyen-duong-ven-bien-2-400-ty-dong-o-hue-sap-ve-dich-2546002.html,https://vietnamnet.vn/hinh-hai-tuyen-duong-ven-bien-2-400-ty-dong-o-hue-sap-ve-dich-2546002.html,vietnamnet.vn,vietnamnet,,rss,2026-09-20T16:13:59Z,2026-09-20T05:33:23Z,publisher_reported,vi,VN,"Sau hơn 4 năm thi công, tuyến đường bộ và cầu qua cửa biển Thuận An đã cơ bản hoàn thành. Tuyến đường kết nối với hệ thống quốc lộ, tạo trục giao thông liên hoàn ở khu vực ven biển phía đông TP Huế.",,True,,domestic,prospective,data/raw/vietnamese/vietnamese_raw_payloads.jsonl#raw_record_id=c5eb0598613eb450b133c31bf13651b766b98f3b4e458b25a1d6ab58cfec5e2b
9bd9b49724c313c8,Truy tố đối tượng đi mua 2 con dao về đâm bảo vệ bãi xe ở Hà Nội,https://vietnamnet.vn/truy-to-doi-tuong-di-mua-2-con-dao-ve-dam-bao-ve-bai-xe-o-ha-noi-2551367.html,https://vietnamnet.vn/truy-to-doi-tuong-di-mua-2-con-dao-ve-dam-bao-ve-bai-xe-o-ha-noi-2551367.html,vietnamnet.vn,vietnamnet,,rss,2026-09-20T16:13:59Z,2026-09-20T05:32:28Z,publisher_reported,vi,VN,"Do mâu thuẫn liên quan việc thu phí đỗ xe, Phạm Anh Đông và nam bảo vệ đã cãi chửi nhau. Sau đó, Đông ra chợ Hà Đông mua 2 con dao chọc tiết lợn rồi quay lại tìm đối phương.",,True,,domestic,prospective,data/raw/vietnamese/vietnamese_raw_payloads.jsonl#raw_record_id=e768b98472346ec27c7663c66156c13e2220ca336d519a6d0a8a7e48f5bd98f4
14a4955daf419e5f,Về Quảng Ninh đón &apos;Tết Độc lập miền Sán Cố&apos;,https://vietnamnet.vn/ve-quang-tan-don-tet-doc-lap-mien-san-co-2550527.html,https://vietnamnet.vn/ve-quang-tan-don-tet-doc-lap-mien-san-co-2550527.html,vietnamnet.vn,vietnamnet,,rss,2026-09-20T16:13:59Z,2026-08-31T22:00:00Z,publisher_reported,vi,VN,"Cờ đỏ sao vàng phủ sắc đỏ trên những thôn, bản vùng cao Quảng Tân (Quảng Ninh) khi Quốc khánh cận kề. Bên thác Bạch Vân, “Tết Độc lập miền Sán Cố” trở thành điểm hẹn văn hóa, nơi người dân và du khách cùng trải nghiệm sắc màu vùng cao.",,True,,domestic,prospective,data/raw/vietnamese/vietnamese_raw_payloads.jsonl#raw_record_id=f9a3ea0fb16ba2de3e1e7be06f8158adf9a83944fcbfa86b2f898aec06daf98c
9eea2da9322d6727,"Dự báo thời tiết 3/9/2026: Miền Bắc, Trung Bộ nắng nóng diện rộng",https://vietnamnet.vn/du-bao-thoi-tiet-3-9-2026-mien-bac-trung-bo-nang-nong-dien-rong-2547674.html,https://vietnamnet.vn/du-bao-thoi-tiet-3-9-2026-mien-bac-trung-bo-nang-nong-dien-rong-2547674.html,vietnamnet.vn,vietnamnet,,rss,2026-09-20T16:13:59Z,2026-09-20T05:33:36Z,publisher_reported,vi,VN,"Dự báo thời tiết ngày 3/9/2026, nắng nóng diện rộng ở miền Bắc và Trung Bộ, có nơi nắng nóng gay gắt. Cao nguyên Trung Bộ và Nam Bộ cũng có nắng đến 35 độ, đề phòng mưa giông vào chiều tối.",,True,,domestic,prospective,data/raw/vietnamese/vietnamese_raw_payloads.jsonl#raw_record_id=f8ab679ab300ff78e46a9b996479ec2b0b2133970bcaf3fa6a1ad66eb8a66128
60faaad15a7abd26,KOL được giao nhiệm vụ &apos;điểm tựa niềm tin&apos; trước làn sóng tin giả AI,https://vietnamnet.vn/kol-duoc-giao-nhiem-vu-diem-tua-niem-tin-truoc-lan-song-tin-gia-ai-2552619.html,https://vietnamnet.vn/kol-duoc-giao-nhiem-vu-diem-tua-niem-tin-truoc-lan-song-tin-gia-ai-2552619.html,vietnamnet.vn,vietnamnet,,rss,2026-09-20T16:13:59Z,2026-09-08T00:30:02Z,publisher_reported,vi,VN,"Giữa làn sóng tin giả AI khiến niềm tin trên mạng chạm đáy trong 15 năm qua, hơn 1.000 KOL được kêu gọi trở thành những điểm tựa niềm tin để bảo vệ sự thật.",,True,,domestic,prospective,data/raw/vietnamese/vietnamese_raw_payloads.jsonl#raw_record_id=2732c0d783250fa9719da3f496d7e2f2afc2563103b885185098dc92442044b1
4b2dfbbbd309d4b4,"Tài xế ô tô khách vi phạm nồng độ cồn &apos;kịch khung&apos;, cùng chủ xe bị phạt 70 triệu",https://vietnamnet.vn/tai-xe-o-to-khach-vi-pham-nong-do-con-kich-khung-cung-chu-xe-bi-phat-70-trieu-2551460.html,https://vietnamnet.vn/tai-xe-o-to-khach-vi-pham-nong-do-con-kich-khung-cung-chu-xe-bi-phat-70-trieu-2551460.html,vietnamnet.vn,vietnamnet,,rss,2026-09-20T16:13:59Z,2026-09-20T05:35:07Z,publisher_reported,vi,VN,"Tài xế ô tô khách có nồng độ cồn 0,62 mg/lít khí thở, thuộc mức vi phạm cao nhất, không ký biên bản xử phạt. Cùng nhiều lỗi khác, tài xế và chủ xe bị phạt tổng cộng hơn 70 triệu đồng.",,True,,domestic,prospective,data/raw/vietnamese/vietnamese_raw_payloads.jsonl#raw_record_id=cfeba94da582a6115222c6b7adf1c756c1994d1dabe5d038dcdacf29e7f9cb05
0de72f2ba865a1bd,Đường phố Hà Nội ken đặc xe cộ trong ngày đầu đi làm lại sau kỳ nghỉ lễ,https://vietnamnet.vn/duong-pho-ha-noi-ken-dac-xe-co-trong-ngay-dau-di-lam-lai-sau-ky-nghi-le-2551432.html,https://vietnamnet.vn/duong-pho-ha-noi-ken-dac-xe-co-trong-ngay-dau-di-lam-lai-sau-ky-nghi-le-2551432.html,vietnamnet.vn,vietnamnet,,rss,2026-09-20T16:13:59Z,2026-09-20T05:34:19Z,publisher_reported,vi,VN,"Trong ngày đầu làm việc sau kỳ nghỉ lễ Quốc khánh 2/9, giao thông ở Hà Nội gặp nhiều khó khăn khi nhiều tuyến đường lâm vào cảnh ùn tắc.",,True,,domestic,prospective,data/raw/vietnamese/vietnamese_raw_payloads.jsonl#raw_record_id=fd0872c38c82449edcba0944b9f50a0b656201e9dbadc5cc047363ffc4a5fd78
b3703801b71cef60,"Án mạng ở Đồng Nai, 3 người trong một gia đình tử vong",https://vietnamnet.vn/an-mang-o-dong-nai-3-nguoi-trong-mot-gia-dinh-tu-vong-2551442.html,https://vietnamnet.vn/an-mang-o-dong-nai-3-nguoi-trong-mot-gia-dinh-tu-vong-2551442.html,vietnamnet.vn,vietnamnet,,rss,2026-09-20T16:13:59Z,2026-09-03T16:53:06Z,publisher_reported,vi,VN,"Công an TP Đồng Nai đang điều tra vụ án mạng xảy ra rạng sáng nay tại ấp Bùi Chu, xã Bình Minh khiến 3 người trong một gia đình tử vong, 1 người bị thương nặng.",,True,,domestic,prospective,data/raw/vietnamese/vietnamese_raw_payloads.jsonl#raw_record_id=3c5f32a6c1c7a644c5cf2ffb12ba7c47981d5840b7d362805c0db82dc9ee9914
6c4abbe0225af31e,"Cháy nhà 6 tầng ở Hà Nội, cảnh sát cắt thép &apos;chuồng cọp&apos; giải cứu người mắc kẹt",https://vietnamnet.vn/chay-nha-6-tang-o-ha-noi-canh-sat-cat-thep-chuong-cop-giai-cuu-nguoi-mac-ket-2551444.html,https://vietnamnet.vn/chay-nha-6-tang-o-ha-noi-canh-sat-cat-thep-chuong-cop-giai-cuu-nguoi-mac-ket-2551444.html,vietnamnet.vn,vietnamnet,,rss,2026-09-20T16:13:59Z,2026-09-03T02:20:51Z,publisher_reported,vi,VN,"Rạng sáng 3/9, lực lượng Cảnh sát PCCC&amp;CNCH Công an TP Hà Nội đã kịp thời dập tắt đám cháy tại nhà dân trên địa bàn phường Phú Lương, giải cứu 2 người mắc kẹt.",,True,,domestic,prospective,data/raw/vietnamese/vietnamese_raw_payloads.jsonl#raw_record_id=3d18fca1a51771f2890e2f80bef67142a04f864ae044502c142ca26841ae1571
af3f3f381305747d,Truy xét nhanh người đánh túi bụi du khách trên đường lên ngọn hải đăng Vũng Tàu,https://vietnamnet.vn/truy-xet-nhanh-nguoi-danh-tui-bui-du-khach-tren-duong-len-ngon-hai-dang-vung-tau-2551472.html,https://vietnamnet.vn/truy-xet-nhanh-nguoi-danh-tui-bui-du-khach-tren-duong-len-ngon-hai-dang-vung-tau-2551472.html,vietnamnet.vn,vietnamnet,,rss,2026-09-20T16:13:59Z,2026-09-03T03:24:08Z,publisher_reported,vi,VN,"Công an phường Vũng Tàu (TPHCM) cho biết vừa xác minh, triệu tập một đối tượng có hành vi hành hung người khác, gây mất an ninh trật tự trên địa bàn.",,True,,domestic,prospective,data/raw/vietnamese/vietnamese_raw_payloads.jsonl#raw_record_id=d0955097af901607e22d8311a9732f340f2a362222e163b9c349cf174e3950f7
03a29a9b039bcba1,"Thời tiết khai giảng 5/9: Miền Bắc, Trung Bộ có nơi nắng nóng trên 35 độ",https://vietnamnet.vn/thoi-tiet-khai-giang-5-9-mien-bac-trung-bo-co-noi-nang-nong-tren-35-do-2547675.html,https://vietnamnet.vn/thoi-tiet-khai-giang-5-9-mien-bac-trung-bo-co-noi-nang-nong-tren-35-do-2547675.html,vietnamnet.vn,vietnamnet,,rss,2026-09-20T16:13:59Z,2026-09-02T11:16:46Z,publisher_reported,vi,VN,"Dịp khai giảng năm học 2026-2027, các tỉnh, thành miền Bắc và Trung Bộ chủ yếu có nắng, có nơi nắng nóng. Nam Bộ và cao nguyên Trung Bộ có mưa rào, giông rải rác vào chiều và tối.",,True,,domestic,prospective,data/raw/vietnamese/vietnamese_raw_payloads.jsonl#raw_record_id=fd1b1443db6c5d7e6178dce15c836f4d636ede8483f2101d4bef85d977d68dab
77e9ae3cfac4ec83,Phát hiện đôi dép nữ dập chữ &apos;Japan Sandal&apos; còn khá nguyên vẹn trong mộ liệt sĩ,https://vietnamnet.vn/phat-hien-doi-dep-nu-dap-chu-japan-sandal-con-kha-nguyen-ven-trong-mo-liet-si-2551488.html,https://vietnamnet.vn/phat-hien-doi-dep-nu-dap-chu-japan-sandal-con-kha-nguyen-ven-trong-mo-liet-si-2551488.html,vietnamnet.vn,vietnamnet,,rss,2026-09-20T16:13:59Z,2026-09-20T05:39:20Z,publisher_reported,vi,VN,"Một đôi dép nữ màu vàng nâu, còn khá nguyên vẹn, bên trên rõ dòng chữ “Japan Sandal”, được phát hiện trong một phần mộ liệt sĩ tại Nghĩa trang Liệt sĩ Hòn Đất (An Giang).",,True,,domestic,prospective,data/raw/vietnamese/vietnamese_raw_payloads.jsonl#raw_record_id=94a34fdada6fac4c035950e55ebfad640090f297994fd48485498aaeb65ef63b
8d3348a2a150a76d,"Người phụ nữ bị sát hại bằng kéo, nghi phạm ra đầu thú",https://vietnamnet.vn/nguoi-phu-nu-bi-sat-hai-bang-keo-nghi-pham-ra-dau-thu-2551629.html,https://vietnamnet.vn/nguoi-phu-nu-bi-sat-hai-bang-keo-nghi-pham-ra-dau-thu-2551629.html,vietnamnet.vn,vietnamnet,,rss,2026-09-20T16:13:59Z,2026-09-03T14:26:42Z,publisher_reported,vi,VN,"Lực lượng chức năng đang khẩn trương điều tra vụ một phụ nữ bị sát hại bằng kéo tại xã Ea Drăng (Đắk Lắk). Sau khi gây án, nghi phạm đã đến cơ quan công an đầu thú.",,True,,domestic,prospective,data/raw/vietnamese/vietnamese_raw_payloads.jsonl#raw_record_id=a35c62bc1a1a8d36d4d8adcad01ea4b4591479cb61059e7b20a283367ce40e1a
2ff334d050b19d2b,Bộ Công an trả lời về việc ô tô Bugatti bị camera nhận diện nhầm màu biển số,https://vietnamnet.vn/bo-cong-an-tra-loi-ve-viec-o-to-bugatti-bi-camera-nhan-dien-nham-mau-bien-so-2551815.html,https://vietnamnet.vn/bo-cong-an-tra-loi-ve-viec-o-to-bugatti-bi-camera-nhan-dien-nham-mau-bien-so-2551815.html,vietnamnet.vn,vietnamnet,,rss,2026-09-20T16:13:59Z,2026-09-04T04:52:40Z,publisher_reported,vi,VN,Bộ Công an vừa có trả lời thắc mắc về trường hợp của công dân T.T.C.T. liên quan đến ô tô nhãn hiệu Bugatti bị hệ thống camera nhận diện nhầm màu biển số.,,True,,domestic,prospective,data/raw/vietnamese/vietnamese_raw_payloads.jsonl#raw_record_id=5ec75081a9f3b5c8aa0bc1f408fd24ba5b431ab858b604bda92dc02d73e91f8a
93146f3170a4db5d,"Cận cảnh kênh Bắc đen kịt, hôi thối được đề xuất &apos;khai tử&apos; để mở đường 10 làn xe",https://vietnamnet.vn/can-canh-kenh-bac-den-kit-hoi-thoi-duoc-de-xuat-khai-tu-de-mo-duong-10-lan-xe-2548241.html,https://vietnamnet.vn/can-canh-kenh-bac-den-kit-hoi-thoi-duoc-de-xuat-khai-tu-de-mo-duong-10-lan-xe-2548241.html,vietnamnet.vn,vietnamnet,,rss,2026-09-20T16:13:59Z,2026-09-04T00:00:00Z,publisher_reported,vi,VN,"Tuyến kênh Bắc (tỉnh Nghệ An) ô nhiễm, bốc mùi hôi nồng nặc được đề xuất ngầm hóa để mở rộng đường Nguyễn Sỹ Sách lên 10 làn xe.",,True,,domestic,prospective,data/raw/vietnamese/vietnamese_raw_payloads.jsonl#raw_record_id=2983f9be07c3740994bcc9d99cdd535980584626546ecf9d995853e26cc37019
4df392ca74314786,Công an Hà Nội đề nghị người góp vốn Tập đoàn DUCA khẩn trương trình báo,https://vietnamnet.vn/cong-an-ha-noi-de-nghi-nguoi-gop-von-tap-doan-duca-khan-truong-trinh-bao-2551854.html,https://vietnamnet.vn/cong-an-ha-noi-de-nghi-nguoi-gop-von-tap-doan-duca-khan-truong-trinh-bao-2551854.html,vietnamnet.vn,vietnamnet,,rss,2026-09-20T16:13:59Z,2026-09-04T05:23:15Z,publisher_reported,vi,VN,"Công an Hà Nội đề nghị những người từng góp tiền hoặc bất động sản vào Tập đoàn DUCA khẩn trương đến cơ quan điều tra trình báo, cung cấp tài liệu để phục vụ việc làm rõ vụ án Lừa đảo chiếm đoạt tài sản.",,True,,domestic,prospective,data/raw/vietnamese/vietnamese_raw_payloads.jsonl#raw_record_id=4a1301c0b0909af1697d26c463af3ec610e58392d9e336647e8d8dd3bf827679
ec8d6f54dc35ab6a,Nghẹn ngào tiễn đưa 3 mẹ con trong vụ án mạng ở Đồng Nai về quê nhà,https://vietnamnet.vn/nghen-ngao-tien-dua-3-me-con-trong-vu-an-mang-o-dong-nai-ve-que-nha-2551859.html,https://vietnamnet.vn/nghen-ngao-tien-dua-3-me-con-trong-vu-an-mang-o-dong-nai-ve-que-nha-2551859.html,vietnamnet.vn,vietnamnet,,rss,2026-09-20T16:13:59Z,2026-09-04T09:12:50Z,publisher_reported,vi,VN,"Hai chiếc xe chở linh cữu 3 mẹ con trong vụ án mạng ở Đồng Nai lăn bánh rời đi trong tiếng khóc nghẹn. Người thân, hàng xóm đứng tiễn biệt, đưa các nạn nhân về Nghệ An an táng.",,True,,domestic,prospective,data/raw/vietnamese/vietnamese_raw_payloads.jsonl#raw_record_id=6735a49677f83840e5d3e0da6f38a9ed9143704b244d071d23950ab1eaed2d79
81de9f26fc97f261,"Lời khai của Long Lập Thành, nghi phạm gây ra vụ giết người ở Trung Quốc",https://vietnamnet.vn/loi-khai-cua-long-lap-thanh-nghi-pham-gay-ra-vu-giet-nguoi-o-trung-quoc-2551861.html,https://vietnamnet.vn/loi-khai-cua-long-lap-thanh-nghi-pham-gay-ra-vu-giet-nguoi-o-trung-quoc-2551861.html,vietnamnet.vn,vietnamnet,,rss,2026-09-20T16:13:59Z,2026-09-04T08:32:29Z,publisher_reported,vi,VN,Người đàn ông Trung Quốc nghi liên quan vụ cố ý gây thương tích khiến 1 người tử vong bị bắt tại Cao Bằng sau khi nhập cảnh trái phép vào Việt Nam.,,True,,domestic,prospective,data/raw/vietnamese/vietnamese_raw_payloads.jsonl#raw_record_id=bdff2324ab283619245879459fb9ef400286a7637910155320bb362a0d5078ee
ea2ae33294ef7615,"Hà Nội cưỡng chế villa, homestay &apos;mọc&apos; trên đất rừng khu vực cạnh hồ Đồng Đò",https://vietnamnet.vn/ha-noi-cuong-che-villa-homestay-moc-tren-dat-rung-khu-vuc-canh-ho-dong-do-2551856.html,https://vietnamnet.vn/ha-noi-cuong-che-villa-homestay-moc-tren-dat-rung-khu-vuc-canh-ho-dong-do-2551856.html,vietnamnet.vn,vietnamnet,,rss,2026-09-20T16:13:59Z,2026-09-04T06:30:39Z,publisher_reported,vi,VN,"Sáng 4/9, công an và các lực lượng liên quan có mặt tại khu vực hồ Đồng Đò, xã Kim Anh, Hà Nội để cưỡng chế nhiều villa, homestay vi phạm quy mô lớn.",,True,,domestic,prospective,data/raw/vietnamese/vietnamese_raw_payloads.jsonl#raw_record_id=469aea9fc673ae225aff3d2f9fa974356979299afbc6936f95db96b5dcc45c40
c28807561833cd5c,Chủ nhà hàng người Hàn Quốc bị đồng hương đánh tử vong,https://vietnamnet.vn/chu-nha-hang-nguoi-han-quoc-bi-dong-huong-danh-tu-vong-2551867.html,https://vietnamnet.vn/chu-nha-hang-nguoi-han-quoc-bi-dong-huong-danh-tu-vong-2551867.html,vietnamnet.vn,vietnamnet,,rss,2026-09-20T16:13:59Z,2026-09-04T06:54:26Z,publisher_reported,vi,VN,"Nhận được tin nhóm bạn đang xô xát tại nhà hàng Rabbit, Kim Jin và Kang Yo Han vội chạy tới “giải cứu”. Trong lúc đánh nhau, hai bị cáo này dùng gậy cao su, bình khí cười đánh tử vong chủ nhà hàng và cũng là đồng hương của họ.",,True,,domestic,prospective,data/raw/vietnamese/vietnamese_raw_payloads.jsonl#raw_record_id=546f0e8c14202953bcb6585f7a92eba68032cf382db51bb71300d2050f1af6dc
b617ad6051619977,"Người đàn ông ở Hà Nội bán giày Nike, Adidas giả, quảng cáo ‘hàng fake chất lượng’",https://vietnamnet.vn/nguoi-dan-ong-o-ha-noi-ban-giay-nike-adidas-gia-quang-cao-fake-chat-luong-2551878.html,https://vietnamnet.vn/nguoi-dan-ong-o-ha-noi-ban-giay-nike-adidas-gia-quang-cao-fake-chat-luong-2551878.html,vietnamnet.vn,vietnamnet,,rss,2026-09-20T16:13:59Z,2026-09-20T05:29:40Z,publisher_reported,vi,VN,"Bán giày giả mạo nhãn hiệu Nike, Adidas, Nguyễn Đình Quý (ở Hà Nội) giới thiệu với khách là hàng “rep 1:1”, “fake chất lượng cao”, có giá rẻ hơn nhiều so với sản phẩm chính hãng.",,True,,domestic,prospective,data/raw/vietnamese/vietnamese_raw_payloads.jsonl#raw_record_id=7e013773a246086446df8d5b650c6a253c5f874cbb32ddd163ab8de79a4ebbec
52d729be24a1b34f,Khởi tố chủ nhà hàng cùng nhân viên đánh đầu bếp nhà hàng bên cạnh,https://vietnamnet.vn/khoi-to-chu-nha-hang-cung-nhan-vien-danh-dau-bep-nha-hang-ben-canh-2551891.html,https://vietnamnet.vn/khoi-to-chu-nha-hang-cung-nhan-vien-danh-dau-bep-nha-hang-ben-canh-2551891.html,vietnamnet.vn,vietnamnet,,rss,2026-09-20T16:13:59Z,2026-09-04T07:55:30Z,publisher_reported,vi,VN,"Tô Thị Ngọc Anh cùng 3 nhân viên nhà hàng đã lao vào hành hung anh H. dẫn đến thương tích, 4 người này đã bị khởi tố.",,True,,domestic,prospective,data/raw/vietnamese/vietnamese_raw_payloads.jsonl#raw_record_id=9e4628046c2aaa3aa3c6cd98cb155a3ec3e163d4f6e25509fd443898629fd458
8aefaa0a4911394f,"Công an Tuyên Quang công bố số điện thoại phản ánh tham nhũng, tiêu cực",https://vietnamnet.vn/cong-an-tuyen-quang-cong-bo-so-dien-thoai-phan-anh-tham-nhung-tieu-cuc-2551894.html,https://vietnamnet.vn/cong-an-tuyen-quang-cong-bo-so-dien-thoai-phan-anh-tham-nhung-tieu-cuc-2551894.html,vietnamnet.vn,vietnamnet,,rss,2026-09-20T16:13:59Z,2026-09-20T05:29:54Z,publisher_reported,vi,VN,"Công an tỉnh Tuyên Quang công khai số điện thoại 0705.259.259 để tiếp nhận, xử lý phản ánh về tham nhũng, tiêu cực của cán bộ, chiến sĩ trong lực lượng.",,True,,domestic,prospective,data/raw/vietnamese/vietnamese_raw_payloads.jsonl#raw_record_id=53450341abf0831624db97f6556f2be9d4781c1d1bdde43a0a5e7124746dace5
a5b0950ae055d681,"Sau cuộc nhậu, người đàn ông bị đâm tử vong",https://vietnamnet.vn/sau-cuoc-nhau-nguoi-dan-ong-bi-dam-tu-vong-2551846.html,https://vietnamnet.vn/sau-cuoc-nhau-nguoi-dan-ong-bi-dam-tu-vong-2551846.html,vietnamnet.vn,vietnamnet,,rss,2026-09-20T16:13:59Z,2026-09-20T05:28:50Z,publisher_reported,vi,VN,"Sau khi cùng uống rượu bia, Dương Văn Nghiêm xảy ra mâu thuẫn với Dương Văn Sơn rồi dùng dao đâm nạn nhân tử vong. Nghiêm sau đó đã đến công an đầu thú.",,True,,domestic,prospective,data/raw/vietnamese/vietnamese_raw_payloads.jsonl#raw_record_id=794a6a679d8a04a03f86ee71fbd5b64b78678cd838cbdabedbd58723e95ce9a5
12ed0bb773a37f0f,"Đại lộ Thăng Long rào chắn 45 ngày, phương tiện đi lại ra sao?",https://vietnamnet.vn/dai-lo-thang-long-rao-chan-45-ngay-phuong-tien-di-lai-ra-sao-2551756.html,https://vietnamnet.vn/dai-lo-thang-long-rao-chan-45-ngay-phuong-tien-di-lai-ra-sao-2551756.html,vietnamnet.vn,vietnamnet,,rss,2026-09-20T16:13:59Z,2026-09-20T05:27:32Z,publisher_reported,vi,VN,"Từ 0h ngày 4/9 đến hết 19/10, giao thông trên Đại lộ Thăng Long qua khu vực cầu Đan Hoài được điều chỉnh để sửa khe co giãn cầu và thảm mặt đường cao tốc.",,True,,domestic,prospective,data/raw/vietnamese/vietnamese_raw_payloads.jsonl#raw_record_id=3f00f5bddc095cc7dcdcf644daeb980d39c4ebe2ba4eddb8ccba1bf861b6cc63
690d35729c008971,"Công an vào cuộc vụ xe cứu thương thu 9,5 triệu đồng/16km ở Thanh Hóa",https://vietnamnet.vn/cong-an-vao-cuoc-vu-xe-cuu-thuong-thu-9-5-trieu-dong-16km-o-thanh-hoa-2551779.html,https://vietnamnet.vn/cong-an-vao-cuoc-vu-xe-cuu-thuong-thu-9-5-trieu-dong-16km-o-thanh-hoa-2551779.html,vietnamnet.vn,vietnamnet,,rss,2026-09-20T16:13:59Z,2026-09-04T08:38:38Z,publisher_reported,vi,VN,"Liên quan vụ gia đình phải trả 9,5 triệu đồng thuê xe đưa bệnh nhân về nhà với quãng đường 16km, Công an phường Hạc Thành (tỉnh Thanh Hóa) đã vào cuộc làm rõ hoạt động của các xe cứu thương bên ngoài bệnh viện.",,True,,domestic,prospective,data/raw/vietnamese/vietnamese_raw_payloads.jsonl#raw_record_id=e13a16406739caeea9fd935a713ad3a4f1aceef9ae01f0c202a66c3637b6e719
d8d2ebee5812a690,"Vụ web lậu &apos;Xôi Lạc TV&apos;: Đề nghị truy tố 74 bị can, &apos;ông trùm&apos; đối diện 2 tội danh",https://vietnamnet.vn/vu-web-lau-xoi-lac-tv-de-nghi-truy-to-ong-trum-va-hang-chuc-bi-can-khac-2551911.html,https://vietnamnet.vn/vu-web-lau-xoi-lac-tv-de-nghi-truy-to-ong-trum-va-hang-chuc-bi-can-khac-2551911.html,vietnamnet.vn,vietnamnet,,rss,2026-09-20T16:13:59Z,2026-09-04T08:39:42Z,publisher_reported,vi,VN,"Cơ quan điều tra vừa hoàn tất kết luận điều tra vụ án Xâm phạm quyền tác giả, quyền liên quan, Tổ chức đánh bạc, Đánh bạc, Truyền bá văn hóa phẩm đồi trụy phát hiện từ tháng 2/2026 xảy ra tại Hưng Yên.",,True,,domestic,prospective,data/raw/vietnamese/vietnamese_raw_payloads.jsonl#raw_record_id=37a2a69398acb428e84b20185ed1f8ad17e2c0b9b0119b9ded514e12cad70cce
ac759924d128ff12,"Biển Đông có thể đón 1-2 cơn bão và áp thấp nhiệt đới, có cơn ảnh hưởng đất liền",https://vietnamnet.vn/bien-dong-co-the-don-1-2-con-bao-va-ap-thap-nhiet-doi-co-con-anh-huong-dat-lien-2547670.html,https://vietnamnet.vn/bien-dong-co-the-don-1-2-con-bao-va-ap-thap-nhiet-doi-co-con-anh-huong-dat-lien-2547670.html,vietnamnet.vn,vietnamnet,,rss,2026-09-20T16:13:59Z,2026-09-04T08:57:03Z,publisher_reported,vi,VN,"Tháng 9, Biển Đông có thể xuất hiện 2-3 cơn bão và áp thấp nhiệt đới (bao gồm cả bão số 5), trong đó có cơn ảnh hưởng đất liền nước ta. El Nino duy trì cường độ mạnh và có thể kéo dài đến nửa đầu năm 2027.",,True,,domestic,prospective,data/raw/vietnamese/vietnamese_raw_payloads.jsonl#raw_record_id=434860aa7a48af908d85ef88f7aed33035a0472366d223c8babfcaaaccf8ef9b
1247d86b4accc4e7,"Vụ cháy nhà khiến mẹ chồng, con dâu tử vong: Nghi do sạc điện thoại",https://vietnamnet.vn/vu-chay-nha-khien-me-chong-con-dau-tu-vong-o-nha-trang-nghi-do-sac-dien-thoai-2551822.html,https://vietnamnet.vn/vu-chay-nha-khien-me-chong-con-dau-tu-vong-o-nha-trang-nghi-do-sac-dien-thoai-2551822.html,vietnamnet.vn,vietnamnet,,rss,2026-09-20T16:13:59Z,2026-09-04T04:29:34Z,publisher_reported,vi,VN,"Lực lượng chức năng bước đầu nhận định nguyên nhân vụ cháy nhà tại Khu đô thị An Bình Tân (phường Nam Nha Trang, Khánh Hòa), khiến mẹ chồng và con dâu tử vong.",,True,,domestic,prospective,data/raw/vietnamese/vietnamese_raw_payloads.jsonl#raw_record_id=e6c98d143a6ce723b4b2f50982f8131fe61fe8c57dc5b8591c620d46dd87277c
eb5bed2ddb760dd2,"Bão số 5 suy yếu, thời tiết ngày khai giảng 5/9 có gì đáng chú ý?",https://vietnamnet.vn/bao-so-5-suy-yeu-thoi-tiet-ngay-khai-giang-5-9-co-gi-dang-chu-y-2547672.html,https://vietnamnet.vn/bao-so-5-suy-yeu-thoi-tiet-ngay-khai-giang-5-9-co-gi-dang-chu-y-2547672.html,vietnamnet.vn,vietnamnet,,rss,2026-09-20T16:13:59Z,2026-09-20T05:24:12Z,publisher_reported,vi,VN,"Bão số 5 Saudel đang suy yếu và không ảnh hưởng trực tiếp đến đất liền Việt Nam. Trong ngày khai giảng 5/9, nắng nóng trên cả nước giảm đáng kể, song mưa giông có thể xuất hiện rải rác tại một số khu vực vào chiều tối.",,True,,domestic,prospective,data/raw/vietnamese/vietnamese_raw_payloads.jsonl#raw_record_id=2cff892b459e25d761677bc5e268ee26874f0ff25585cb416012dbc938328bb1
1cd63e95f8118c9e,"Phát hiện sai phạm trong sử dụng khu &apos;đất vàng&apos; 305A Điện Biên Phủ, TPHCM",https://vietnamnet.vn/phat-hien-sai-pham-trong-su-dung-khu-dat-vang-305a-dien-bien-phu-tphcm-2551753.html,https://vietnamnet.vn/phat-hien-sai-pham-trong-su-dung-khu-dat-vang-305a-dien-bien-phu-tphcm-2551753.html,vietnamnet.vn,vietnamnet,,rss,2026-09-20T16:13:59Z,2026-09-20T05:39:37Z,publisher_reported,vi,VN,"Kết luận của Thanh tra tỉnh An Giang chỉ ra một số vi phạm trong việc quản lý, sử dụng cơ sở nhà, đất dôi dư sau sắp xếp đối với khu “đất vàng” số 305A Điện Biên Phủ, phường Xuân Hòa, TPHCM.",,True,,domestic,prospective,data/raw/vietnamese/vietnamese_raw_payloads.jsonl#raw_record_id=a50e3f70d8bea2d18918f171297e7b57a4e9fc664269192a922100d534ba366f
cf09ff1af1b17e3d,"Clip ô tô con đột ngột rời cao tốc, tài xế xe tải phanh &apos;cháy đường&apos;",https://vietnamnet.vn/clip-o-to-con-dot-ngot-roi-cao-toc-tai-xe-xe-tai-phanh-chay-duong-2551784.html,https://vietnamnet.vn/clip-o-to-con-dot-ngot-roi-cao-toc-tai-xe-xe-tai-phanh-chay-duong-2551784.html,vietnamnet.vn,vietnamnet,,rss,2026-09-20T16:13:59Z,2026-09-04T04:29:15Z,publisher_reported,vi,VN,"Theo Cục CSGT (Bộ Công an) đơn vị đã xác minh, làm rõ về một trường ô tô con rời đường cao tốc trái quy định, tiềm ẩn gây tai nạn giao thông.",,True,,domestic,prospective,data/raw/vietnamese/vietnamese_raw_payloads.jsonl#raw_record_id=a0c772c06ebba8e05847ea85ebf74408d132fc009cccfdeda8964b8b4c9ef314
53e406c1cfecb07d,Tin tức Thời sự 3/9: Án mạng khiến 3 người trong một gia đình tử vong,https://vietnamnet.vn/tin-tuc-thoi-su-3-9-an-mang-khien-3-nguoi-tu-vong-o-dong-nai-2551608.html,https://vietnamnet.vn/tin-tuc-thoi-su-3-9-an-mang-khien-3-nguoi-tu-vong-o-dong-nai-2551608.html,vietnamnet.vn,vietnamnet,,rss,2026-09-20T16:13:59Z,2026-09-03T12:07:24Z,publisher_reported,vi,VN,"Vụ án 3 người trong một gia đình tử vong ở Đồng Nai; ca sĩ Chi Dân, An Tây, Nguyễn Đỗ Trúc Phương lãnh án tù vì ma túy; bão số 5 suy yếu là những tin tức thời sự đáng chú ý ngày 3/9.",,True,,domestic,prospective,data/raw/vietnamese/vietnamese_raw_payloads.jsonl#raw_record_id=7e41e16a6e0e2ffc5fae16d10189c675dbf6a4314066d440f790a875c9d82c46
f8921002b1e8dac3,"Mùa nước nổi tại An Giang, liên tiếp 2 thiếu niên tử vong thương tâm",https://vietnamnet.vn/https-vietnamnet-vn-mua-nuoc-noi-tai-an-giang-lien-tiep-2-thieu-nien-tu-vong-thuong-tam-2551679-html-2551679.html,https://vietnamnet.vn/https-vietnamnet-vn-mua-nuoc-noi-tai-an-giang-lien-tiep-2-thieu-nien-tu-vong-thuong-tam-2551679-html-2551679.html,vietnamnet.vn,vietnamnet,,rss,2026-09-20T16:13:59Z,2026-09-20T05:24:40Z,publisher_reported,vi,VN,Trên địa bàn tỉnh An Giang liên tiếp xảy ra 2 vụ đuối nước khiến 2 thiếu niên tử vong. Cơ quan chức năng cảnh báo nguy cơ tai nạn trong mùa nước nổi.,,True,,domestic,prospective,data/raw/vietnamese/vietnamese_raw_payloads.jsonl#raw_record_id=60ca05ceb9537a9bd4bfa10805eb87ab7e4429de935600cd0e12e7892f4afd3a
c45cf14472cb741b,Công an vào cuộc vụ người đàn ông đánh chó Alaska ở Đà Lạt,https://vietnamnet.vn/cong-an-vao-cuoc-vu-nguoi-dan-ong-danh-cho-alaska-o-da-lat-2551581.html,https://vietnamnet.vn/cong-an-vao-cuoc-vu-nguoi-dan-ong-danh-cho-alaska-o-da-lat-2551581.html,vietnamnet.vn,vietnamnet,,rss,2026-09-20T16:13:59Z,2026-09-20T05:38:30Z,publisher_reported,vi,VN,"Công an phường Xuân Hương - Đà Lạt (tỉnh Lâm Đồng) đã vào cuộc xác minh, làm rõ việc một người đàn ông đánh đập con chó Alaska tại quảng trường Lâm Viên.",,True,,domestic,prospective,data/raw/vietnamese/vietnamese_raw_payloads.jsonl#raw_record_id=8d4b1b2cf9c71ed46ffc7d886bf4c77adc54e471f4dcda161d407c6995e49ec1
2ba4fe8f33df2188,Không khí tang thương trong gia đình 3 mẹ con tử vong sau vụ án mạng ở Đồng Nai,https://vietnamnet.vn/khong-khi-tang-thuong-trong-gia-dinh-3-me-con-tu-vong-sau-vu-an-mang-o-dong-nai-2551686.html,https://vietnamnet.vn/khong-khi-tang-thuong-trong-gia-dinh-3-me-con-tu-vong-sau-vu-an-mang-o-dong-nai-2551686.html,vietnamnet.vn,vietnamnet,,rss,2026-09-20T16:13:59Z,2026-09-20T05:25:19Z,publisher_reported,vi,VN,"Lãnh đạo Công an TP Đồng Nai, xã Bình Minh đến thăm hỏi, chia buồn và động viên gia đình có 3 nạn nhân tử vong trong vụ án mạng xảy ra tại địa phương.",,True,,domestic,prospective,data/raw/vietnamese/vietnamese_raw_payloads.jsonl#raw_record_id=bf429d957668a97837faeb71ac44bd36e131e1619993aad3b4e4f694dbadb808
ecb028b656dd1c14,"Lần theo mảnh nhựa vỡ, công an tìm ra tài xế gây tai nạn chết người rồi bỏ trốn",https://vietnamnet.vn/lan-theo-manh-nhua-vo-cong-an-tim-ra-tai-xe-gay-tai-nan-chet-nguoi-roi-bo-tron-2551695.html,https://vietnamnet.vn/lan-theo-manh-nhua-vo-cong-an-tim-ra-tai-xe-gay-tai-nan-chet-nguoi-roi-bo-tron-2551695.html,vietnamnet.vn,vietnamnet,,rss,2026-09-20T16:13:59Z,2026-09-20T05:25:29Z,publisher_reported,vi,VN,"Sau 20 giờ truy tìm, Công an tỉnh Hưng Yên xác định và tạm giữ tài xế xe tải liên quan vụ tai nạn khiến một người tử vong rồi rời khỏi hiện trường.",,True,,domestic,prospective,data/raw/vietnamese/vietnamese_raw_payloads.jsonl#raw_record_id=7f0239fbd3ccb6e632fbcb97e0492fef37d5123adaecfa023347ff68c960e8c5
00ef9088f475bd79,Vụ cháy nhà trong khu đô thị ở Nha Trang: Mẹ chồng và con dâu đã tử vong,https://vietnamnet.vn/me-chong-cung-con-dau-trong-vu-chay-o-nha-trang-da-tu-vong-2551722.html,https://vietnamnet.vn/me-chong-cung-con-dau-trong-vu-chay-o-nha-trang-da-tu-vong-2551722.html,vietnamnet.vn,vietnamnet,,rss,2026-09-20T16:13:59Z,2026-09-20T05:25:37Z,publisher_reported,vi,VN,"Dù được đưa đến bệnh viện cấp cứu, hai nạn nhân trong vụ hỏa hoạn xảy ra tại Khu đô thị An Bình Tân, phường Nam Nha Trang (tỉnh Khánh Hòa), đã tử vong do bị thương quá nặng.",,True,,domestic,prospective,data/raw/vietnamese/vietnamese_raw_payloads.jsonl#raw_record_id=ac781a9c413c80797c8c5dc497d9a84dfbd5b606f11974746bb8b685181aaf28
79844223177a16f6,"Hải Phòng tạm cấm đường Cầu Đất để thu hồi, vận chuyển và huỷ nổ 1 quả bom",https://vietnamnet.vn/hai-phong-tam-cam-duong-cau-dat-de-thu-hoi-van-chuyen-va-huy-no-1-qua-bom-2551723.html,https://vietnamnet.vn/hai-phong-tam-cam-duong-cau-dat-de-thu-hoi-van-chuyen-va-huy-no-1-qua-bom-2551723.html,vietnamnet.vn,vietnamnet,,rss,2026-09-20T16:13:59Z,2026-09-20T05:25:47Z,publisher_reported,vi,VN,"Quả bom được người dân trên phố Cầu đất phát hiện khi sửa chữa nhà. Công an Hải Phòng đã phát lệnh cấm đường để phục vụ việc thu hồi, vận chuyển và huỷ nổ quả bom.",,True,,domestic,prospective,data/raw/vietnamese/vietnamese_raw_payloads.jsonl#raw_record_id=8121baed8cbaf9b317bbba24c64b2f29457d890d364a76f823bb09d76938c62a
57eb4cd8c98aad64,"Án mạng ở Đồng Nai: Chuyến thăm cháu không thành, người ông chết lặng bên 3 chiếc quan tài",https://vietnamnet.vn/dinh-vao-dong-nai-tham-con-chau-nguoi-dan-ong-chet-lang-ben-3-chiec-quan-tai-2551696.html,https://vietnamnet.vn/dinh-vao-dong-nai-tham-con-chau-nguoi-dan-ong-chet-lang-ben-3-chiec-quan-tai-2551696.html,vietnamnet.vn,vietnamnet,,rss,2026-09-20T16:13:59Z,2026-09-04T12:02:00Z,publisher_reported,vi,VN,"Người cha ở Nghệ An dự định sẽ vào Đồng Nai thăm các con, cháu. Nhưng chuyến đi ấy chưa kịp thực hiện, ông đã phải vào đón 3 người thân trong chiếc quan tài về quê với nỗi đau xé lòng.",,True,,domestic,prospective,data/raw/vietnamese/vietnamese_raw_payloads.jsonl#raw_record_id=2e7659de09bbaabc5eca720d4e0993bad68faf47d93a431d93af4d13ab8c3c7e
fa13d0a69d32a4de,"Loạt giám đốc, bác sĩ bị khởi tố, lộ &apos;mắt xích&apos; ít người ngờ tới",https://vietnamnet.vn/loat-giam-doc-bac-si-bi-khoi-to-lo-mat-xich-it-nguoi-ngo-toi-2550399.html,https://vietnamnet.vn/loat-giam-doc-bac-si-bi-khoi-to-lo-mat-xich-it-nguoi-ngo-toi-2550399.html,vietnamnet.vn,vietnamnet,,rss,2026-09-20T16:13:59Z,2026-09-20T05:26:37Z,publisher_reported,vi,VN,"Từ làm sai lệch hồ sơ để vụ lợi đến lập bệnh án khống nhằm thanh toán bảo hiểm hoặc xin hoãn chấp hành án, nhiều lãnh đạo bệnh viện, bác sĩ đã bị khởi tố trong các vụ án có chung một mắt xích : hồ sơ bệnh án.",,True,,domestic,prospective,data/raw/vietnamese/vietnamese_raw_payloads.jsonl#raw_record_id=e280d118425a85f8c6ad9875c10e5249d4ad848b2d012bccaf781334dd28fd87
e4f35989283e2d77,Mở lại phiên tòa xét xử tài xế tông tử vong nữ sinh ở Vĩnh Long,https://vietnamnet.vn/mo-lai-phien-toa-xet-xu-tai-xe-tong-tu-vong-nu-sinh-o-vinh-long-2551614.html,https://vietnamnet.vn/mo-lai-phien-toa-xet-xu-tai-xe-tong-tu-vong-nu-sinh-o-vinh-long-2551614.html,vietnamnet.vn,vietnamnet,,rss,2026-09-20T16:13:59Z,2026-09-20T05:38:57Z,publisher_reported,vi,VN,"Ngày 17/9, Tòa án Nhân dân khu vực 4 - Vĩnh Long sẽ mở lại phiên xét xử bị cáo Nguyễn Văn Bảo Trung, tài xế xe tải tông tử vong nữ sinh Nguyễn Ngọc Bảo Trân.",,True,,domestic,prospective,data/raw/vietnamese/vietnamese_raw_payloads.jsonl#raw_record_id=371caca6c005feb0cd73b1bc81894df860f9fb6f4e8c13d85b359c6ae3b3be4f
e0f4a8d01346b27d,"Bão Saudel vượt 23 độ Vĩ Bắc, di chuyển ra ngoài Biển Đông",https://vietnamnet.vn/bao-saudel-vuot-23-do-vi-bac-di-chuyen-ra-ngoai-bien-dong-2547673.html,https://vietnamnet.vn/bao-saudel-vuot-23-do-vi-bac-di-chuyen-ra-ngoai-bien-dong-2547673.html,vietnamnet.vn,vietnamnet,,rss,2026-09-20T16:13:59Z,2026-09-03T01:18:15Z,publisher_reported,vi,VN,"Sáng 3/9, bão số 5 Saudel đã vượt qua 23 độ Vĩ Bắc, di chuyển lên phía Bắc và ra ngoài Biển Đông. Bão tiếp tục suy yếu trong những ngày tới.",,True,,domestic,prospective,data/raw/vietnamese/vietnamese_raw_payloads.jsonl#raw_record_id=a6b02d4aca2a8e39890074f6cc08eaec2792f3d512b2107736107287ea13e0e8
3f64c91ec54fa7d8,Từ triệu view đến vòng lao lý: Khi sự nổi tiếng thành công cụ kiếm tiền phi pháp,https://vietnamnet.vn/tu-trieu-view-den-vong-lao-ly-khi-su-noi-tieng-thanh-cong-cu-kiem-tien-phi-phap-2550970.html,https://vietnamnet.vn/tu-trieu-view-den-vong-lao-ly-khi-su-noi-tieng-thanh-cong-cu-kiem-tien-phi-phap-2550970.html,vietnamnet.vn,vietnamnet,,rss,2026-09-20T16:13:59Z,2026-09-03T22:30:00Z,publisher_reported,vi,VN,"Theo luật sư, khi người nổi tiếng chỉ chú trọng việc “bán được càng nhiều càng tốt” mà không quan tâm nguồn gốc, chất lượng sản phẩm hay quyền lợi của người tiêu dùng... thì nguy cơ vi phạm pháp luật là rất lớn.",,True,,domestic,prospective,data/raw/vietnamese/vietnamese_raw_payloads.jsonl#raw_record_id=cd415e6e94a96d75693b5b11bb4d4c271688bda94b07ae5ea82fa500da0798b7
5dfbb6531e3771ec,"Va chạm ô tô khách 34 chỗ, xe đầu kéo nằm &apos;vắt ngang&apos; trên cao tốc",https://vietnamnet.vn/va-cham-o-to-khach-34-cho-xe-dau-keo-nam-vat-ngang-tren-cao-toc-2551739.html,https://vietnamnet.vn/va-cham-o-to-khach-34-cho-xe-dau-keo-nam-vat-ngang-tren-cao-toc-2551739.html,vietnamnet.vn,vietnamnet,,rss,2026-09-20T16:13:59Z,2026-09-04T05:29:16Z,publisher_reported,vi,VN,"Va chạm với ô tô khách 34 chỗ, xe đầu kéo đâm vào dải phân cách rồi lao qua phần đường ngược lại, rơ-moóc xoay ngang chắn các làn đường trên cao tốc TPHCM - Long Thành - Dầu Giây.",,True,,domestic,prospective,data/raw/vietnamese/vietnamese_raw_payloads.jsonl#raw_record_id=77040b15aaf5dd2b16c40c414560ba98da23e35e0277186d26896af5c986b443
9ae12b8885009816,Mở rộng điều tra vụ án lừa đảo liên quan người chuyên mua bán ô tô ở TPHCM,https://vietnamnet.vn/mo-rong-dieu-tra-vu-an-lua-dao-lien-quan-nguoi-chuyen-mua-ban-o-to-o-tphcm-2551835.html,https://vietnamnet.vn/mo-rong-dieu-tra-vu-an-lua-dao-lien-quan-nguoi-chuyen-mua-ban-o-to-o-tphcm-2551835.html,vietnamnet.vn,vietnamnet,,rss,2026-09-20T16:13:59Z,2026-09-20T05:57:40Z,publisher_reported,vi,VN,Công an TPHCM xác định Nguyễn Ngọc Đức đã lừa đảo nhiều người thông qua hình thức nhận tiền đặt cọc mua bán ô tô. Cơ quan công an đề nghị những người bị hại trình báo để hợp tác điều tra.,,True,,domestic,prospective,data/raw/vietnamese/vietnamese_raw_payloads.jsonl#raw_record_id=209ded65156733beca9bf7493d82d161ddac0a0934eed9ea36c899e388135a3e
fe506cb0771561f2,"Chủ tịch Đà Nẵng thăm, động viên 32 ngư dân gặp nạn trên biển trở về",https://vietnamnet.vn/chu-tich-da-nang-tham-dong-vien-32-ngu-dan-gap-nan-tren-bien-tro-ve-2551746.html,https://vietnamnet.vn/chu-tich-da-nang-tham-dong-vien-32-ngu-dan-gap-nan-tren-bien-tro-ve-2551746.html,vietnamnet.vn,vietnamnet,,rss,2026-09-20T16:13:59Z,2026-09-04T02:25:52Z,publisher_reported,vi,VN,"Sau nhiều ngày lênh đênh trên biển, 32 ngư dân trên tàu cá QNa-90859-TS của Đà Nẵng được cứu sống đã trở về quê nhà trong sự chờ đón của người thân và chính quyền địa phương.",,True,,domestic,prospective,data/raw/vietnamese/vietnamese_raw_payloads.jsonl#raw_record_id=4a1fd808de7b9c76021b06b1bf62ab6c5c8cedbd10a434e3eed3853d29cb23f2
20701d9b1e636626,"Kịch bản &apos;chạy án&apos; tinh vi của cô gái ở Hải Phòng, nạn nhân bị lừa hơn 800 triệu",https://vietnamnet.vn/kich-ban-chay-an-tinh-vi-cua-co-gai-o-hai-phong-nan-nhan-bi-lua-hon-800-trieu-2551790.html,https://vietnamnet.vn/kich-ban-chay-an-tinh-vi-cua-co-gai-o-hai-phong-nan-nhan-bi-lua-hon-800-trieu-2551790.html,vietnamnet.vn,vietnamnet,,rss,2026-09-20T16:13:59Z,2026-09-04T03:22:16Z,publisher_reported,vi,VN,"Lợi dụng việc một lao động bị bắt tại Nhật Bản, Nguyễn Thị Thanh Tâm (SN 1998, trú thôn Thanh Quang, xã Hà Đông, TP Hải Phòng) dựng nhiều tài khoản giả, lừa gia đình nạn nhân hơn 836 triệu đồng.",,True,,domestic,prospective,data/raw/vietnamese/vietnamese_raw_payloads.jsonl#raw_record_id=d38161316f179c70ce4d22dc56bce791ee7e684fb6ea4aea6da29ad70ed5ceb2
7ced4bb86cc22c40,Khởi tố 5 người liên quan vụ đổ trái phép 33.500 tấn chất thải xây dựng ở Hà Nội,https://vietnamnet.vn/khoi-to-5-nguoi-lien-quan-vu-do-trai-phep-33-500-tan-chat-thai-xay-dung-o-ha-noi-2551955.html,https://vietnamnet.vn/khoi-to-5-nguoi-lien-quan-vu-do-trai-phep-33-500-tan-chat-thai-xay-dung-o-ha-noi-2551955.html,vietnamnet.vn,vietnamnet,,rss,2026-09-20T16:13:59Z,2026-09-04T09:37:47Z,publisher_reported,vi,VN,"Ngày 4/9, Công an TP Hà Nội cho biết đã khởi tố 5 đối tượng liên quan đến vụ tập kết, đổ trái phép khối lượng lớn chất thải xây dựng tại khu đất trên đường Phan Trọng Tuệ, xã Đại Thanh.",,True,,domestic,prospective,data/raw/vietnamese/vietnamese_raw_payloads.jsonl#raw_record_id=a8ad3a5d07695b0511ca63f5f11de59b2a347759a304594ed20b0c9d7d00e82e
2e604236e0e8b043,"Cháy tại trường tiểu học, phát hiện một hiệu phó tử vong",https://vietnamnet.vn/chay-tai-truong-tieu-hoc-phat-hien-mot-hieu-pho-tu-vong-2551306.html,https://vietnamnet.vn/chay-tai-truong-tieu-hoc-phat-hien-mot-hieu-pho-tu-vong-2551306.html,vietnamnet.vn,vietnamnet,,rss,2026-09-20T16:13:59Z,2026-09-02T08:56:28Z,publisher_reported,vi,VN,"Một vụ cháy vừa xảy ra tại Trường Tiểu học Trương Quang Trọng, tỉnh Quảng Ngãi. Theo thông tin sơ bộ, lực lượng chức năng phát hiện một phó hiệu trưởng nhà trường tử vong.",,True,,domestic,prospective,data/raw/vietnamese/vietnamese_raw_payloads.jsonl#raw_record_id=be054e8bf4c36d35f34367f92c3f5c1ee4a41e34ce026c66e01e0e0cde08f625
80dec466c90aabe8,"Trong 5 ngày nghỉ lễ, 11 tài xế ô tô bị phạt vì không giữ khoảng cách an toàn",https://vietnamnet.vn/trong-5-ngay-nghi-le-11-tai-xe-o-to-bi-phat-vi-khong-giu-khoang-cach-an-toan-2551357.html,https://vietnamnet.vn/trong-5-ngay-nghi-le-11-tai-xe-o-to-bi-phat-vi-khong-giu-khoang-cach-an-toan-2551357.html,vietnamnet.vn,vietnamnet,,rss,2026-09-20T16:13:59Z,2026-09-20T05:57:16Z,publisher_reported,vi,VN,"Trong 5 ngày nghỉ lễ 2/9, lực lượng CSGT đã lập biên bản 11 trường hợp không giữ khoảng cách an toàn trên cao tốc.",,True,,domestic,prospective,data/raw/vietnamese/vietnamese_raw_payloads.jsonl#raw_record_id=753dd37dfadda8e1cf16d212c56776aa55414abb5be675e31bd664a55ef0b6ea
aa25e93e9415248a,"Miền Bắc, Trung Bộ nắng nóng cuối kỳ nghỉ lễ; bão số 5 sắp hình thành",https://vietnamnet.vn/mien-bac-trung-bo-nang-nong-cuoi-ky-nghi-le-bao-so-5-sap-hinh-thanh-2547683.html,https://vietnamnet.vn/mien-bac-trung-bo-nang-nong-cuoi-ky-nghi-le-bao-so-5-sap-hinh-thanh-2547683.html,vietnamnet.vn,vietnamnet,,rss,2026-09-20T16:13:59Z,2026-08-31T23:35:46Z,publisher_reported,vi,VN,"Ngày 1/9, Bắc Bộ tiếp tục nắng nóng, có nơi gay gắt; từ 2/9, nắng nóng mở rộng xuống Trung Bộ. Trong khi đó, áp thấp nhiệt đới mạnh lên từ tàn dư bão Saudel có khả năng mạnh lên thành bão số 5 trong 24 giờ tới.",,True,,domestic,prospective,data/raw/vietnamese/vietnamese_raw_payloads.jsonl#raw_record_id=f88c3db442f929c69af537df4bda68b2ba6a5bd27c0ce0b2cc888da83c6eb53e
94c7ceea31e45c1d,Hà Nội bố trí hàng loạt điểm trông giữ xe miễn phí dịp Quốc khánh 2/9,https://vietnamnet.vn/ha-noi-bo-tri-hang-loat-diem-trong-giu-xe-mien-phi-dip-quoc-khanh-2-9-2551005.html,https://vietnamnet.vn/ha-noi-bo-tri-hang-loat-diem-trong-giu-xe-mien-phi-dip-quoc-khanh-2-9-2551005.html,vietnamnet.vn,vietnamnet,,rss,2026-09-20T16:13:59Z,2026-08-31T14:57:58Z,publisher_reported,vi,VN,"Từ 17h ngày 31/8 đến hết ngày 2/9, Hà Nội sẽ bố trí lực lượng trông giữ phương tiện miễn phí tại hàng loạt địa điểm, phục vụ nhu cầu của người dân trong kỳ nghỉ Quốc khánh.",,True,,domestic,prospective,data/raw/vietnamese/vietnamese_raw_payloads.jsonl#raw_record_id=ecee9b1502741a17bd9133b7c36281f2bb26f987c1c4c8f0ea4b8074ea88fa09
5c592f6ae7855113,Gia Lai chấn chỉnh hoạt động vận tải hành khách sau phản ánh về giá cước,https://vietnamnet.vn/gia-lai-chan-chinh-hoat-dong-van-tai-hanh-khach-sau-phan-anh-ve-gia-cuoc-2551022.html,https://vietnamnet.vn/gia-lai-chan-chinh-hoat-dong-van-tai-hanh-khach-sau-phan-anh-ve-gia-cuoc-2551022.html,vietnamnet.vn,vietnamnet,,rss,2026-09-20T16:13:59Z,2026-08-31T11:00:00Z,publisher_reported,vi,VN,"Sau phản ánh của hành khách về giá cước một chuyến xe tại Quy Nhơn, Sở Xây dựng Gia Lai yêu cầu các đơn vị kinh doanh vận tải công khai, minh bạch giá cước, không tự ý tăng giá trong dịp lễ.",,True,,domestic,prospective,data/raw/vietnamese/vietnamese_raw_payloads.jsonl#raw_record_id=1770274ed42659b76ca10d4505467ed634571df3b5a2b7030e28e3c00cc32299
ad7a2243d47b68a0,"Clip voi rừng đi qua trường bán trú gây chú ý, Phó chủ tịch xã thông tin bất ngờ",https://vietnamnet.vn/clip-voi-rung-di-qua-truong-ban-tru-gay-chu-y-pho-chu-tich-xa-thong-tin-bat-ngo-2551028.html,https://vietnamnet.vn/clip-voi-rung-di-qua-truong-ban-tru-gay-chu-y-pho-chu-tich-xa-thong-tin-bat-ngo-2551028.html,vietnamnet.vn,vietnamnet,,rss,2026-09-20T16:13:59Z,2026-08-31T11:24:20Z,publisher_reported,vi,VN,"Clip một cá thể voi rừng đi qua khu vực trường bán trú ở xã Huổi Một, tỉnh Sơn La gây chú ý. Lãnh đạo xã cho biết con voi không tấn công, không gây thiệt hại và đã sống tại khu vực này hàng chục năm.",,True,,domestic,prospective,data/raw/vietnamese/vietnamese_raw_payloads.jsonl#raw_record_id=d2a6d2efd93b9a3d5e704dcde245810c980d162eff9f7cf9a550b47d8ecd5278
9ec11d3dd0ef785b,"TPHCM bố trí 8 nơi chứa 26 triệu m³ bùn nạo vét, gỡ điểm nghẽn cho nhiều dự án",https://vietnamnet.vn/tphcm-bo-tri-8-noi-chua-26-trieu-m-bun-nao-vet-go-diem-nghen-cho-nhieu-du-an-2550979.html,https://vietnamnet.vn/tphcm-bo-tri-8-noi-chua-26-trieu-m-bun-nao-vet-go-diem-nghen-cho-nhieu-du-an-2550979.html,vietnamnet.vn,vietnamnet,,rss,2026-09-20T16:13:59Z,2026-09-19T15:06:07Z,publisher_reported,vi,VN,"TPHCM vừa công bố danh mục 8 vị trí tiếp nhận và nhận chìm hơn 26 triệu m³ bùn, đất nạo vét, giúp tháo gỡ điểm nghẽn cho nhiều dự án trọng điểm.",,True,,domestic,prospective,data/raw/vietnamese/vietnamese_raw_payloads.jsonl#raw_record_id=89fe82eef11a1ad794528a29453db059ea566334012bbd856f2710024b6c2ca8
3569c4ba7c043121,Cục CSGT tiếp tục xử lý xe không giữ khoảng cách trên cao tốc,https://vietnamnet.vn/cuc-csgt-tiep-tuc-xu-ly-xe-khong-giu-khoang-cach-tren-cao-toc-2551196.html,https://vietnamnet.vn/cuc-csgt-tiep-tuc-xu-ly-xe-khong-giu-khoang-cach-tren-cao-toc-2551196.html,vietnamnet.vn,vietnamnet,,rss,2026-09-20T16:13:59Z,2026-09-20T05:53:20Z,publisher_reported,vi,VN,"Cục CSGT cho biết lực lượng chức năng sẽ tiếp tục tuyên truyền, nhắc nhở và xử lý các trường hợp cố tình không giữ khoảng cách an toàn với xe chạy liền trước trên cao tốc. Từ ngày 26/8 đến nay, 22 trường hợp đã bị xử lý.",,True,,domestic,prospective,data/raw/vietnamese/vietnamese_raw_payloads.jsonl#raw_record_id=dbbef9cf1e73eb180d4eab800334236b3c7e51234b3d1d27673c5780d0c28ae2
23880188c495c67d,Vụ thiếu niên bị đánh ở phòng gym: Công an Ninh Bình tạm giữ Lâm Đình Dưỡng,https://vietnamnet.vn/vu-thieu-nien-bi-danh-o-phong-gym-cong-an-ninh-binh-tam-giu-lam-dinh-duong-2550942.html,https://vietnamnet.vn/vu-thieu-nien-bi-danh-o-phong-gym-cong-an-ninh-binh-tam-giu-lam-dinh-duong-2550942.html,vietnamnet.vn,vietnamnet,,rss,2026-09-20T16:13:59Z,2026-08-31T02:23:48Z,publisher_reported,vi,VN,"Công an tỉnh Ninh Bình đã tạm giữ hình sự Lâm Đình Dưỡng, đối tượng có hành vi hành hung một thiếu niên 16 tuổi tại phòng tập gym ở xã Quỹ Nhất.",,True,,domestic,prospective,data/raw/vietnamese/vietnamese_raw_payloads.jsonl#raw_record_id=45e36223776c5a00e40b69d661329cf4e966a81fd97e676f42d0a337518334bc
8ee5a58de68bff3e,"Ngày thứ ba nghỉ lễ 2/9, CSGT xử lý 18.738 tài xế vi phạm, có 1 trường hợp không giữ khoảng cách",https://vietnamnet.vn/ngay-thu-ba-nghi-le-2-9-csgt-xu-ly-1-truong-hop-khong-giu-khoang-cach-2551033.html,https://vietnamnet.vn/ngay-thu-ba-nghi-le-2-9-csgt-xu-ly-1-truong-hop-khong-giu-khoang-cach-2551033.html,vietnamnet.vn,vietnamnet,,rss,2026-09-20T16:13:59Z,2026-09-19T15:05:37Z,publisher_reported,vi,VN,"Trong ngày thứ ba của kỳ nghỉ lễ Quốc khánh 2/9, lực lượng CSGT toàn quốc phát hiện, xử lý 18.738 trường hợp vi phạm; tai nạn giao thông giảm cả 3 tiêu chí so với cùng kỳ.",,True,,domestic,prospective,data/raw/vietnamese/vietnamese_raw_payloads.jsonl#raw_record_id=aed5a33c147249a9e3b68049520a91d215ba14f36fa714c765d0b537cda5a301
f79891b9e18c62a4,"Nửa đầu mùa bão 2026: Bão đổi hướng, lòng vòng đến &apos;hồi sinh&apos; trên Biển Đông",https://vietnamnet.vn/nua-dau-mua-bao-2026-bao-doi-huong-long-vong-den-hoi-sinh-tren-bien-dong-2547681.html,https://vietnamnet.vn/nua-dau-mua-bao-2026-bao-doi-huong-long-vong-den-hoi-sinh-tren-bien-dong-2547681.html,vietnamnet.vn,vietnamnet,,rss,2026-09-20T16:13:59Z,2026-09-02T23:40:54Z,publisher_reported,vi,VN,"Mới đi qua nửa đầu mùa bão 2026, Biển Đông đã xuất hiện 5 cơn bão với nhiều diễn biến khác thường, từ đổi hướng, di chuyển chậm đến tái tổ chức sau khi suy yếu.",,True,,domestic,prospective,data/raw/vietnamese/vietnamese_raw_payloads.jsonl#raw_record_id=ea358644702e814dc92de4793597119ef0dcdba5100c4ffe6255a93558869e04
ad3422035c571802,Bảo tàng Lịch sử Quân sự Việt Nam chật kín người dịp 2/9,https://vietnamnet.vn/bao-tang-lich-su-quan-su-viet-nam-chat-kin-nguoi-dip-2-9-2551144.html,https://vietnamnet.vn/bao-tang-lich-su-quan-su-viet-nam-chat-kin-nguoi-dip-2-9-2551144.html,vietnamnet.vn,vietnamnet,,rss,2026-09-20T16:13:59Z,2026-09-01T06:36:12Z,publisher_reported,vi,VN,"Trong hai ngày 1-2/9, Bảo tàng Lịch sử Quân sự Việt Nam mở cửa miễn phí cho toàn bộ du khách. Sáng 1/9, hàng nghìn người đã đổ về bảo tàng tham quan, vui chơi, khiến khu vực này trở nên đông đúc.",,True,,domestic,prospective,data/raw/vietnamese/vietnamese_raw_payloads.jsonl#raw_record_id=ca1872d30a0c0664c23f2e169a1b9120124edba6dd00bb735b0f2e6f4f24f7fb
3b8fc6846ccd588b,"Từ vụ bắt đối tượng truy nã trốn khỏi nơi giam giữ sau 30 năm, công an cảnh báo",https://vietnamnet.vn/tu-vu-bat-doi-tuong-truy-na-tron-khoi-noi-giam-giu-sau-30-nam-cong-an-canh-bao-2550936.html,https://vietnamnet.vn/tu-vu-bat-doi-tuong-truy-na-tron-khoi-noi-giam-giu-sau-30-nam-cong-an-canh-bao-2550936.html,vietnamnet.vn,vietnamnet,,rss,2026-09-20T16:13:59Z,2026-08-31T22:15:00Z,publisher_reported,vi,VN,"Sau gần 30 năm lẩn trốn, đối tượng truy nã Nguyễn Ngọc Minh vừa bị bắt. Từ vụ việc, Công an TP Cần Thơ cảnh báo: lẩn trốn không thể xóa trách nhiệm pháp lý; đầu thú là cơ hội để sửa sai.",,True,,domestic,prospective,data/raw/vietnamese/vietnamese_raw_payloads.jsonl#raw_record_id=cf0ea03531b353cca6248d4d8cb070eb736a8b16178130f66c3bae92b3200843
ec7c604b35957dd4,"Dự báo thời tiết 1/9/2026: Miền Bắc nắng nóng mạnh, Biển Đông xuất hiện bão",https://vietnamnet.vn/du-bao-thoi-tiet-1-9-2026-mien-bac-nang-nong-manh-bien-dong-xuat-hien-bao-2547682.html,https://vietnamnet.vn/du-bao-thoi-tiet-1-9-2026-mien-bac-nang-nong-manh-bien-dong-xuat-hien-bao-2547682.html,vietnamnet.vn,vietnamnet,,rss,2026-09-20T16:13:59Z,2026-09-20T05:40:14Z,publisher_reported,vi,VN,"Dự báo thời tiết ngày 1/9/2026, áp thấp nhiệt đới trên Biển Đông mạnh lên thành bão số 5. Bắc Bộ chuyển nắng nóng, Trung Bộ còn mưa rải rác. Cao nguyên Trung Bộ và Nam Bộ duy trì chiều tối mưa giông.",,True,,domestic,prospective,data/raw/vietnamese/vietnamese_raw_payloads.jsonl#raw_record_id=bc71eea099037e465a7c3c6ddf74c217db5869f3fdc7eb65d90f6e80fe09c43a
af6abc6e342f444e,"Bão Saudel ‘tái sinh’, trở thành bão số 5 trên Biển Đông",https://vietnamnet.vn/bao-saudel-tai-sinh-tro-thanh-bao-so-5-tren-bien-dong-2547680.html,https://vietnamnet.vn/bao-saudel-tai-sinh-tro-thanh-bao-so-5-tren-bien-dong-2547680.html,vietnamnet.vn,vietnamnet,,rss,2026-09-20T16:13:59Z,2026-09-01T02:09:34Z,publisher_reported,vi,VN,"Sau khi hình thành từ áp thấp nhiệt đới, Saudel đã “tái sinh”, trở thành bão số 5 trên Biển Đông với sức gió mạnh cấp 8, giật cấp 10. Trong những giờ tới, bão tiếp tục di chuyển theo hướng Đông Bắc với tốc độ 20-25km/h.",,True,,domestic,prospective,data/raw/vietnamese/vietnamese_raw_payloads.jsonl#raw_record_id=792300ee4e0c3741df65089d37f20cc601c0b38ab09815eee068de39706da5e7
3b6d7bbcde7b6515,"Không nghỉ lễ, công nhân tăng tốc thi công trên công trường Vành đai 4",https://vietnamnet.vn/khong-nghi-le-cong-nhan-tang-toc-thi-cong-tren-cong-truong-vanh-dai-4-2551010.html,https://vietnamnet.vn/khong-nghi-le-cong-nhan-tang-toc-thi-cong-tren-cong-truong-vanh-dai-4-2551010.html,vietnamnet.vn,vietnamnet,,rss,2026-09-20T16:13:59Z,2026-08-31T23:45:00Z,publisher_reported,vi,VN,"Trong dịp nghỉ lễ Quốc khánh 2/9, công trường dự án thành phần 1-2 đường Vành đai 4 qua địa phận TP Đồng Nai vẫn duy trì hoạt động. Nhiều công nhân và máy móc tăng tốc thi công để kịp tiến độ của dự án trọng điểm.",,True,,domestic,prospective,data/raw/vietnamese/vietnamese_raw_payloads.jsonl#raw_record_id=2b636f44e43934c1ba7475d3d122f7ac55b38c698573e43cfa463971cee7e2ed
ab315ad8cec48b58,"Cháy chợ lúc nửa đêm, 16 ki-ốt bị thiêu rụi hoàn toàn",https://vietnamnet.vn/chay-cho-luc-nua-dem-16-ki-ot-bi-thieu-rui-hoan-toan-2551081.html,https://vietnamnet.vn/chay-cho-luc-nua-dem-16-ki-ot-bi-thieu-rui-hoan-toan-2551081.html,vietnamnet.vn,vietnamnet,,rss,2026-09-20T16:13:59Z,2026-09-01T02:14:56Z,publisher_reported,vi,VN,"Một vụ cháy chợ vừa xảy ra tại xã Đắk Sắk (Lâm Đồng) khiến 16 ki-ốt bị thiêu rụi hoàn toàn, ước tính thiệt hại khoảng 4 tỷ đồng.",,True,,domestic,prospective,data/raw/vietnamese/vietnamese_raw_payloads.jsonl#raw_record_id=4661684e5bfab30b5232b53a88d1b1fcd100b129a360a56e03b02475ef652f89
2083aeefa2f4c287,Phía sau lời mời đứng tên công ty: Nguy cơ thành mắt xích của doanh nghiệp &apos;ma&apos;,https://vietnamnet.vn/phia-sau-loi-moi-dung-ten-cong-ty-nguy-co-thanh-mat-xich-cua-doanh-nghiep-ma-2550704.html,https://vietnamnet.vn/phia-sau-loi-moi-dung-ten-cong-ty-nguy-co-thanh-mat-xich-cua-doanh-nghiep-ma-2550704.html,vietnamnet.vn,vietnamnet,,rss,2026-09-20T16:13:59Z,2026-08-31T09:00:00Z,publisher_reported,vi,VN,"Những lời mời “đứng tên giám đốc, không cần làm gì vẫn có tiền” hay “cho mượn CCCD mở công ty” có thể khiến người nhận lời trở thành mắt xích trong đường dây vi phạm pháp luật.",,True,,domestic,prospective,data/raw/vietnamese/vietnamese_raw_payloads.jsonl#raw_record_id=c69c16a1ca020ebbc2f70f07166e9d9e837ae228395df6fdeae4e9cfe4543fcd
a5950dda08a3189a,"Nam sinh 15 tuổi ở Hà Nội mất liên lạc, mẹ nhắn nhủ: &apos;Con ở đâu, hãy sớm về nhà&apos;",https://vietnamnet.vn/nam-sinh-15-tuoi-o-ha-noi-mat-lien-lac-me-nhan-nhu-con-o-dau-hay-som-ve-nha-2551094.html,https://vietnamnet.vn/nam-sinh-15-tuoi-o-ha-noi-mat-lien-lac-me-nhan-nhu-con-o-dau-hay-som-ve-nha-2551094.html,vietnamnet.vn,vietnamnet,,rss,2026-09-20T16:13:59Z,2026-09-20T05:40:37Z,publisher_reported,vi,VN,"Nam sinh 15 tuổi ở Hà Nội mất liên lạc 5 ngày sau mâu thuẫn với gia đình. Người mẹ nghẹn ngào nhắn nhủ: “Con ở đâu, hãy sớm về nhà”.",,True,,domestic,prospective,data/raw/vietnamese/vietnamese_raw_payloads.jsonl#raw_record_id=8d7cc57cf67a9430e89761f93ef0419732af90f9d2370a8d8cdd2f18f91280cd
6e5c7bee7c4ec33e,"Xe khách chở 33 người mất lái lật nghiêng bên đường, 1 người tử vong",https://vietnamnet.vn/xe-khach-cho-33-nguoi-mat-lai-lat-nghieng-ben-duong-1-nguoi-tu-vong-2550939.html,https://vietnamnet.vn/xe-khach-cho-33-nguoi-mat-lai-lat-nghieng-ben-duong-1-nguoi-tu-vong-2550939.html,vietnamnet.vn,vietnamnet,,rss,2026-09-20T16:13:59Z,2026-08-31T02:04:35Z,publisher_reported,vi,VN,"Đang lưu thông trên đường tránh QL14, đoạn qua phường Hội Phú (Gia Lai), xe khách giường nằm chở 33 người bất ngờ lật nghiêng bên đường, khiến 1 người tử vong, 2 người bị thương nặng.",,True,,domestic,prospective,data/raw/vietnamese/vietnamese_raw_payloads.jsonl#raw_record_id=d2124af35d7021ed35806724f6fd2c86aa5ecd041aff92b8400fa8fa3486a0fb
42106aeb86c419c3,Nam thanh niên kể phút kinh hoàng khi ô tô chở 33 người lật nghiêng trong đêm,https://vietnamnet.vn/nam-thanh-nien-ke-phut-kinh-hoang-khi-o-to-cho-33-nguoi-lat-nghieng-trong-dem-2550972.html,https://vietnamnet.vn/nam-thanh-nien-ke-phut-kinh-hoang-khi-o-to-cho-33-nguoi-lat-nghieng-trong-dem-2550972.html,vietnamnet.vn,vietnamnet,,rss,2026-09-20T16:13:59Z,2026-09-19T15:06:23Z,publisher_reported,vi,VN,"Dù không bị thương nặng như những trường hợp khác, anh Phạm Ngọc Quốc Lên (Gia Lai) vẫn chưa hết bàng hoàng khi nhớ lại khoảnh khắc chiếc xe khách rung lắc rồi bất ngờ lật nghiêng bên đường.",,True,,domestic,prospective,data/raw/vietnamese/vietnamese_raw_payloads.jsonl#raw_record_id=e4648b3cc0b78c7468d4ceaaad1d8d499113e1a2e50924c388723c1e5d094151
12d4791d8f380ea3,"Bầu trời Ninh Bình xuất hiện cảnh tượng hiếm thấy, kéo dài 30 phút",https://vietnamnet.vn/bau-troi-ninh-binh-xuat-hien-canh-tuong-hiem-thay-keo-dai-30-phut-2550866.html,https://vietnamnet.vn/bau-troi-ninh-binh-xuat-hien-canh-tuong-hiem-thay-keo-dai-30-phut-2550866.html,vietnamnet.vn,vietnamnet,,rss,2026-09-20T16:13:59Z,2026-08-30T15:04:13Z,publisher_reported,vi,VN,"Một đám mây đen lớn, có hình dạng xoáy ốc, xuất hiện trên vùng biển xã Hải Thịnh (Ninh Bình) vào chiều 30/8, kèm theo gió mạnh, thu hút sự chú ý của người dân.",,True,,domestic,prospective,data/raw/vietnamese/vietnamese_raw_payloads.jsonl#raw_record_id=b1b923e657b63f1dd455bce686d132d1f0e02ed232730e94555f9861d26840fc
4598d0d101b401e2,"Sắc đỏ phủ kín phố phường, người dân rộn ràng đón Quốc khánh 2/9",https://vietnamnet.vn/sac-do-phu-kin-pho-phuong-tphcm-nguoi-dan-ron-rang-don-quoc-khanh-2-9-2550840.html,https://vietnamnet.vn/sac-do-phu-kin-pho-phuong-tphcm-nguoi-dan-ron-rang-don-quoc-khanh-2-9-2550840.html,vietnamnet.vn,vietnamnet,,rss,2026-09-20T16:13:59Z,2026-08-31T00:17:39Z,publisher_reported,vi,VN,"Nhiều tuyến đường, khu dân cư ở TPHCM được trang hoàng rực rỡ cờ đỏ sao vàng, băng rôn, khẩu hiệu chào mừng 81 năm Cách mạng Tháng Tám và Quốc khánh 2/9.",,True,,domestic,prospective,data/raw/vietnamese/vietnamese_raw_payloads.jsonl#raw_record_id=422102fa0abc7edb05431178452a9510dc0fb286983351fdb8228bf94d3864dc
623665a26c8eb4c2,"9 YouTuber, TikToker lần lượt bị khởi tố trong tháng 8",https://vietnamnet.vn/9-youtuber-tiktoker-lan-luot-bi-khoi-to-trong-thang-8-2548552.html,https://vietnamnet.vn/9-youtuber-tiktoker-lan-luot-bi-khoi-to-trong-thang-8-2548552.html,vietnamnet.vn,vietnamnet,,rss,2026-09-20T16:13:59Z,2026-09-19T15:07:54Z,publisher_reported,vi,VN,"Bùi Xuân Huấn, Lê Văn Phú, Nguyễn Văn Hợi, Trần Đình Tiệp, Nguyễn Văn Thùy, Phạm Tuấn, Hồ Văn Khoa, Nguyễn Thị Hương và Vũ Hoàng Hải lần lượt bị khởi tố trong các vụ án khác nhau.",,True,,domestic,prospective,data/raw/vietnamese/vietnamese_raw_payloads.jsonl#raw_record_id=10351e09267a12eb42c6da3cb28d770ac94dfde80bb1beaba9b9e88eb77cc7c0
403f800dd001063a,Toàn cảnh tuyến đường ven biển hơn 4.600 tỷ đồng qua tỉnh Nghệ An,https://vietnamnet.vn/toan-canh-tuyen-duong-ven-bien-hon-4-600-ty-dong-qua-tinh-nghe-an-2544504.html,https://vietnamnet.vn/toan-canh-tuyen-duong-ven-bien-hon-4-600-ty-dong-qua-tinh-nghe-an-2544504.html,vietnamnet.vn,vietnamnet,,rss,2026-09-20T16:13:59Z,2026-09-19T15:08:10Z,publisher_reported,vi,VN,"Với tổng vốn đầu tư hơn 4.600 tỷ đồng, tuyến đường ven biển qua Nghệ An đã cơ bản hoàn thành, tạo nên cung đường tuyệt đẹp ôm sát biển, đồng thời tạo động lực bứt phá kinh tế - xã hội cho toàn vùng.",,True,,domestic,prospective,data/raw/vietnamese/vietnamese_raw_payloads.jsonl#raw_record_id=7d5d9335e6307c4498e1c0c5273dfe63d2555e3849e2a449cb4bc9d3a36dca77
