article_id,title,url,canonical_url,publisher_domain,publisher_id,publisher_group_id,source_system,first_seen_at,published_at,timestamp_confidence,language,publisher_country,description,category,vietnam_relevance,duplicate_family_id,branch,collection_mode,raw_payload_ref,source_seen_at,rejection_reason
3374d6ae6f51d893,Công an xuất hiện tại trụ sở công ty của Hải Sapa TV,https://vietnamnet.vn/cong-an-kiem-sat-vien-xuat-hien-tai-nha-hai-sapa-tv-2547071.html,https://vietnamnet.vn/cong-an-kiem-sat-vien-xuat-hien-tai-nha-hai-sapa-tv-2547071.html,vietnamnet.vn,vietnamnet,,rss,2026-09-20T16:13:59Z,2026-09-09T06:05:56Z,publisher_reported,vi,VN,"Vào 22h ngày 21/8, lực lượng công an xuất hiện tại khu vực trụ sở Công ty Cổ phần Tập đoàn Sapa TV. Đây cũng là nơi ở của Vũ Hoàng Hải (41 tuổi, quê Phú Thọ), thường được biết đến với tên gọi Hải Sapa TV.",,True,,domestic,prospective,data/raw/vietnamese/vietnamese_raw_payloads.jsonl#raw_record_id=692a7aa31574c7b8c3eb84f396c532b60d0c58b679e7c577675ce51c9eb4a2b0,,
b3ad4c2495a1d45a,"Khởi tố ông Trần Văn Trò, cựu chủ tịch xã ở Phú Thọ",https://vietnamnet.vn/khoi-to-ong-tran-van-tro-cuu-chu-tich-xa-o-phu-tho-2549181.html,https://vietnamnet.vn/khoi-to-ong-tran-van-tro-cuu-chu-tich-xa-o-phu-tho-2549181.html,vietnamnet.vn,vietnamnet,,rss,2026-09-20T16:13:59Z,2026-08-26T03:02:11Z,publisher_reported,vi,VN,Ba cựu cán bộ xã ở tỉnh Vĩnh Phúc cũ (nay thuộc Phú Thọ) bị khởi tố sau khi cơ quan điều tra xác định 8 hộ dân sử dụng vượt hơn 228.000m² đất bãi bồi so với diện tích trong hợp đồng.,,True,,domestic,prospective,data/raw/vietnamese/vietnamese_raw_payloads.jsonl#raw_record_id=79eac691ab9afb5ec56f46591b674e83b8744e9a0fa5c9dc88908201434933ed,,
dc116c4ddadfebd1,"Bão số 4 dị thường xoay hướng liên tục, mưa lũ miền Bắc khó lường",https://vietnamnet.vn/bao-so-4-di-thuong-xoay-huong-lien-tuc-mua-lu-mien-bac-kho-luong-2547709.html,https://vietnamnet.vn/bao-so-4-di-thuong-xoay-huong-lien-tuc-mua-lu-mien-bac-kho-luong-2547709.html,vietnamnet.vn,vietnamnet,,rss,2026-09-20T16:13:59Z,2026-08-23T11:01:00Z,publisher_reported,vi,VN,"Bão số 4 đang di chuyển rất phức tạp, liên tục đổi hướng trên Vịnh Bắc Bộ. Từ nay đến hết ngày 24/8, Đông Bắc Bộ có mưa lớn diện rộng, nguy cơ cao xảy ra lũ quét, sạt lở đất và ngập úng.",,True,,domestic,prospective,data/raw/vietnamese/vietnamese_raw_payloads.jsonl#raw_record_id=d68ec9584615c776182e7a42951535d8ff5304ae5851ce873759f79be0f958c0,,
540da20b5a783506,Bác sĩ Chợ Rẫy cứu hai bệnh nhân nhồi máu cơ tim ở Phú Quốc,https://vnexpress.net/bac-si-cho-ray-cuu-hai-benh-nhan-nhoi-mau-co-tim-o-phu-quoc-5122441.html,https://vnexpress.net/bac-si-cho-ray-cuu-hai-benh-nhan-nhoi-mau-co-tim-o-phu-quoc-5122441.html,vnexpress.net,vnexpress,,rss,2026-09-20T16:13:59Z,2026-09-20T06:10:24Z,publisher_reported,vi,VN,Hai bệnh nhân nhồi máu cơ tim được bác sĩ Chợ Rẫy phối hợp Bệnh viện Mặt trời Phú Quốc (An Giang) can thiệp tái thông mạch vành kịp thời.,,True,,domestic,prospective,data/raw/vietnamese/vietnamese_raw_payloads.jsonl#raw_record_id=e952a94dcadf9608373c069c43af27f41a00f12afb23d0a646f6ca576d866ac3,,
a76fa7825a49ca59,Kiểm tra triệu chứng viêm ruột thừa cấp,https://vnexpress.net/kiem-tra-trieu-chung-viem-ruot-thua-cap-5122346.html,https://vnexpress.net/kiem-tra-trieu-chung-viem-ruot-thua-cap-5122346.html,vnexpress.net,vnexpress,,rss,2026-09-20T16:13:59Z,2026-09-20T06:00:00Z,publisher_reported,vi,VN,"Viêm ruột thừa cấp thường xảy ra đột ngột và tiến triển nhanh, nhận biết sớm các dấu hiệu giúp điều trị kịp thời ngăn biến chứng.",,False,,domestic,prospective,data/raw/vietnamese/vietnamese_raw_payloads.jsonl#raw_record_id=2d747390ddef1dafe71330dcbfc529f09a1fde007331d803ef8b3a0281715546,,
b8d96fc90dee31b7,"Chuyển nhầm 340 triệu, nhận lại tiền sau 3 giờ",https://vietnamnet.vn/chuyen-nham-340-trieu-nhan-lai-tien-sau-3-gio-2548074.html,https://vietnamnet.vn/chuyen-nham-340-trieu-nhan-lai-tien-sau-3-gio-2548074.html,vietnamnet.vn,vietnamnet,,rss,2026-09-20T16:13:59Z,2026-09-19T15:56:20Z,publisher_reported,vi,VN,"Sau khi nhận lại 340 triệu đồng chuyển nhầm chỉ khoảng 3 giờ, anh Lưu Văn Giáp viết thư cảm ơn Công an xã Yên Phong và người phụ nữ đã phối hợp trả lại tiền.",,True,,domestic,prospective,data/raw/vietnamese/vietnamese_raw_payloads.jsonl#raw_record_id=802a66a2012db7db6503d90968e97db1997c2200b4af5731436a2f7344ad4983,,
ef52917439e877f5,"Tiền gửi ngân hàng kỷ lục hơn 11 triệu tỷ đồng: Nơi nào trả lãi suất 9,4%?",https://dantri.com.vn/kinh-doanh/tien-gui-ngan-hang-ky-luc-hon-11-trieu-ty-dong-noi-nao-tra-lai-suat-94-20260920155613087.htm,https://dantri.com.vn/kinh-doanh/tien-gui-ngan-hang-ky-luc-hon-11-trieu-ty-dong-noi-nao-tra-lai-suat-94-20260920155613087.htm,dantri.com.vn,dantri,,rss,2026-09-20T16:13:59Z,2026-09-20T09:17:51Z,publisher_reported,vi,VN,"(Dân trí) - Thống kê tiền gửi tiết kiệm tuần qua, các ngân hàng tiếp tục neo biểu lãi suất ở mức cao. Trong đó, lãi thực tế sau khi cộng ưu đãi có thể lên tới 9,4%/năm.",,True,,domestic,prospective,data/raw/vietnamese/vietnamese_raw_payloads.jsonl#raw_record_id=107d98c632bd32271954245098c426f0dbb1aa52d45a81b83d0bf8a1d52c94fc,,
80c661f4a4349ace,"Xe khách tông ô tô đầu kéo trên cao tốc, 5 người bị thương",https://vietnamnet.vn/xe-khach-tong-o-to-dau-keo-tren-cao-toc-2552384.html,https://vietnamnet.vn/xe-khach-tong-o-to-dau-keo-tren-cao-toc-2552384.html,vietnamnet.vn,vietnamnet,,rss,2026-09-20T16:13:59Z,2026-09-06T04:50:59Z,publisher_reported,vi,VN,"Vụ va chạm giữa xe khách giường nằm và ô tô đầu kéo trên cao tốc Bãi Vọt - Hàm Nghi, đoạn qua Hà Tĩnh, khiến 5 người bị thương, giao thông hướng Bắc - Nam ùn tắc.",,True,,domestic,prospective,data/raw/vietnamese/vietnamese_raw_payloads.jsonl#raw_record_id=a16622c2dc500e34683db71049efc7310ab9c4086066e1e595d20c1e83e6cb1a,,
6b933f9e4a2cddbc,Cục Đường bộ chỉ đạo khẩn sau vụ ô tô ‘lọt hố’ trên cao tốc,https://vietnamnet.vn/cuc-duong-bo-chi-dao-khan-sau-vu-o-to-lot-ho-tren-cao-toc-2554227.html,https://vietnamnet.vn/cuc-duong-bo-chi-dao-khan-sau-vu-o-to-lot-ho-tren-cao-toc-2554227.html,vietnamnet.vn,vietnamnet,,rss,2026-09-20T16:13:59Z,2026-09-11T06:30:05Z,publisher_reported,vi,VN,"Cục Đường bộ Việt Nam vừa yêu cầu các đơn vị liên quan chấn chỉnh công tác bảo đảm an toàn giao thông trong quá trình thi công, sửa chữa cao tốc Biên Hòa - Vũng Tàu.",,True,,domestic,prospective,data/raw/vietnamese/vietnamese_raw_payloads.jsonl#raw_record_id=b604c11677db60677a91f296551c1c568896c3e4daf6b93b7f2b68d6454f4eea,,
356b311b26e6f002,"Nước sông Cầu ở Thái Nguyên dâng cao, ô tô chen kín cầu Bến Tượng tránh lũ",https://vietnamnet.vn/nuoc-song-cau-o-thai-nguyen-dang-cao-o-to-chen-kin-cau-ben-tuong-tranh-lu-2548533.html,https://vietnamnet.vn/nuoc-song-cau-o-thai-nguyen-dang-cao-o-to-chen-kin-cau-ben-tuong-tranh-lu-2548533.html,vietnamnet.vn,vietnamnet,,rss,2026-09-20T16:13:59Z,2026-08-24T07:12:16Z,publisher_reported,vi,VN,"Bão số 4 Narra gây mưa lớn khiến nước sông Cầu dâng cao, người dân Thái Nguyên đưa hàng loạt ô tô lên cầu Bến Tượng tránh lũ, vô tình khiến giao thông qua cầu ùn tắc kéo dài.",,True,,domestic,prospective,data/raw/vietnamese/vietnamese_raw_payloads.jsonl#raw_record_id=d12beaf88621b637f6bf7aea6b9e1bc7730a4257576d00066571295a5f47c139,,
c77a2562b92d0414,"Tin thời sự 21/08: Áp thấp nhiệt đới di chuyển chậm, miền Bắc tiếp tục mưa lớn",https://vietnamnet.vn/tin-thoi-su-21-08-ap-thap-nhiet-doi-di-chuyen-cham-mien-bac-tiep-tuc-mua-lon-2547768.html,https://vietnamnet.vn/tin-thoi-su-21-08-ap-thap-nhiet-doi-di-chuyen-cham-mien-bac-tiep-tuc-mua-lon-2547768.html,vietnamnet.vn,vietnamnet,,rss,2026-09-20T16:13:59Z,2026-08-21T12:07:00Z,publisher_reported,vi,VN,"Áp thấp nhiệt đới di chuyển chậm, miền Bắc tiếp tục mưa lớn; người phụ nữ trúng đấu giá bộ trang sức kim cương của bà Trương Mỹ Lan là các tin tức thời sự đáng chú ý trong ngày 21/08/2026.",,True,,domestic,prospective,data/raw/vietnamese/vietnamese_raw_payloads.jsonl#raw_record_id=c36c36fb0e694eb841604b16891b13031485f4afb25692023a583fad1ef397d0,,
08488fd07244f866,4 nguyên nhân khiến đầu gối phát ra tiếng kêu,https://vnexpress.net/4-nguyen-nhan-khien-dau-goi-phat-ra-tieng-keu-5122338.html,https://vnexpress.net/4-nguyen-nhan-khien-dau-goi-phat-ra-tieng-keu-5122338.html,vnexpress.net,vnexpress,,rss,2026-09-20T16:13:59Z,2026-09-20T04:31:00Z,publisher_reported,vi,VN,"Tiếng lục cục, rắc rắc ở đầu gối có thể xuất hiện do chuyển động bình thường của khớp hoặc liên quan đến các vấn đề ở xương bánh chè, sụn và cấu trúc quanh gối.",,False,,domestic,prospective,data/raw/vietnamese/vietnamese_raw_payloads.jsonl#raw_record_id=072c4f4b072c6aab28992c0bf820b55b9cbac82ac5176cec969e55bae324469e,,
20701d9b1e636626,"Kịch bản &apos;chạy án&apos; tinh vi của cô gái ở Hải Phòng, nạn nhân bị lừa hơn 800 triệu",https://vietnamnet.vn/kich-ban-chay-an-tinh-vi-cua-co-gai-o-hai-phong-nan-nhan-bi-lua-hon-800-trieu-2551790.html,https://vietnamnet.vn/kich-ban-chay-an-tinh-vi-cua-co-gai-o-hai-phong-nan-nhan-bi-lua-hon-800-trieu-2551790.html,vietnamnet.vn,vietnamnet,,rss,2026-09-20T16:13:59Z,2026-09-04T03:22:16Z,publisher_reported,vi,VN,"Lợi dụng việc một lao động bị bắt tại Nhật Bản, Nguyễn Thị Thanh Tâm (SN 1998, trú thôn Thanh Quang, xã Hà Đông, TP Hải Phòng) dựng nhiều tài khoản giả, lừa gia đình nạn nhân hơn 836 triệu đồng.",,True,,domestic,prospective,data/raw/vietnamese/vietnamese_raw_payloads.jsonl#raw_record_id=d38161316f179c70ce4d22dc56bce791ee7e684fb6ea4aea6da29ad70ed5ceb2,,
0be8af8e8f9b24d2,Bơm nước cả ngày 'cứu' nhiều xe máy trong hầm chung cư ở Vinh sau mưa lịch sử,https://tuoitre.vn/bom-nuoc-ca-ngay-cuu-nhieu-xe-may-trong-ham-chung-cu-o-vinh-sau-mua-lich-su-100260920181845994.htm,https://tuoitre.vn/bom-nuoc-ca-ngay-cuu-nhieu-xe-may-trong-ham-chung-cu-o-vinh-sau-mua-lich-su-100260920181845994.htm,tuoitre.vn,tuoitre,,rss,2026-09-20T16:13:59Z,2026-09-20T11:47:00Z,publisher_reported_timezone_inferred,vi,VN,"Sau trận mưa lịch sử 19-9, tầng hầm một chung cư ở phường Thành Vinh, Nghệ An ngập sâu. Ba máy bơm hoạt động liên tục gần một ngày để đưa nước ra ngoài, giải cứu gần 40 xe máy, xe máy điện của cư dân.",,True,,domestic,prospective,data/raw/vietnamese/vietnamese_raw_payloads.jsonl#raw_record_id=eb788e756be82dfe34336e727fc08f29d3a558c93436ce4c505d6f620c4d03f9,,
d2f74881a56b98d1,"Sang Lào lập ổ livestream ‘vé cào trúng thưởng’, chiếm đoạt nhiều tỷ đồng",https://vietnamnet.vn/sang-lao-lap-o-livestream-ve-cao-trung-thuong-chiem-doat-nhieu-ty-dong-2552778.html,https://vietnamnet.vn/sang-lao-lap-o-livestream-ve-cao-trung-thuong-chiem-doat-nhieu-ty-dong-2552778.html,vietnamnet.vn,vietnamnet,,rss,2026-09-20T16:13:59Z,2026-09-07T09:05:16Z,publisher_reported,vi,VN,"Nhóm đối tượng sang Lào thuê địa điểm, lập fanpage rồi livestream bán “vé cào trúng thưởng”, dùng giao dịch ngân hàng giả để lừa hàng trăm người, chiếm đoạt nhiều tỷ đồng.",,True,,domestic,prospective,data/raw/vietnamese/vietnamese_raw_payloads.jsonl#raw_record_id=fdb8cea7d8dcbef5f77eaca8fb90511b4a4404923de75d0a91951e5cc6a4c3e0,,
26c6adc8f43cc66d,"Cảnh tượng hàng trăm tấn rác ùn ứ, phải đào hố chứa tạm",https://vietnamnet.vn/canh-tuong-hang-tram-tan-rac-un-u-phai-dao-ho-chua-tam-2555600.html,https://vietnamnet.vn/canh-tuong-hang-tram-tan-rac-un-u-phai-dao-ho-chua-tam-2555600.html,vietnamnet.vn,vietnamnet,,rss,2026-09-20T16:13:59Z,2026-09-17T03:30:48Z,publisher_reported,vi,VN,"Nhà máy xử lý rác Thạch Lạc dừng tiếp nhận khiến hàng trăm tấn rác ở xã Thạch Xuân (Hà Tĩnh) ùn ứ, khiến người dân lo lắng.",,True,,domestic,prospective,data/raw/vietnamese/vietnamese_raw_payloads.jsonl#raw_record_id=21e497e2989a628c0ea736040380e748fdd9c5e03b729fdbfdfb674dfe968b6e,,
75e0e2d32f3aca4f,"Ukraine tập kích Moscow lớn chưa từng có, Nga chặn 1.600 UAV giữa kỳ bầu cử",https://dantri.com.vn/the-gioi/ukraine-tap-kich-moscow-lon-chua-tung-co-nga-chan-1600-uav-giua-ky-bau-cu-20260920165612697.htm,https://dantri.com.vn/the-gioi/ukraine-tap-kich-moscow-lon-chua-tung-co-nga-chan-1600-uav-giua-ky-bau-cu-20260920165612697.htm,dantri.com.vn,dantri,,rss,2026-09-20T16:13:59Z,2026-09-20T10:09:50Z,publisher_reported,vi,VN,(Dân trí) - Nga cáo buộc Ukraine tập kích máy bay không người lái quy mô lớn trong thời gian diễn ra bầu cử quốc hội.,,False,,domestic,prospective,data/raw/vietnamese/vietnamese_raw_payloads.jsonl#raw_record_id=87592ef46c5b18d42f1439052600363b0605f14c86995a7d25e45f38b9e34803,,
d87bb03aa0428fce,Cháy căn hộ chung cư ở Hà Nội lúc rạng sáng,https://vietnamnet.vn/chay-can-ho-chung-cu-o-ha-noi-luc-rang-sang-2552362.html,https://vietnamnet.vn/chay-can-ho-chung-cu-o-ha-noi-luc-rang-sang-2552362.html,vietnamnet.vn,vietnamnet,,rss,2026-09-20T16:13:59Z,2026-09-06T00:27:23Z,publisher_reported,vi,VN,"Cơ quan chức năng đang làm rõ nguyên nhân vụ cháy căn hộ chung cư tại tòa HH1, số 90 Nguyễn Tuân (phường Thanh Xuân, Hà Nội) vào rạng sáng 6/9.",,True,,domestic,prospective,data/raw/vietnamese/vietnamese_raw_payloads.jsonl#raw_record_id=df1ad686d25e386108202ca84a3ffc8b3985d12c46e8d8a7245b03feab0c9e35,,
9e5abe84e4e85dbb,Điều gì xảy ra khi bạn không ăn đủ protein sau tuổi 50?,https://vnexpress.net/dieu-gi-xay-ra-khi-ban-khong-an-du-protein-sau-tuoi-50-5121921.html,https://vnexpress.net/dieu-gi-xay-ra-khi-ban-khong-an-du-protein-sau-tuoi-50-5121921.html,vnexpress.net,vnexpress,,rss,2026-09-20T16:13:59Z,2026-09-20T06:00:00Z,publisher_reported,vi,VN,"Sau tuổi 50, thiếu protein kéo dài có thể làm mất cơ, giảm sức mạnh và khả năng vận động, ảnh hưởng phục hồi.",,False,,domestic,prospective,data/raw/vietnamese/vietnamese_raw_payloads.jsonl#raw_record_id=7d2800f812617748c84318380fb1b3a961e175d4fd936a55af1a1e1b7bf02319,,
8b0d843ffc8070cc,"Bến xe buýt tại TPHCM ‘lột xác’, hành khách phấn khởi với loạt tiện ích mới",https://vietnamnet.vn/ben-xe-buyt-tai-tphcm-lot-xac-hanh-khach-phan-khoi-voi-loat-tien-ich-moi-2555908.html,https://vietnamnet.vn/ben-xe-buyt-tai-tphcm-lot-xac-hanh-khach-phan-khoi-voi-loat-tien-ich-moi-2555908.html,vietnamnet.vn,vietnamnet,,rss,2026-09-20T16:13:59Z,2026-09-16T23:43:00Z,publisher_reported,vi,VN,"Từng xuống cấp, chật hẹp và bất tiện trong việc ra vào, bến xe buýt Quận 8 (Phường Bình Đông, TPHCM) nay đã có diện mạo khang trang hơn sau nhiều tháng cải tạo.",,True,,domestic,prospective,data/raw/vietnamese/vietnamese_raw_payloads.jsonl#raw_record_id=732ce0e3366cf4285d43e224d70ec064d9e1fb3d8aa11372cbdfd5eef1edb25b,,
72ffe1a558fafa40,Vì sao Arsenal thua thảm Brighton?,https://vnexpress.net/vi-sao-arsenal-thua-tham-brighton-5122477.html,https://vnexpress.net/vi-sao-arsenal-thua-tham-brighton-5122477.html,vnexpress.net,vnexpress,,rss,2026-09-20T16:13:59Z,2026-09-20T06:35:05Z,publisher_reported,vi,VN,"Bị Brighton áp đảo về cường độ, tranh chấp và khả năng gây sức ép, ĐKVĐ Arsenal liên tục mắc lỗi và nhận thất bại 0-3 ở vòng 5 Ngoại hạng Anh.",,False,,domestic,prospective,data/raw/vietnamese/vietnamese_raw_payloads.jsonl#raw_record_id=7d09932ef4e605a12b66694618807743f9b6dc97940b82567245ee4e3449ff73,,
61e940624b113b1e,"Ukraine ""không còn sợ"" tên lửa Zircon của Nga?",https://dantri.com.vn/the-gioi/ukraine-khong-con-so-ten-lua-zircon-cua-nga-20260920104533290.htm,https://dantri.com.vn/the-gioi/ukraine-khong-con-so-ten-lua-zircon-cua-nga-20260920104533290.htm,dantri.com.vn,dantri,,rss,2026-09-20T16:13:59Z,2026-09-20T04:53:38Z,publisher_reported,vi,VN,"(Dân trí) - Ukraine bác bỏ tuyên bố ""bất khả chiến bại"" của Nga về tên lửa Zircon, khẳng định đây không phải là tên lửa hành trình siêu vượt âm thực sự và chúng có thể dễ dàng bị đánh chặn.",,False,,domestic,prospective,data/raw/vietnamese/vietnamese_raw_payloads.jsonl#raw_record_id=517d0890d8df0945f876d2a4418ec029c67591f0b1dceed81327c2d2a0a14242,,
646b5c428b49fe73,"Thắng đậm U23 Hong Kong, U23 Thái Lan giành vé đi tiếp",https://dantri.com.vn/the-thao/thang-dam-u23-hong-kong-u23-thai-lan-gianh-ve-di-tiep-20260920135017631.htm,https://dantri.com.vn/the-thao/thang-dam-u23-hong-kong-u23-thai-lan-gianh-ve-di-tiep-20260920135017631.htm,dantri.com.vn,dantri,,rss,2026-09-20T16:13:59Z,2026-09-20T08:50:00Z,publisher_reported,vi,VN,"(Dân trí) - U23 Thái Lan đã giành chiến thắng tưng bừng với tỷ số 5-1 trước U23 Hong Kong (Trung Quốc). Với kết quả này, thầy trò HLV Thawatchai đã giành vé đi tiếp.",,False,,domestic,prospective,data/raw/vietnamese/vietnamese_raw_payloads.jsonl#raw_record_id=e4f09460dae85cd36345776e0754b31b6ce2a6c0b462c24e07d64cc7f87670c2,,
1f47781db4c24f19,"&apos;Gen Z&apos; Ninh Bình làm trưởng thôn, kể việc làm trưởng ban lễ tang, đọc điếu văn",https://vietnamnet.vn/gen-z-ninh-binh-lam-truong-thon-ke-viec-lam-truong-ban-le-tang-doc-dieu-van-2552448.html,https://vietnamnet.vn/gen-z-ninh-binh-lam-truong-thon-ke-viec-lam-truong-ban-le-tang-doc-dieu-van-2552448.html,vietnamnet.vn,vietnamnet,,rss,2026-09-20T16:13:59Z,2026-09-08T22:00:00Z,publisher_reported,vi,VN,"Sau khi thực hiện sáp nhập thôn, tổ dân phố, các xã, phường của tỉnh Ninh Bình đã kiện toàn đội ngũ cán bộ cơ sở. Trong số những người được tín nhiệm giao đảm nhiệm vị trí trưởng thôn, tổ trưởng tổ dân phố, có những người tuổi đời còn rất trẻ.",,True,,domestic,prospective,data/raw/vietnamese/vietnamese_raw_payloads.jsonl#raw_record_id=36e3efa799adf73f56307cb3c334f2fa7dfa2c8c5db4cbc94f566d53a75b1d8d,,
c361de2efa420eb3,TPHCM tìm nhân chứng về nơi chôn cất hơn 100 liệt sĩ Mậu Thân 1968 ở Gò Vấp,https://vietnamnet.vn/tphcm-tim-nhan-chung-ve-noi-chon-cat-hon-100-liet-si-mau-than-1968-o-go-vap-2556641.html,https://vietnamnet.vn/tphcm-tim-nhan-chung-ve-noi-chon-cat-hon-100-liet-si-mau-than-1968-o-go-vap-2556641.html,vietnamnet.vn,vietnamnet,,rss,2026-09-20T16:13:59Z,2026-09-20T09:10:27Z,publisher_reported,vi,VN,"Bộ Tư lệnh TPHCM đang phối hợp xác minh thông tin phục vụ tìm kiếm, quy tập hài cốt hơn 100 liệt sĩ hy sinh trong Tết Mậu Thân 1968, nghi được chôn tại khu vực nay là Đài tưởng niệm liệt sĩ quận Gò Vấp (cũ).",,True,,domestic,prospective,data/raw/vietnamese/vietnamese_raw_payloads.jsonl#raw_record_id=b075ef8714b489b937671d106904a6be06f9c2507a4f0c191197108bd1576081,,
55041f74e9286ffd,Vụ người thân kéo đến bệnh viện: Bắt khẩn cấp bố của cô gái mang thai giả,https://vietnamnet.vn/vu-nguoi-than-keo-den-benh-vien-bat-khan-cap-bo-cua-co-gai-mang-thai-gia-2556490.html,https://vietnamnet.vn/vu-nguoi-than-keo-den-benh-vien-bat-khan-cap-bo-cua-co-gai-mang-thai-gia-2556490.html,vietnamnet.vn,vietnamnet,,rss,2026-09-20T16:13:59Z,2026-09-18T06:12:56Z,publisher_reported,vi,VN,"Liên quan đến vụ việc kéo người thân đến bệnh viện để chất vấn sau khi nghe lời kể của cô gái về việc được chỉ định bỏ thai, Công an tỉnh Phú Thọ đã bắt khẩn cấp bố của cô gái.",,True,,domestic,prospective,data/raw/vietnamese/vietnamese_raw_payloads.jsonl#raw_record_id=b85c6dcf34c2db4dfa365047688d262d599fe0b36b93bcda57654f5735913789,,
5f5ae3524d288454,NATO có lãnh đạo quân sự mới,https://thanhnien.vn/nato-co-lanh-dao-quan-su-moi-185260920170216011.htm,https://thanhnien.vn/nato-co-lanh-dao-quan-su-moi-185260920170216011.htm,thanhnien.vn,thanhnien,,rss,2026-09-20T16:13:59Z,2026-09-20T11:30:00Z,publisher_reported,vi,VN,"Tướng Carsten Breuer, Tổng thanh tra quân đội Đức (Bundeswehr), ngày 19.9 được bầu làm chủ tịch tiếp theo của Ủy ban Quân sự NATO, cơ quan quân sự cấp cao nhất của liên minh.",,False,,domestic,prospective,data/raw/vietnamese/vietnamese_raw_payloads.jsonl#raw_record_id=130572ebad1ce9533056b8f7285df0b131f549c760ea583eacfd9b345646dfdf,,
3359b9ba3b133be8,Hiện trạng khu đất liên quan vụ cựu chủ tịch xã ở Phú Thọ bị khởi tố,https://vietnamnet.vn/hien-trang-khu-dat-lien-quan-vu-cuu-chu-tich-xa-o-phu-tho-bi-khoi-to-2549687.html,https://vietnamnet.vn/hien-trang-khu-dat-lien-quan-vu-cuu-chu-tich-xa-o-phu-tho-bi-khoi-to-2549687.html,vietnamnet.vn,vietnamnet,,rss,2026-09-20T16:13:59Z,2026-09-20T06:39:21Z,publisher_reported,vi,VN,"Khu đất liên quan vụ 3 cựu cán bộ xã ở Phú Thọ bị khởi tố từng được 8 hộ sử dụng vượt hợp đồng hơn 228.000m2 đất để tập kết, kinh doanh cát sỏi.",,True,,domestic,prospective,data/raw/vietnamese/vietnamese_raw_payloads.jsonl#raw_record_id=e7c646f8dff624785ae571abb69769f887baf04113ce32b5349c0d1c87ec4e1a,,
d980a3f09a5b748f,Triều Tiên bắn liên tiếp tên lửa đạn đạo trong một buổi chiều,https://tuoitre.vn/trieu-tien-ban-lien-tiep-ten-lua-dan-dao-trong-mot-buoi-chieu-100260920215237505.htm,https://tuoitre.vn/trieu-tien-ban-lien-tiep-ten-lua-dan-dao-trong-mot-buoi-chieu-100260920215237505.htm,tuoitre.vn,tuoitre,,rss,2026-09-20T16:13:59Z,2026-09-20T14:59:00Z,publisher_reported_timezone_inferred,vi,VN,"Quân đội Hàn Quốc thông báo phát hiện Triều Tiên bắn quả tên lửa đạn đạo tầm ngắn thứ hai trong chiều 20-9, chỉ 3 giờ sau vụ phóng quả đầu tiên.",,False,,domestic,prospective,data/raw/vietnamese/vietnamese_raw_payloads.jsonl#raw_record_id=e85e773ec19dffdfd022111aaf2abdcd4772790c02d2d06fa3091512ca42c399,,
910f12f4eb019db9,Hà Nội gắn biển tên phố mang tên danh nhân Đỗ Cao Mại,https://vietnamnet.vn/ha-noi-gan-bien-ten-pho-mang-ten-danh-nhan-do-cao-mai-2556833.html,https://vietnamnet.vn/ha-noi-gan-bien-ten-pho-mang-ten-danh-nhan-do-cao-mai-2556833.html,vietnamnet.vn,vietnamnet,,rss,2026-09-20T16:13:59Z,2026-09-20T05:21:55Z,publisher_reported,vi,VN,"UBND phường Xuân Đỉnh tổ chức lễ công bố quyết định và gắn biển tên đường, phố trên địa bàn phường, trong đó có tuyến phố mang tên danh nhân Đỗ Cao Mại.",,True,,domestic,prospective,data/raw/vietnamese/vietnamese_raw_payloads.jsonl#raw_record_id=6151e19a95a9cbdc405b07074306879496627c28c0c357abb3b03bb6ee709755,,
96c736c56c098711,"Người đàn ông vào nhà nghỉ với phụ nữ quen qua mạng, bị dàn cảnh cướp tài sản",https://vietnamnet.vn/nguoi-dan-ong-vao-nha-nghi-voi-phu-nu-quen-qua-mang-bi-dan-canh-cuop-tai-san-2555561.html,https://vietnamnet.vn/nguoi-dan-ong-vao-nha-nghi-voi-phu-nu-quen-qua-mang-bi-dan-canh-cuop-tai-san-2555561.html,vietnamnet.vn,vietnamnet,,rss,2026-09-20T16:13:59Z,2026-09-16T00:23:49Z,publisher_reported,vi,VN,"Sau khi cùng một phụ nữ vừa quen qua mạng xã hội vào nhà nghỉ ở An Giang, người đàn ông bị nhóm đối tượng đe dọa, hành hung và cướp tài sản.",,True,,domestic,prospective,data/raw/vietnamese/vietnamese_raw_payloads.jsonl#raw_record_id=456dc318b982bc8dd6456a0373e6b3811a8032e6402af28e6e4e1e84aee73066,,
997eecddbddcbce8,"Gần 130 lãnh đạo thế giới đến Mỹ họp bàn về nhiều vấn đề ""nóng""",https://dantri.com.vn/the-gioi/gan-130-lanh-dao-the-gioi-den-my-hop-ban-ve-nhieu-van-de-nong-20260920142734756.htm,https://dantri.com.vn/the-gioi/gan-130-lanh-dao-the-gioi-den-my-hop-ban-ve-nhieu-van-de-nong-20260920142734756.htm,dantri.com.vn,dantri,,rss,2026-09-20T16:13:59Z,2026-09-20T09:05:35Z,publisher_reported,vi,VN,"(Dân trí) - Các nhà lãnh đạo thế giới tề tựu về New York (Mỹ) trong tuần tới để tham dự phiên thảo luận cấp cao của Đại hội đồng Liên hợp quốc, với trọng tâm thảo luận về Trung Đông, Ukraine và các rủi ro từ AI.",,False,,domestic,prospective,data/raw/vietnamese/vietnamese_raw_payloads.jsonl#raw_record_id=7e4e619876875676f64629cf87b19570acbcf8a5f5d08914950396612880b72b,,
e5ece7d9b3a34b28,Thảm kịch lạ trên núi tuyết chưa có lời giải: Sáu người tử vong bí ẩn,https://dantri.com.vn/du-lich/tham-kich-la-tren-nui-tuyet-chua-co-loi-giai-sau-nguoi-tu-vong-bi-an-20260920111224669.htm,https://dantri.com.vn/du-lich/tham-kich-la-tren-nui-tuyet-chua-co-loi-giai-sau-nguoi-tu-vong-bi-an-20260920111224669.htm,dantri.com.vn,dantri,,rss,2026-09-20T16:13:59Z,2026-09-20T05:11:53Z,publisher_reported,vi,VN,"(Dân trí) - Sáu người trong đoàn leo núi tử vong giữa vùng núi hẻo lánh ở Siberia (Nga) vào năm 1993, trong khi cô gái 17 tuổi duy nhất sống sót không thể lý giải chuyện gì đã xảy ra.",,True,,domestic,prospective,data/raw/vietnamese/vietnamese_raw_payloads.jsonl#raw_record_id=f3d650c0aaa776e0be3806de4d5c476716bec09277e18a8cd1ef7e4dcfb2746c,,
5ba07f9e07fd70b4,Bé gái 11 tháng tuổi bị người lạ bế đi mất tích,https://vietnamnet.vn/be-gai-11-thang-tuoi-bi-nguoi-la-be-di-mat-tich-2553478.html,https://vietnamnet.vn/be-gai-11-thang-tuoi-bi-nguoi-la-be-di-mat-tich-2553478.html,vietnamnet.vn,vietnamnet,,rss,2026-09-20T16:13:59Z,2026-09-09T08:33:29Z,publisher_reported,vi,VN,Bé gái 11 tháng tuổi đang bò dưới đất tại sạp quần áo cũ thì bị người lạ bế lên xe máy rời đi. Công an đang khẩn trương tìm kiếm cháu bé.,,True,,domestic,prospective,data/raw/vietnamese/vietnamese_raw_payloads.jsonl#raw_record_id=1789937cde3a96b124b9797a8edd6dffc207ebcf50087a177007f4f58c9bee38,,
32bfb260db0256a7,Vì sao con người khó xây thành phố triệu dân trên Mặt Trăng?,https://dantri.com.vn/khoa-hoc/vi-sao-con-nguoi-kho-xay-thanh-pho-trieu-dan-tren-mat-trang-20260920125122099.htm,https://dantri.com.vn/khoa-hoc/vi-sao-con-nguoi-kho-xay-thanh-pho-trieu-dan-tren-mat-trang-20260920125122099.htm,dantri.com.vn,dantri,,rss,2026-09-20T16:13:59Z,2026-09-20T10:58:38Z,publisher_reported,vi,VN,"(Dân trí) - Xây dựng một thành phố với hàng triệu cư dân trên Mặt Trăng là viễn cảnh được nhắc đến trong nhiều năm. Tuy nhiên, một nguồn tài nguyên tưởng chừng đơn giản có thể trở thành rào cản lớn: nước.",,False,,domestic,prospective,data/raw/vietnamese/vietnamese_raw_payloads.jsonl#raw_record_id=7a7149c54a2767f5376349d84c003dea5ae877e1959b1fbf6b65126b566a0929,,
89d883640db68b54,"Chàng trai thích cuộc sống nhẹ nhàng, yên ổn tìm bạn đời",https://vnexpress.net/chang-trai-thich-cuoc-song-nhe-nhang-yen-on-tim-ban-doi-5121870.html,https://vnexpress.net/chang-trai-thich-cuoc-song-nhe-nhang-yen-on-tim-ban-doi-5121870.html,vnexpress.net,vnexpress,,rss,2026-09-20T16:13:59Z,2026-09-20T05:26:59Z,publisher_reported,vi,VN,"Mình sinh năm 1996, cao 1m60, nặng 52 kg, quê Long An, sinh ra ở TP HCM.",,False,,domestic,prospective,data/raw/vietnamese/vietnamese_raw_payloads.jsonl#raw_record_id=ab77634588596de3a8bb2f9f7ec952c877f1742f23ec55c8f26cf6fdce1a1226,,
daf23f5d6b2fff30,"Tin tức Thời sự 24/8: Sạt lở đá tại Lạng Sơn, Chi Dân bị đề nghị 7-8 năm tù",https://vietnamnet.vn/tin-tuc-thoi-su-24-8-sat-lo-da-tai-lang-son-chi-dan-bi-de-nghi-7-8-nam-tu-2548560.html,https://vietnamnet.vn/tin-tuc-thoi-su-24-8-sat-lo-da-tai-lang-son-chi-dan-bi-de-nghi-7-8-nam-tu-2548560.html,vietnamnet.vn,vietnamnet,,rss,2026-09-20T16:13:59Z,2026-08-24T12:00:00Z,publisher_reported,vi,VN,"Đá cỡ lớn sạt lở thủng nhà 2 tầng ở Lạng Sơn; ca sĩ Chi Dân bị đề nghị 7-8 năm tù; ô tô chen kín cầu Bến Tượng (Thái Nguyên) tránh lũ,...là các tin tức thời sự đáng chú ý trong ngày 24/08/2026.",,True,,domestic,prospective,data/raw/vietnamese/vietnamese_raw_payloads.jsonl#raw_record_id=59dd49a9e41869693e18f048ae2057a06594b9beded6e106c2d5b97b41a82348,,
c395782e311310a2,"TPHCM chi hơn 9.200 tỷ đồng nạo vét, chỉnh trang rạch Bà Lớn",https://vietnamnet.vn/tphcm-chi-hon-9-200-ty-dong-nao-vet-chinh-trang-rach-ba-lon-2553235.html,https://vietnamnet.vn/tphcm-chi-hon-9-200-ty-dong-nao-vet-chinh-trang-rach-ba-lon-2553235.html,vietnamnet.vn,vietnamnet,,rss,2026-09-20T16:13:59Z,2026-09-08T12:01:13Z,publisher_reported,vi,VN,"Rạch Bà Lớn dài 7,3km chảy qua phường Bình Đông và xã Bình Hưng đang bị ô nhiễm nặng. TPHCM sẽ chi hơn 9.200 tỷ đồng để nạo vét, hồi sinh dòng chảy và chỉnh trang đô thị tại đây.",,True,,domestic,prospective,data/raw/vietnamese/vietnamese_raw_payloads.jsonl#raw_record_id=75a550567b3195ef0b24efeb3d1edb6c63929f89da2069de02ce1f4373df1290,,
ee3cc7188c3c3db4,Phản ứng của HLV Mikel Arteta khi Arsenal thua đậm Brighton,https://dantri.com.vn/the-thao/phan-ung-cua-hlv-mikel-arteta-khi-arsenal-thua-dam-brighton-20260920003418445.htm,https://dantri.com.vn/the-thao/phan-ung-cua-hlv-mikel-arteta-khi-arsenal-thua-dam-brighton-20260920003418445.htm,dantri.com.vn,dantri,,rss,2026-09-20T16:13:59Z,2026-09-20T04:12:31Z,publisher_reported,vi,VN,"(Dân trí) - Chuỗi 9 trận thắng liên tiếp của Arsenal đã chấm dứt ở vòng 5 Premier League mùa này khi ""Pháo thủ"" bị Brighton đánh bại với tỷ số 3-0 trên sân khách.",,False,,domestic,prospective,data/raw/vietnamese/vietnamese_raw_payloads.jsonl#raw_record_id=611e634151df33c1624a25cc9f75ac907958cc411da42c35dc52516456a1caa5,,
30b08a4661a3037d,"Hủy án vụ cựu Hiệu trưởng THCS Ba Đình, yêu cầu điều tra lại",https://vietnamnet.vn/huy-an-vu-cuu-hieu-truong-thcs-ba-dinh-yeu-cau-dieu-tra-lai-2554873.html,https://vietnamnet.vn/huy-an-vu-cuu-hieu-truong-thcs-ba-dinh-yeu-cau-dieu-tra-lai-2554873.html,vietnamnet.vn,vietnamnet,,rss,2026-09-20T16:13:59Z,2026-09-14T03:17:55Z,publisher_reported,vi,VN,Hội đồng xét xử cấp phúc thẩm vừa tuyên hủy bản án sơ thẩm vụ cựu Hiệu trưởng Trường THCS Ba Đình Nguyễn Thị Bình thu tiền dạy thêm.,,True,,domestic,prospective,data/raw/vietnamese/vietnamese_raw_payloads.jsonl#raw_record_id=ee10c7ec2e1f92511f68e29a07715628fcbd0b287c514598a51c1c0934e7dcf1,,
95ed84ceadb6c88e,Công an xác minh vụ thiếu niên 16 tuổi ở Ninh Bình bị hành hung tại phòng gym,https://vietnamnet.vn/cong-an-xac-minh-vu-thieu-nien-16-tuoi-bi-hanh-hung-tai-phong-gym-o-ninh-binh-2550645.html,https://vietnamnet.vn/cong-an-xac-minh-vu-thieu-nien-16-tuoi-bi-hanh-hung-tai-phong-gym-o-ninh-binh-2550645.html,vietnamnet.vn,vietnamnet,,rss,2026-09-20T16:13:59Z,2026-08-29T15:43:29Z,publisher_reported,vi,VN,"Công an xã Quỹ Nhất (tỉnh Ninh Bình) đang xác minh việc Đ.N.G.P., 16 tuổi, bị một người đàn ông hành hung tại phòng tập gym trên địa bàn.",,True,,domestic,prospective,data/raw/vietnamese/vietnamese_raw_payloads.jsonl#raw_record_id=0f0972b0c47915c7a29bce26cc9bbca416ae98647ea55da5f9494a0c5cfbfe7e,,
f4f6ee2516f5a83d,"Chật kín người dân check-in, mua sắm tại phố lồng đèn nổi tiếng nhất TPHCM",https://vietnamnet.vn/chat-kin-nguoi-dan-check-in-mua-sam-tai-pho-long-den-noi-tieng-nhat-tphcm-2554663.html,https://vietnamnet.vn/chat-kin-nguoi-dan-check-in-mua-sam-tai-pho-long-den-noi-tieng-nhat-tphcm-2554663.html,vietnamnet.vn,vietnamnet,,rss,2026-09-20T16:13:59Z,2026-09-13T23:30:00Z,publisher_reported,vi,VN,"Những ngày cận Trung thu, phố lồng đèn Lương Nhữ Học (Phường Chợ Lớn, TPHCM) trở nên vô cùng nhộn nhịp.",,True,,domestic,prospective,data/raw/vietnamese/vietnamese_raw_payloads.jsonl#raw_record_id=97e4e7d9476e06b8c836ff93c3b2205f7d159c5ceed14b768431621fa1373d3d,,
9c4dfe0aa65d5f80,Lãnh đạo Greenland lên tiếng về thỏa thuận với Mỹ,https://dantri.com.vn/the-gioi/lanh-dao-greenland-len-tieng-ve-thoa-thuan-voi-my-20260920180531383.htm,https://dantri.com.vn/the-gioi/lanh-dao-greenland-len-tieng-ve-thoa-thuan-voi-my-20260920180531383.htm,dantri.com.vn,dantri,,rss,2026-09-20T16:13:59Z,2026-09-20T11:55:47Z,publisher_reported,vi,VN,(Dân trí) - Đan Mạch hy vọng thỏa thuận mới với Mỹ sẽ chấm dứt những bất đồng liên quan tới vùng lãnh thổ tự trị Greenland.,,False,,domestic,prospective,data/raw/vietnamese/vietnamese_raw_payloads.jsonl#raw_record_id=bd544395364550fbc72fe9a327f37e5d079e0895895f5dc8fcf269361fb6a330,,
496f8ce0da50a425,Danh tính nghi phạm gây án mạng 3 mẹ con tử vong ở Đồng Nai,https://vietnamnet.vn/danh-tinh-nghi-pham-gay-an-mang-3-me-con-tu-vong-o-dong-nai-2551495.html,https://vietnamnet.vn/danh-tinh-nghi-pham-gay-an-mang-3-me-con-tu-vong-o-dong-nai-2551495.html,vietnamnet.vn,vietnamnet,,rss,2026-09-20T16:13:59Z,2026-09-03T16:51:30Z,publisher_reported,vi,VN,Nguyễn Đức Anh được xác định là nghi phạm gây trọng án ở Đồng Nai khiến 3 mẹ con tử vong và người chồng trọng thương.,,True,,domestic,prospective,data/raw/vietnamese/vietnamese_raw_payloads.jsonl#raw_record_id=f2f36c370c3ccfe3898e6e4f576bdb8487b6cdeb79f3811ea1393c0e1d54a359,,
94cfad67a60b212c,Đối tượng người Hàn Quốc bị Interpol truy nã đã sa lưới tại Hà Nội,https://vietnamnet.vn/doi-tuong-nguoi-han-quoc-bi-interpol-truy-na-da-sa-luoi-tai-ha-noi-2553456.html,https://vietnamnet.vn/doi-tuong-nguoi-han-quoc-bi-interpol-truy-na-da-sa-luoi-tai-ha-noi-2553456.html,vietnamnet.vn,vietnamnet,,rss,2026-09-20T16:13:59Z,2026-09-09T06:20:48Z,publisher_reported,vi,VN,"Kiểm tra hành chính một người đàn ông Hàn Quốc, Công an phường Phú Diễn (Hà Nội) phát hiện người này đang bị Interpol truy nã.",,True,,domestic,prospective,data/raw/vietnamese/vietnamese_raw_payloads.jsonl#raw_record_id=382b6823058fbe1c4d2258d235abd06514bb7663c6170b7e53ae75bfbf6a025b,,
574ae2ac3d52085d,Trường ĐH tư thục đầu tiên tại TP.HCM khánh thành bệnh viện thực hành cho sinh viên,https://thanhnien.vn/truong-dh-tu-thuc-dau-tien-tai-tphcm-khanh-thanh-benh-vien-thuc-hanh-cho-sinh-vien-185260920195142947.htm,https://thanhnien.vn/truong-dh-tu-thuc-dau-tien-tai-tphcm-khanh-thanh-benh-vien-thuc-hanh-cho-sinh-vien-185260920195142947.htm,thanhnien.vn,thanhnien,,rss,2026-09-20T16:13:59Z,2026-09-20T13:26:00Z,publisher_reported,vi,VN,"Không chỉ là cơ sở khám chữa bệnh cho người dân, Bệnh viện Trường ĐH Quốc tế Hồng Bàng - bệnh viện đầu tiên thuộc trường ĐH tư thục tại TP.HCM, còn là nơi đào tạo, thực hành cho sinh viên khối ngành y dược của trường.",,True,,domestic,prospective,data/raw/vietnamese/vietnamese_raw_payloads.jsonl#raw_record_id=32d6167a3cab5de8fe30b226534e1929ec936e0610cb39c8f01b8faaab8f2a06,,
81346b07658eb56d,5 dưỡng chất phụ nữ mãn kinh nên bổ sung,https://vnexpress.net/5-duong-chat-phu-nu-man-kinh-nen-bo-sung-5122260.html,https://vnexpress.net/5-duong-chat-phu-nu-man-kinh-nen-bo-sung-5122260.html,vnexpress.net,vnexpress,,rss,2026-09-20T16:13:59Z,2026-09-20T04:00:00Z,publisher_reported,vi,VN,"Phụ nữ mãn kinh nên bổ sung đủ chất xơ, protein, omega-3, canxi và magie để hỗ trợ sức khỏe xương, hệ thần kinh và kiểm soát cân nặng.",,False,,domestic,prospective,data/raw/vietnamese/vietnamese_raw_payloads.jsonl#raw_record_id=99fd09197c99f6dc41e74f995c7713dab2b9657c65b1d3952ae87fe26820c441,,
ebafd8cce666d58a,Nga lên tiếng về lệnh trừng phạt mới của Mỹ,https://dantri.com.vn/the-gioi/nga-len-tieng-ve-lenh-trung-phat-moi-cua-my-20260920133852902.htm,https://dantri.com.vn/the-gioi/nga-len-tieng-ve-lenh-trung-phat-moi-cua-my-20260920133852902.htm,dantri.com.vn,dantri,,rss,2026-09-20T16:13:59Z,2026-09-20T07:00:51Z,publisher_reported,vi,VN,(Dân trí) - Điện Kremlin cảnh báo lệnh trừng phạt mới của Mỹ sẽ làm suy yếu nỗ lực giải quyết xung đột Ukraine thông qua con đường ngoại giao.,,False,,domestic,prospective,data/raw/vietnamese/vietnamese_raw_payloads.jsonl#raw_record_id=e8abf40b84f45303d0ef74a618acb992c104de8e239b3b2b9aa91ec42d4f29b9,,
2fe156d6681e51a8,Xác định 5 đội bóng giành vé đi tiếp ở môn bóng đá nam Asiad 20,https://dantri.com.vn/the-thao/xac-dinh-5-doi-bong-gianh-ve-di-tiep-o-mon-bong-da-nam-asiad-20-20260920201836889.htm,https://dantri.com.vn/the-thao/xac-dinh-5-doi-bong-gianh-ve-di-tiep-o-mon-bong-da-nam-asiad-20-20260920201836889.htm,dantri.com.vn,dantri,,rss,2026-09-20T16:13:59Z,2026-09-20T13:18:36Z,publisher_reported,vi,VN,"(Dân trí) - Sau lượt trận thứ hai, 5 đội bóng đầu tiên lọt vào vòng tứ kết môn bóng đá Asiad 20 đã được xác định. Trong đó, Đông Nam Á có đại diện đầu tiên giành vé đi tiếp là U23 Thái Lan.",,False,,domestic,prospective,data/raw/vietnamese/vietnamese_raw_payloads.jsonl#raw_record_id=ca5d7e3873f43e12f4338134e46fceecec5e2f166028812fc2ad97a5f284549e,,
209920c790472ea3,"Dự đoán tỷ số đội tuyển nữ Việt Nam thắng Thái Lan: Rượt đuổi kịch tính, Bích Thùy lập công",https://thanhnien.vn/du-doan-ty-so-doi-tuyen-nu-viet-nam-thang-thai-lan-ruot-duoi-kich-tinh-bich-thuy-lap-cong-18526092015405632.htm,https://thanhnien.vn/du-doan-ty-so-doi-tuyen-nu-viet-nam-thang-thai-lan-ruot-duoi-kich-tinh-bich-thuy-lap-cong-18526092015405632.htm,thanhnien.vn,thanhnien,,rss,2026-09-20T16:13:59Z,2026-09-20T08:42:00Z,publisher_reported,vi,VN,"Trận đấu giữa đội tuyển nữ Việt Nam và đội tuyển nữ Thái Lan diễn ra vào 17 giờ 30 ngày 21.9 trên sân vận động Nagai, Osaka, là lượt trận cuối cùng bảng E môn bóng đá nữ ASIAD 20. Cả 2 đội đều có áp lực phải thắng để níu giữ hy vọng đi tiếp.",,True,,domestic,prospective,data/raw/vietnamese/vietnamese_raw_payloads.jsonl#raw_record_id=da3deb6c4b91ec56ecc34807990a24e62de4d2ccca8e96283654f488d30dd218,,
ecaaffb78120bd30,Món thịt gấu đặc sản Nhật Bản,https://vnexpress.net/mon-thit-gau-dac-san-nhat-ban-5122211.html,https://vnexpress.net/mon-thit-gau-dac-san-nhat-ban-5122211.html,vnexpress.net,vnexpress,,rss,2026-09-20T16:13:59Z,2026-09-20T04:14:56Z,publisher_reported,vi,VN,"Từ món ăn gắn với những thợ săn miền núi phía bắc Nhật Bản, thịt gấu xuất hiện trong các nhà hàng chuyên thịt thú rừng ở Tokyo, được chế biến thành món lẩu, nướng, đóng hộp.",,False,,domestic,prospective,data/raw/vietnamese/vietnamese_raw_payloads.jsonl#raw_record_id=99d002f7cea533efdfec4494c28c49e2cbef22fea72b2fff9d77a9b0393ba25b,,
d350ddd92cf6f269,Mourinho: 'Ngày càng khó nghe điều tích cực về Real',https://vnexpress.net/mourinho-ngay-cang-kho-nghe-dieu-tich-cuc-ve-real-5122378.html,https://vnexpress.net/mourinho-ngay-cang-kho-nghe-dieu-tich-cuc-ve-real-5122378.html,vnexpress.net,vnexpress,,rss,2026-09-20T16:13:59Z,2026-09-20T06:00:00Z,publisher_reported,vi,VN,"Trước derby Madrid với Atletico, HLV Jose Mourinho bảo vệ Real trước những chỉ trích, đồng thời ngầm công kích truyền thông và cách trọng tài được chỉ định.",,False,,domestic,prospective,data/raw/vietnamese/vietnamese_raw_payloads.jsonl#raw_record_id=51b52fdfb3604a50fec8c7724d7d936b9195d626b357ee93cc66c4e8053eee5c,,
27ca85d09fe3182e,Quốc lộ 4B qua Lạng Sơn đứt gãy nghiêm trọng,https://vietnamnet.vn/mua-lon-keo-dai-quoc-lo-4b-qua-lang-son-dut-gay-nghiem-trong-2548313.html,https://vietnamnet.vn/mua-lon-keo-dai-quoc-lo-4b-qua-lang-son-dut-gay-nghiem-trong-2548313.html,vietnamnet.vn,vietnamnet,,rss,2026-09-20T16:13:59Z,2026-08-23T10:12:03Z,publisher_reported,vi,VN,"Ngày 23/8, mưa lớn kéo dài kèm sạt lở đất đá khiến mặt đường Quốc lộ 4B, đoạn qua xã Châu Sơn (tỉnh Lạng Sơn) xuất hiện đứt gãy nghiêm trọng, gây khó khăn cho phương tiện lưu thông.",,True,,domestic,prospective,data/raw/vietnamese/vietnamese_raw_payloads.jsonl#raw_record_id=ac7c404b946831319f189b5c4781574eb4858b027ef5aaa2b9a2133dc87cc46b,,
6d8a6a3bbea0e533,"Khởi tố nữ nhân viên quầy thuốc, công an khuyến cáo việc tuyển dụng",https://vietnamnet.vn/khoi-to-nu-nhan-vien-quay-thuoc-cong-an-khuyen-cao-viec-tuyen-dung-2553085.html,https://vietnamnet.vn/khoi-to-nu-nhan-vien-quay-thuoc-cong-an-khuyen-cao-viec-tuyen-dung-2553085.html,vietnamnet.vn,vietnamnet,,rss,2026-09-20T16:13:59Z,2026-09-08T08:14:30Z,publisher_reported,vi,VN,"Nữ nhân viên quầy thuốc đặt trong Trung tâm Y tế khu vực Thanh Ba (Phú Thọ) bị khởi tố với cáo buộc chiếm đoạt hơn 356 triệu đồng. Công an khuyến cáo doanh nghiệp thận trọng khi bố trí nhân sự ở vị trí liên quan trực tiếp đến tài chính, tài sản.",,True,,domestic,prospective,data/raw/vietnamese/vietnamese_raw_payloads.jsonl#raw_record_id=cd2f826387187cbf4d5020ef0e758433be2fcd319bcd39c91367dc6bb5362a7b,,
311dd16bb342454c,Nữ sinh lớp 12 ở Hà Nội rời nhà nhiều ngày chưa trở về,https://vietnamnet.vn/nu-sinh-lop-12-o-ha-noi-roi-nha-nhieu-ngay-chua-tro-ve-2550123.html,https://vietnamnet.vn/nu-sinh-lop-12-o-ha-noi-roi-nha-nhieu-ngay-chua-tro-ve-2550123.html,vietnamnet.vn,vietnamnet,,rss,2026-09-20T16:13:59Z,2026-09-19T15:31:23Z,publisher_reported,vi,VN,"Nữ sinh ở Hà Nội rời nhà từ sáng 25/8 và mất liên lạc đến nay. Người thân đã tìm kiếm tại nhiều nơi nhưng chưa có thông tin, hiện rất lo lắng và mong cộng đồng hỗ trợ tìm kiếm.",,True,,domestic,prospective,data/raw/vietnamese/vietnamese_raw_payloads.jsonl#raw_record_id=9c82a18c47a89db182206b806ac0b06c795675d6142dd28725b54c33989fe5dd,,
88d990030715f899,Niacinamide đang hot trở lại: Dùng thế nào để vừa giảm dầu vừa hỗ trợ sáng da?,https://thanhnien.vn/niacinamide-dang-hot-tro-lai-dung-the-nao-de-vua-giam-dau-vua-ho-tro-sang-da-185260920153823021.htm,https://thanhnien.vn/niacinamide-dang-hot-tro-lai-dung-the-nao-de-vua-giam-dau-vua-ho-tro-sang-da-185260920153823021.htm,thanhnien.vn,thanhnien,,rss,2026-09-20T16:13:59Z,2026-09-20T08:21:00Z,publisher_reported,vi,VN,"Dù không phải cái tên mới lạ trên bản đồ làm đẹp, niacinamide vẫn bất ngờ tạo nên làn sóng ""săn đón"" rầm rộ thời gian gần đây. Được mệnh danh là hoạt chất ""đa nhiệm"" hiếm hoi chiều lòng cả những làn da nhạy cảm, niacinamide mang đến hiệu quả giúp kiểm soát bã nhờn và dưỡng sáng. Tuy nhiên, sử dụng niacinamide như thế nào để tối ưu hiệu quả mà không bùng phát kích ứng?",,False,,domestic,prospective,data/raw/vietnamese/vietnamese_raw_payloads.jsonl#raw_record_id=5a3d63137d3383085a5da2ba0e4df0c981ea9fe3223184ed4157f0f4c2edf34d,,
72b73ba9ba80d9b1,"Người Hà Nội đội mưa lớn đi làm, ‘chôn chân’ trên những tuyến đường ùn tắc",https://vietnamnet.vn/nguoi-ha-noi-doi-mua-lon-di-lam-nhieu-tuyen-duong-un-tac-2555152.html,https://vietnamnet.vn/nguoi-ha-noi-doi-mua-lon-di-lam-nhieu-tuyen-duong-un-tac-2555152.html,vietnamnet.vn,vietnamnet,,rss,2026-09-20T16:13:59Z,2026-09-15T04:27:58Z,publisher_reported,vi,VN,"Mưa lớn kéo dài đúng giờ cao điểm sáng, khiến nhiều tuyến đường ở Hà Nội ùn tắc, người dân đi học, đi làm gặp không ít khó khăn.",,True,,domestic,prospective,data/raw/vietnamese/vietnamese_raw_payloads.jsonl#raw_record_id=2e5b452f6e4091f45626af2d97dc6ab8cad58e5799077d73275871d163aea90e,,
40b4d884187775d2,Sếp Apple: “Thấy ai dán kính cường lực lên iPhone là tôi nổi da gà”,https://dantri.com.vn/cong-nghe/sep-apple-thay-ai-dan-kinh-cuong-luc-len-iphone-la-toi-noi-da-ga-20260920130812991.htm,https://dantri.com.vn/cong-nghe/sep-apple-thay-ai-dan-kinh-cuong-luc-len-iphone-la-toi-noi-da-ga-20260920130812991.htm,dantri.com.vn,dantri,,rss,2026-09-20T16:13:59Z,2026-09-20T06:21:10Z,publisher_reported,vi,VN,"(Dân trí) - Tom Marieb, Phó Chủ tịch phụ trách Kỹ thuật Phần cứng mới của Apple, cho biết ông “nổi da gà” mỗi khi thấy người dùng dán thêm lớp bảo vệ màn hình lên iPhone.",,False,,domestic,prospective,data/raw/vietnamese/vietnamese_raw_payloads.jsonl#raw_record_id=a4db5fc6aed004bcaafb6c45faf77398075f6ca34d5957a614ec9cad91d3c180,,
bb2df7f27ea3f954,"Cưa cây ven đường, cây đổ khiến người đi xe máy tử vong",https://vietnamnet.vn/cua-cay-ven-duong-cay-do-khien-nguoi-di-xe-may-tu-vong-2553457.html,https://vietnamnet.vn/cua-cay-ven-duong-cay-do-khien-nguoi-di-xe-may-tu-vong-2553457.html,vietnamnet.vn,vietnamnet,,rss,2026-09-20T16:13:59Z,2026-09-09T07:26:20Z,publisher_reported,vi,VN,"Trong lúc người đàn ông ở Thanh Hóa cưa cây xanh ven đường, cây bất ngờ đổ xuống, phần ngọn đè trúng một người đi xe máy khiến nạn nhân tử vong.",,True,,domestic,prospective,data/raw/vietnamese/vietnamese_raw_payloads.jsonl#raw_record_id=232e3cb324674587d3c7113e236576a6e7271d682ac70d27e1ed0ea35b6ef30b,,
c9167c2c556b1849,"Hà Nội: 6 người mạo danh bác sĩ để gây tê, hút mỡ cho khách hàng",https://vietnamnet.vn/ha-noi-6-nguoi-mao-danh-bac-si-de-gay-te-hut-mo-cho-khach-hang-2555725.html,https://vietnamnet.vn/ha-noi-6-nguoi-mao-danh-bac-si-de-gay-te-hut-mo-cho-khach-hang-2555725.html,vietnamnet.vn,vietnamnet,,rss,2026-09-20T16:13:59Z,2026-09-16T06:40:53Z,publisher_reported,vi,VN,"6 nhân viên tại cơ sở thẩm mỹ Julia Aesthetic (Hà Nội) không có bằng cấp, chứng chỉ hành nghề nhưng vẫn mạo danh bác sĩ, nhân viên y tế để tư vấn, khám và chữa bệnh cho khách hàng.",,True,,domestic,prospective,data/raw/vietnamese/vietnamese_raw_payloads.jsonl#raw_record_id=b4dff0e17dc578f827b16c2a46e144e80f392f2c613b60691f1032d8f23af574,,
9487128d69a26882,"Con gái bị người yêu hăm dọa, tôi báo công an được không?",https://vnexpress.net/con-gai-bi-nguoi-yeu-ham-doa-toi-bao-cong-an-duoc-khong-5120469.html,https://vnexpress.net/con-gai-bi-nguoi-yeu-ham-doa-toi-bao-cong-an-duoc-khong-5120469.html,vnexpress.net,vnexpress,,rss,2026-09-20T16:13:59Z,2026-09-20T05:58:19Z,publisher_reported,vi,VN,"Nhiều sự việc đau lòng gần đây liên quan các vụ yêu đương, chia tay khiến phụ huynh có con gái đang tuổi trưởng thành như tôi cảm thấy rất lo lắng.",,False,,domestic,prospective,data/raw/vietnamese/vietnamese_raw_payloads.jsonl#raw_record_id=90e69a674fdc8313150bb16bc30920cb692f808cf2c9f083bfa02aac241e7a16,,
8cfbfdfbb6d7b31c,"Mưa ngập tới bụng, hơn 800 tiểu thương chợ đầu mối hối hả cứu hàng",https://vietnamnet.vn/mua-ngap-toi-bung-hon-800-tieu-thuong-cho-dau-moi-hoi-ha-cuu-hang-2547959.html,https://vietnamnet.vn/mua-ngap-toi-bung-hon-800-tieu-thuong-cho-dau-moi-hoi-ha-cuu-hang-2547959.html,vietnamnet.vn,vietnamnet,,rss,2026-09-20T16:13:59Z,2026-08-22T05:49:37Z,publisher_reported,vi,VN,"Do ảnh hưởng của bão số 4, nhiều địa phương ở tỉnh Lạng Sơn có mưa lớn, gây ngập úng, sạt lở. Tại chợ đầu mối Giếng Vuông, phường Kỳ Lừa, nước dâng cao tới bụng người.",,True,,domestic,prospective,data/raw/vietnamese/vietnamese_raw_payloads.jsonl#raw_record_id=8f7cd0936de594b3fa13beeecb7ec382d5e94a5e405c4f5aae2533819f2cd6ca,,
44d5b4d35e99e94b,"Lật xuồng trên sông, hai người đàn ông mất tích, tìm thấy thi thể một người",https://vietnamnet.vn/lat-xuong-tren-song-hai-nguoi-dan-ong-mat-tich-tim-thay-thi-the-mot-nguoi-2550135.html,https://vietnamnet.vn/lat-xuong-tren-song-hai-nguoi-dan-ong-mat-tich-tim-thay-thi-the-mot-nguoi-2550135.html,vietnamnet.vn,vietnamnet,,rss,2026-09-20T16:13:59Z,2026-09-19T15:31:42Z,publisher_reported,vi,VN,"Chiếc xuồng chở nhóm bạn trở về bờ sau chuyến đi chơi tại một hòn đảo giữa sông Đồng Nai, đoạn qua tỉnh Lâm Đồng, bất ngờ bị lật khiến hai người mất tích. Lực lượng chức năng đã tìm thấy thi thể một nạn nhân, tiếp tục tìm kiếm người còn lại.",,True,,domestic,prospective,data/raw/vietnamese/vietnamese_raw_payloads.jsonl#raw_record_id=25f21e176e15b70bfa30268f9b4b33a7c8707e7b7663f7d15a1582a222b8977c,,
67aee08e66f4a975,"Dự báo thời tiết 24/8/2026: Bão số 4 còn trên Vịnh Bắc Bộ, 4 tỉnh thành mưa lớn",https://vietnamnet.vn/du-bao-thoi-tiet-24-8-2026-bao-so-4-con-tren-vinh-bac-bo-4-tinh-thanh-mua-lon-2547706.html,https://vietnamnet.vn/du-bao-thoi-tiet-24-8-2026-bao-so-4-con-tren-vinh-bac-bo-4-tinh-thanh-mua-lon-2547706.html,vietnamnet.vn,vietnamnet,,rss,2026-09-20T16:13:59Z,2026-08-24T01:16:39Z,publisher_reported,vi,VN,"Dự báo thời tiết ngày 24/8/2026, do ảnh hưởng hoàn lưu bão số 4 Narra, mưa lớn tiếp tục tập trung ở Đông Bắc Bộ và Thanh Hóa. Từ Huế trở vào nhiều nơi nắng nóng. Cao nguyên Trung Bộ và Nam Bộ mưa giông vào chiều tối.",,True,,domestic,prospective,data/raw/vietnamese/vietnamese_raw_payloads.jsonl#raw_record_id=348b66b4baf9c94f12485e6c3689319ae8226a3edec6861a819f09350dedcd4f,,
5763e2da99b7e83c,"Fed tăng lãi suất, vì sao Goldman Sachs vẫn cược giá vàng lên 5.400 USD?",https://dantri.com.vn/kinh-doanh/fed-tang-lai-suat-vi-sao-goldman-sachs-van-cuoc-gia-vang-len-5400-usd-20260920160602468.htm,https://dantri.com.vn/kinh-doanh/fed-tang-lai-suat-vi-sao-goldman-sachs-van-cuoc-gia-vang-len-5400-usd-20260920160602468.htm,dantri.com.vn,dantri,,rss,2026-09-20T16:13:59Z,2026-09-20T09:26:10Z,publisher_reported,vi,VN,"(Dân trí) - Dù hạ nhẹ dự báo ngắn hạn sau khi Fed tăng lãi suất, Goldman Sachs vẫn giữ mục tiêu giá vàng 5.400 USD/ounce vào năm 2027 nhờ lực mua kỷ lục từ các ngân hàng trung ương.",,False,,domestic,prospective,data/raw/vietnamese/vietnamese_raw_payloads.jsonl#raw_record_id=b485cb8ca10b9f09d1a7346f747335e7445fe98628154d3bc36135b776551f58,,
f22ecafae0adc312,"Iran gửi loạt điều kiện mới cho Mỹ, mở đường chấm dứt xung đột?",https://dantri.com.vn/the-gioi/iran-gui-loat-dieu-kien-moi-cho-my-mo-duong-cham-dut-xung-dot-20260920205058128.htm,https://dantri.com.vn/the-gioi/iran-gui-loat-dieu-kien-moi-cho-my-mo-duong-cham-dut-xung-dot-20260920205058128.htm,dantri.com.vn,dantri,,rss,2026-09-20T16:13:59Z,2026-09-20T13:57:03Z,publisher_reported,vi,VN,(Dân trí) - Việc Iran gửi đề xuất với các điều kiện mới cho Mỹ được xem là dấu hiệu cho thấy khả năng giải quyết xung đột sau 8 tháng căng thẳng.,,False,,domestic,prospective,data/raw/vietnamese/vietnamese_raw_payloads.jsonl#raw_record_id=04c1e77d19516d46297c997642f4e9faf64e19473830d8a20df1cb252ba6ec43,,
da6e6ed8eb335c45,"Hai cử nhân công nghệ thông tin tạo mã độc, phát tán trên mạng xã hội",https://vietnamnet.vn/hai-cu-nhan-cong-nghe-thong-tin-tao-ma-doc-phat-tan-tren-mang-xa-hoi-2555905.html,https://vietnamnet.vn/hai-cu-nhan-cong-nghe-thong-tin-tao-ma-doc-phat-tan-tren-mang-xa-hoi-2555905.html,vietnamnet.vn,vietnamnet,,rss,2026-09-20T16:13:59Z,2026-09-16T12:31:08Z,publisher_reported,vi,VN,"Hai cử nhân công nghệ thông tin rủ nhau tạo mã độc, đính kèm vào các tập tin rồi phát tán trên mạng xã hội. Khi nạn nhân tải về và mở tập tin, mã độc tự động xâm nhập máy tính, chiếm đoạt thông tin tài khoản Facebook.",,True,,domestic,prospective,data/raw/vietnamese/vietnamese_raw_payloads.jsonl#raw_record_id=6714939cfc88f045823c4d051b31a76c5925ba61de47bb6f077708c8a81fafcd,,
82c71235bc1d4d58,Triều Tiên vừa phóng tên lửa đạn đạo?,https://thanhnien.vn/trieu-tien-vua-phong-ten-lua-dan-dao-185260920150521017.htm,https://thanhnien.vn/trieu-tien-vua-phong-ten-lua-dan-dao-185260920150521017.htm,thanhnien.vn,thanhnien,,rss,2026-09-20T16:13:59Z,2026-09-20T08:09:00Z,publisher_reported,vi,VN,"Bộ Quốc phòng Nhật Bản chiều nay 20.9 cho rằng CHDCND Triều Tiên đã phóng một vật thể có thể là ít nhất một tên lửa đạn đạo, và vật thể này có thể đã rơi, theo Đài NHK.",,False,,domestic,prospective,data/raw/vietnamese/vietnamese_raw_payloads.jsonl#raw_record_id=aa2cb8670bb5673d1cc60db3a558a8941da7eedf9d75fb71d93d57d1f0b506d7,,
0316b34f5277161b,"Hà Nội chuẩn bị cải tạo chung cư cũ: Người dân đóng sẵn đồ, ngóng từng ngày rời đi",https://vietnamnet.vn/ha-noi-chuan-bi-cai-tao-chung-cu-cu-nguoi-dan-dong-san-do-ngong-tung-ngay-roi-di-2545084.html,https://vietnamnet.vn/ha-noi-chuan-bi-cai-tao-chung-cu-cu-nguoi-dan-dong-san-do-ngong-tung-ngay-roi-di-2545084.html,vietnamnet.vn,vietnamnet,,rss,2026-09-20T16:13:59Z,2026-09-20T06:38:19Z,publisher_reported,vi,VN,"Hà Nội đang đẩy nhanh kế hoạch cải tạo, xây dựng lại các khu chung cư cũ xuống cấp. Trong những căn hộ chật chội, thấm dột, người dân đang ngóng chờ từng ngày.",,True,,domestic,prospective,data/raw/vietnamese/vietnamese_raw_payloads.jsonl#raw_record_id=d1f73426571fee3c5f5ddbab1c2b4b52e696e337cfe4da8c1cbf40488ceeb49f,,
f32ce9e8a472896f,"Thiếu nữ 16 tuổi mất liên lạc nhiều ngày, để lại bức thư trước khi rời đi",https://vietnamnet.vn/thieu-nu-16-tuoi-mat-lien-lac-nhieu-ngay-de-lai-buc-thu-truoc-khi-roi-di-2550703.html,https://vietnamnet.vn/thieu-nu-16-tuoi-mat-lien-lac-nhieu-ngay-de-lai-buc-thu-truoc-khi-roi-di-2550703.html,vietnamnet.vn,vietnamnet,,rss,2026-09-20T16:13:59Z,2026-08-30T00:25:52Z,publisher_reported,vi,VN,"Công an phường tại Đồng Nai phát đi thông báo tìm kiếm thiếu nữ 16 tuổi mất liên lạc với gia đình nhiều ngày, trước khi rời đi có để lại một bức thư.",,True,,domestic,prospective,data/raw/vietnamese/vietnamese_raw_payloads.jsonl#raw_record_id=d8c16660bf101d1d9d2974f7c7a2f7a9157e9076ac361992385cb59dedb42e9c,,
493c248828ddb0a0,Thanh tra Chính phủ kiến nghị khởi tố 4 vụ việc tại Phú Minh Vina,https://vietnamnet.vn/thanh-tra-chinh-phu-kien-nghi-khoi-to-4-vu-viec-tai-cong-ty-phu-minh-vina-2556961.html,https://vietnamnet.vn/thanh-tra-chinh-phu-kien-nghi-khoi-to-4-vu-viec-tai-cong-ty-phu-minh-vina-2556961.html,vietnamnet.vn,vietnamnet,,rss,2026-09-20T16:13:59Z,2026-09-19T16:38:36Z,publisher_reported,vi,VN,"Thanh tra Chính phủ xác định 4 nhóm hành vi tại Công ty TNHH Môi trường Phú Minh Vina có dấu hiệu tội phạm, liên quan đổ trái phép hơn 12.000 tấn chất thải, quản lý chất thải nguy hại và dấu hiệu sai phạm kế toán, thuế.",,True,,domestic,prospective,data/raw/vietnamese/vietnamese_raw_payloads.jsonl#raw_record_id=e65d36230447c08cdb43c26a4ecaded00917e68322a634cf15be7e4ad77355bd,,
a7c07392c799f818,Thủ đoạn của &apos;ông trùm&apos; đường dây đánh bạc trực tuyến quy mô lớn,https://vietnamnet.vn/thu-doan-cua-ong-trum-duong-day-danh-bac-truc-tuyen-quy-mo-lon-2553332.html,https://vietnamnet.vn/thu-doan-cua-ong-trum-duong-day-danh-bac-truc-tuyen-quy-mo-lon-2553332.html,vietnamnet.vn,vietnamnet,,rss,2026-09-20T16:13:59Z,2026-09-09T02:44:07Z,publisher_reported,vi,VN,"Tại cơ quan điều tra, “ông trùm” Hoàng Tạ Minh Cường khai tổng số tiền đánh bạc lên tới 700 tỷ đồng. Tuy nhiên, tài liệu điều tra chỉ có thể làm rõ số tiền đánh bạc của đường dây này là hơn 88 tỷ đồng.",,True,,domestic,prospective,data/raw/vietnamese/vietnamese_raw_payloads.jsonl#raw_record_id=8b437886fe2582795880136a3b6519751a96b390e03b80f6d62a55b250179509,,
ae8a9c3fdac0a54f,"5 thói quen đơn giản giúp ruột khỏe, giảm táo bón",https://vnexpress.net/5-thoi-quen-don-gian-giup-ruot-khoe-giam-tao-bon-5122345.html,https://vnexpress.net/5-thoi-quen-don-gian-giup-ruot-khoe-giam-tao-bon-5122345.html,vnexpress.net,vnexpress,,rss,2026-09-20T16:13:59Z,2026-09-20T07:00:00Z,publisher_reported,vi,VN,"Nước ép mận hoặc cà phê có thể kích thích nhu động ruột, bổ sung chất xơ và uống đủ nước góp phần giảm táo bón.",,False,,domestic,prospective,data/raw/vietnamese/vietnamese_raw_payloads.jsonl#raw_record_id=4c415ccfe79597d30705b0fbae470c6b2f1cdb54ef9ba9afe85b28f09ade3553,,
2b6b4100e377f694,Tin tức Thời sự 2/9: Tạm giữ hình sự 4 người vụ hành hung tài xế ở Móng Cái,https://vietnamnet.vn/tin-tuc-thoi-su-2-9-tam-giu-hinh-su-4-nguoi-vu-hanh-hung-tai-xe-o-mong-cai-2551356.html,https://vietnamnet.vn/tin-tuc-thoi-su-2-9-tam-giu-hinh-su-4-nguoi-vu-hanh-hung-tai-xe-o-mong-cai-2551356.html,vietnamnet.vn,vietnamnet,,rss,2026-09-20T16:13:59Z,2026-09-02T12:00:00Z,publisher_reported,vi,VN,"4 người bị tạm giữ hình sự liên quan vụ hành hung tài xế taxi ở Móng Cái; Thứ trưởng Bộ Y tế bị bắt tạm giam; cháy tại trường tiểu học, phát hiện một phó hiệu trưởng tử vong là những tin tức thời sự đáng chú ý ngày 2/9.",,True,,domestic,prospective,data/raw/vietnamese/vietnamese_raw_payloads.jsonl#raw_record_id=0e9395404c78ebf5c09145bcf2bcf07126d321d316cc5bbda096d920fd1e4615,,
cb424dbf1359db19,Cách giữ cơ khi ăn ít calo để giảm cân,https://vnexpress.net/cach-giu-co-khi-an-it-calo-de-giam-can-5122347.html,https://vnexpress.net/cach-giu-co-khi-an-it-calo-de-giam-can-5122347.html,vnexpress.net,vnexpress,,rss,2026-09-20T16:13:59Z,2026-09-20T07:00:00Z,publisher_reported,vi,VN,"Tăng lượng protein và chất béo lành mạnh trong các bữa ăn, nghỉ ngơi và tập luyện hợp lý giúp giảm cân nhưng ít mất cơ.",,False,,domestic,prospective,data/raw/vietnamese/vietnamese_raw_payloads.jsonl#raw_record_id=954a7f7bfa9accdd362c197c8f524c924ee1e5920f9f290cbe955994c561e872,,
be8bd6e9d9b5a994,"13 tuổi, Yu Zidi tạo 'địa chấn' làng bơi đỉnh cao ở Asiad 2026",https://tuoitre.vn/13-tuoi-yu-zidi-tao-dia-chan-lang-boi-dinh-cao-o-asiad-2026-100260920181828322.htm,https://tuoitre.vn/13-tuoi-yu-zidi-tao-dia-chan-lang-boi-dinh-cao-o-asiad-2026-100260920181828322.htm,tuoitre.vn,tuoitre,,rss,2026-09-20T16:13:59Z,2026-09-20T11:50:00Z,publisher_reported_timezone_inferred,vi,VN,"Ngay trong ngày thi đấu chính thức đầu tiên, Asiad Aichi-Nagoya 2026 đã chứng kiến một cơn ""địa chấn"" rung chuyển làng bơi lội. Cô bé 13 tuổi người Trung Quốc - Yu Zidi (Vu Tử Địch) đoạt HCV nội dung 200m bướm nữ, phá kỷ lục Asiad.",,False,,domestic,prospective,data/raw/vietnamese/vietnamese_raw_payloads.jsonl#raw_record_id=0de37cf9cb711b52fd845d8d9c87536422eca2032dc4596b94f452d5f88eb55f,,
51228a13d35fe0ae,"Chiến sự Ukraine 20/9: Nga khép vây Kharkov, Ukraine lật ngược thế cờ Liman",https://dantri.com.vn/the-gioi/chien-su-ukraine-209-nga-khep-vay-kharkov-ukraine-lat-nguoc-the-co-liman-20260920100303593.htm,https://dantri.com.vn/the-gioi/chien-su-ukraine-209-nga-khep-vay-kharkov-ukraine-lat-nguoc-the-co-liman-20260920100303593.htm,dantri.com.vn,dantri,,rss,2026-09-20T16:13:59Z,2026-09-20T04:28:59Z,publisher_reported,vi,VN,"(Dân trí) - Quân đội Nga tiếp tục siết chặt vòng vây, chính thức khép kín hoàn toàn ""miệng túi"" tại đông bắc Kharkov. Trong khi đó, lực lượng Ukraine đã lật ngược thế cờ ở Liman, đẩy lùi đối phương.",,False,,domestic,prospective,data/raw/vietnamese/vietnamese_raw_payloads.jsonl#raw_record_id=70af9b78eaf0de41a5d92d58cd2f71a196307f0f4920f9f612ad746190b93d37,,
d731f0cd0db63ae6,"Mật độ tinh trùng thấp, điều trị thế nào để có con?",https://vnexpress.net/mat-do-tinh-trung-thap-dieu-tri-the-nao-de-co-con-5122372.html,https://vnexpress.net/mat-do-tinh-trung-thap-dieu-tri-the-nao-de-co-con-5122372.html,vnexpress.net,vnexpress,,rss,2026-09-20T16:13:59Z,2026-09-20T08:00:00Z,publisher_reported,vi,VN,"Tôi mong con hai năm, xét nghiệm mật độ tinh trùng chỉ 4 triệu/ml. Vợ chồng tôi nên thụ tinh nhân tạo (IUI) hay thụ tinh trong ống nghiệm (IVF)? (Hưng, Cần Thơ)",,False,,domestic,prospective,data/raw/vietnamese/vietnamese_raw_payloads.jsonl#raw_record_id=bec26a6bdf99b2bf496ab994f2f6556164dbf4f5d4977f9d78da6cbfe31fcd8e,,
8b6e1bad2d392d83,Người đàn ông Hàn Quốc rơi từ tầng 17 khách sạn Sapaly,https://vietnamnet.vn/nguoi-dan-ong-han-quoc-roi-tu-tang-17-tai-khach-san-o-lao-cai-2554833.html,https://vietnamnet.vn/nguoi-dan-ong-han-quoc-roi-tu-tang-17-tai-khach-san-o-lao-cai-2554833.html,vietnamnet.vn,vietnamnet,,rss,2026-09-20T16:13:59Z,2026-09-13T13:11:05Z,publisher_reported,vi,VN,"Một người đàn ông quốc tịch Hàn Quốc được phát hiện tử vong trước sảnh khách sạn Sapaly, phường Lào Cai. Công an tỉnh Lào Cai đang phối hợp với các đơn vị liên quan làm rõ vụ việc.",,True,,domestic,prospective,data/raw/vietnamese/vietnamese_raw_payloads.jsonl#raw_record_id=b2d6b783be59945210cada54192019357c7d82e990be3ef9aefdf8ea094d637f,,
a3a45a0b423bef1c,"Nhật ký Asiad 20 ngày 20/9: Việt Nam giành 2 HCĐ, Thái Lan sở hữu 3 HCV",https://dantri.com.vn/the-thao/nhat-ky-asiad-20-ngay-209-viet-nam-gianh-2-hcd-thai-lan-so-huu-3-hcv-20260920063845412.htm,https://dantri.com.vn/the-thao/nhat-ky-asiad-20-ngay-209-viet-nam-gianh-2-hcd-thai-lan-so-huu-3-hcv-20260920063845412.htm,dantri.com.vn,dantri,,rss,2026-09-20T16:13:59Z,2026-09-20T07:40:00Z,publisher_reported,vi,VN,"(Dân trí) - Ở ngày thi đấu đầu tiên (20/9) của Asiad 20 tại Nhật Bản, thể thao Việt Nam đã có được 2 tấm huy chương đồng ở môn teqball và karate.",,True,,domestic,prospective,data/raw/vietnamese/vietnamese_raw_payloads.jsonl#raw_record_id=7acba2374f5bc2622e1e43ed7785fd77ed99467c346214632e6f7c73ba052d65,,
6b20e9e667d20241,Bữa cơm cuối cùng trước giờ lên đường của người lính hy sinh ở tuổi 20,https://vietnamnet.vn/bua-com-cuoi-cung-truoc-gio-len-duong-cua-nguoi-linh-hy-sinh-o-tuoi-20-2550459.html,https://vietnamnet.vn/bua-com-cuoi-cung-truoc-gio-len-duong-cua-nguoi-linh-hy-sinh-o-tuoi-20-2550459.html,vietnamnet.vn,vietnamnet,,rss,2026-09-20T16:13:59Z,2026-09-13T22:00:00Z,publisher_reported,vi,VN,"Gần bốn thập kỷ sau bữa cơm tiễn chân, bà Võ Thị Lan vẫn nhớ như in câu hỏi cuối cùng dành cho em trai trước ngày nhập ngũ. Câu trả lời kiên định của người lính trẻ trở thành ký ức thiêng liêng nhất của gia đình.",,True,,domestic,prospective,data/raw/vietnamese/vietnamese_raw_payloads.jsonl#raw_record_id=630bff6ce624bef23d47144870c7695fa2692994ddf7944992425406ed675b46,,
406f19d3309cd0de,Trung Quốc giữ nguyên lãi suất cho vay cơ bản tháng thứ 16 liên tiếp,https://dantri.com.vn/kinh-doanh/trung-quoc-giu-nguyen-lai-suat-cho-vay-co-ban-thang-thu-16-lien-tiep-20260920194525844.htm,https://dantri.com.vn/kinh-doanh/trung-quoc-giu-nguyen-lai-suat-cho-vay-co-ban-thang-thu-16-lien-tiep-20260920194525844.htm,dantri.com.vn,dantri,,rss,2026-09-20T16:13:59Z,2026-09-20T13:07:00Z,publisher_reported,vi,VN,"(Dân trí) - Ngày 20/9, Trung Quốc thông báo tiếp tục giữ nguyên các mức lãi suất cho vay cơ bản (LPR), đánh dấu tháng thứ 16 liên tiếp không điều chỉnh. Quyết định này phù hợp với dự báo của thị trường.",,False,,domestic,prospective,data/raw/vietnamese/vietnamese_raw_payloads.jsonl#raw_record_id=d873dc9919c7e3b666800ab1cf36d892955684eb293a16eaef4761f69a6c5189,,
d4fe7d82d2588266,Chủ tịch Đà Nẵng: Đầu tư hạ tầng đi trước để tạo động lực phát triển mới,https://vietnamnet.vn/chu-tich-da-nang-dau-tu-ha-tang-di-truoc-de-tao-dong-luc-phat-trien-moi-2548801.html,https://vietnamnet.vn/chu-tich-da-nang-dau-tu-ha-tang-di-truoc-de-tao-dong-luc-phat-trien-moi-2548801.html,vietnamnet.vn,vietnamnet,,rss,2026-09-20T16:13:59Z,2026-08-25T05:04:22Z,publisher_reported,vi,VN,"Chủ tịch UBND TP Đà Nẵng Nguyễn Mạnh Hùng nhấn mạnh, thành phố đang bước vào giai đoạn phát triển mới. Vì vậy, đầu tư hạ tầng đi trước một bước sẽ tạo động lực phát triển mới, mang lại lợi ích cho người dân và doanh nghiệp.",,True,,domestic,prospective,data/raw/vietnamese/vietnamese_raw_payloads.jsonl#raw_record_id=e43adcb289f33f0973e9ed526c92627b9b4963a1e0ac0a6ab3537703fe78c0c2,,
d8ec50a71126ee86,Mỹ khuyến cáo công dân ở Trung Đông giữa đòn tấn công của Houthi vào Arab Saudi,https://vnexpress.net/my-khuyen-cao-cong-dan-o-trung-dong-giua-don-tan-cong-cua-houthi-vao-arab-saudi-5122462.html,https://vnexpress.net/my-khuyen-cao-cong-dan-o-trung-dong-giua-don-tan-cong-cua-houthi-vao-arab-saudi-5122462.html,vnexpress.net,vnexpress,,rss,2026-09-20T16:13:59Z,2026-09-20T05:59:47Z,publisher_reported,vi,VN,"Mỹ khuyến cáo công dân nước này ở Trung Đông nâng cao cảnh giác, trong khi Tổng thống Trump rút ngắn kỳ nghỉ, giữa lúc Houthi tấn công Arab Saudi.",,False,,domestic,prospective,data/raw/vietnamese/vietnamese_raw_payloads.jsonl#raw_record_id=320012bae21780a3b149eed51bbf1f3d0824bd28658b467c8639a3ef623bbf33,,
2335501fd45c6513,Doanh nghiệp công nghiệp hỗ trợ nội 'hụt hơi' trước FDI khi lãi suất vay vốn quá cao,https://tuoitre.vn/doanh-nghiep-cong-nghiep-ho-tro-noi-hut-hoi-truoc-fdi-khi-lai-suat-vay-von-qua-cao-100260920153541355.htm,https://tuoitre.vn/doanh-nghiep-cong-nghiep-ho-tro-noi-hut-hoi-truoc-fdi-khi-lai-suat-vay-von-qua-cao-100260920153541355.htm,tuoitre.vn,tuoitre,,rss,2026-09-20T16:13:59Z,2026-09-20T10:17:00Z,publisher_reported_timezone_inferred,vi,VN,"Doanh nghiệp ngành công nghiệp hỗ trợ nhỏ và vừa trong nước đang phải vay vốn với lãi suất từ 8-10%/năm, trong khi doanh nghiệp FDI hoạt động cùng lĩnh vực chỉ vay từ 1-3%/năm từ công ty mẹ hoặc ngân hàng nước ngoài.",,True,,domestic,prospective,data/raw/vietnamese/vietnamese_raw_payloads.jsonl#raw_record_id=b2b635b2d620a74fa96e75903cd62a9aa57e1b7bbcf2565a94c2539fe0d03e7a,,
60a8342b96e7617c,Hai quốc gia Đông Nam Á sớm có huy chương vàng tại Asiad 20,https://dantri.com.vn/the-thao/hai-quoc-gia-dong-nam-a-som-co-huy-chuong-vang-tai-asiad-20-20260920205434458.htm,https://dantri.com.vn/the-thao/hai-quoc-gia-dong-nam-a-som-co-huy-chuong-vang-tai-asiad-20-20260920205434458.htm,dantri.com.vn,dantri,,rss,2026-09-20T16:13:59Z,2026-09-20T14:23:45Z,publisher_reported,vi,VN,"(Dân trí) - Myanmar và Thái Lan là những đoàn thể thao đầu tiên thuộc Đông Nam Á giành được huy chương vàng (HCV) tại Asiad 20, đang diễn ra ở Nagoya (tỉnh Aichi, Nhật Bản).",,False,,domestic,prospective,data/raw/vietnamese/vietnamese_raw_payloads.jsonl#raw_record_id=27a118cb221f81e2ce694b6e415ad68e82bfa26a322dd17196bd3c1a80304267,,
fef47530c730197a,Ukraine báo 'tin tốt' từ chiến trường; Nga hạ hơn 1.100 drone xuyên đêm,https://tuoitre.vn/ukraine-bao-tin-tot-tu-chien-truong-nga-ha-hon-1100-drone-xuyen-dem-10026092018513698.htm,https://tuoitre.vn/ukraine-bao-tin-tot-tu-chien-truong-nga-ha-hon-1100-drone-xuyen-dem-10026092018513698.htm,tuoitre.vn,tuoitre,,rss,2026-09-20T16:13:59Z,2026-09-20T11:56:00Z,publisher_reported_timezone_inferred,vi,VN,"Quân đội Ukraine vừa thông tin về chiến dịch Vivaldi tại tỉnh Donetsk, cho biết có “tin tốt” từ chiến trường.",,False,,domestic,prospective,data/raw/vietnamese/vietnamese_raw_payloads.jsonl#raw_record_id=7fadb8fbfd96cf82eac4a9583c15000948d6adadf72c6194034ac773928f9ab8,,
ea8636b3a919e673,"Công an TPHCM bắt, bàn giao 3 đối tượng bị Interpol truy nã đỏ",https://vietnamnet.vn/cong-an-tphcm-bat-ban-giao-3-doi-tuong-bi-interpol-truy-na-do-2550749.html,https://vietnamnet.vn/cong-an-tphcm-bat-ban-giao-3-doi-tuong-bi-interpol-truy-na-do-2550749.html,vietnamnet.vn,vietnamnet,,rss,2026-09-20T16:13:59Z,2026-09-19T15:20:07Z,publisher_reported,vi,VN,Công an TPHCM phối hợp các cơ quan chức năng liên quan bắt giữ 3 đối tượng bị Interpol truy nã đỏ và bàn giao cho phía Hàn Quốc tại sân bay Tân Sơn Nhất.,,True,,domestic,prospective,data/raw/vietnamese/vietnamese_raw_payloads.jsonl#raw_record_id=aa6e42d4f6471e4aab98e8b0a28cd0847bfb0474557adb9736d64e77019b4e30,,
17482d7dfc669f6e,Cao tốc hơn 36.000 tỷ đồng &apos;nằm chờ&apos; mặt bằng ở cửa ngõ TPHCM,https://vietnamnet.vn/cao-toc-hon-36-000-ty-dong-nam-cho-mat-bang-o-cua-ngo-tphcm-2546623.html,https://vietnamnet.vn/cao-toc-hon-36-000-ty-dong-nam-cho-mat-bang-o-cua-ngo-tphcm-2546623.html,vietnamnet.vn,vietnamnet,,rss,2026-09-20T16:13:59Z,2026-09-19T15:34:46Z,publisher_reported,vi,VN,"Dự án mở rộng cao tốc hơn 36.000 tỷ đồng vẫn phải thi công cầm chừng do vướng hạ tầng kỹ thuật và chậm giải phóng mặt bằng, trong đó điểm nghẽn lớn nhất nằm ở cửa ngõ TPHCM.",,True,,domestic,prospective,data/raw/vietnamese/vietnamese_raw_payloads.jsonl#raw_record_id=4a25da26614099b068009e275b7a990afe1cab0e0ee07c6c128778b4d149bcc4,,
882d6ab781854243,"U.23 Thái Lan thắng ngược Hồng Kông, nhì bảng sau Nhật Bản: Hiên ngang vào tứ kết",https://thanhnien.vn/u23-thai-lan-thang-nguoc-hong-kong-dung-dau-bang-tren-ca-nhat-ban-rong-cua-vao-tu-ket-18526092015575641.htm,https://thanhnien.vn/u23-thai-lan-thang-nguoc-hong-kong-dung-dau-bang-tren-ca-nhat-ban-rong-cua-vao-tu-ket-18526092015575641.htm,thanhnien.vn,thanhnien,,rss,2026-09-20T16:13:59Z,2026-09-20T09:02:00Z,publisher_reported,vi,VN,"Chiều 20.9, U.23 Thái Lan đã lội ngược dòng, đánh bại U.23 Hồng Kông 5-1 ở lượt đấu thứ 2 bảng A giải ASIAD 20.",,False,,domestic,prospective,data/raw/vietnamese/vietnamese_raw_payloads.jsonl#raw_record_id=c10ebf23206959530814f170e187343c8d95724a8ff7134fb6512887ddcfc2f0,,
ae2af15b45a32aa4,Mẹ đơn thân ngồi khóc ngậm ngùi bên ngôi nhà bị lửa thiêu rụi,https://vietnamnet.vn/me-don-than-ngoi-khoc-ngam-ngui-ben-ngoi-nha-bi-lua-thieu-rui-2555999.html,https://vietnamnet.vn/me-don-than-ngoi-khoc-ngam-ngui-ben-ngoi-nha-bi-lua-thieu-rui-2555999.html,vietnamnet.vn,vietnamnet,,rss,2026-09-20T16:13:59Z,2026-09-17T06:33:52Z,publisher_reported,vi,VN,"Người mẹ đơn thân ở Hà Tĩnh ngồi khóc bên ngôi nhà bị lửa thiêu rụi trong đêm. Toàn bộ tài sản chắt chiu, dành dụm suốt nhiều năm của chị đã bị ngọn lửa biến thành tro tàn.",,True,,domestic,prospective,data/raw/vietnamese/vietnamese_raw_payloads.jsonl#raw_record_id=1bfee1a0af9a28e59b3d772865e9da9d60648040fb34f0484fdfb7c9cce1f79a,,
316cad7239211487,Hàn Quốc: Triều Tiên phóng vật thể chưa xác định ra vùng biển phía Đông,https://dantri.com.vn/the-gioi/han-quoc-trieu-tien-phong-vat-the-chua-xac-dinh-ra-vung-bien-phia-dong-20260920140853508.htm,https://dantri.com.vn/the-gioi/han-quoc-trieu-tien-phong-vat-the-chua-xac-dinh-ra-vung-bien-phia-dong-20260920140853508.htm,dantri.com.vn,dantri,,rss,2026-09-20T16:13:59Z,2026-09-20T07:23:55Z,publisher_reported,vi,VN,"(Dân trí) - Ngày 20/9, Hội đồng Tham mưu trưởng Liên quân Hàn Quốc (JCS) cho biết Bình Nhưỡng phóng một vật thể chưa xác định hướng ra vùng biển phía Đông Bán đảo Triều Tiên.",,False,,domestic,prospective,data/raw/vietnamese/vietnamese_raw_payloads.jsonl#raw_record_id=0ecddb0823d433c3ca2d96ac5df03c4addfb45807752594a9f956bf1bfee3132,,
a5950dda08a3189a,"Nam sinh 15 tuổi ở Hà Nội mất liên lạc, mẹ nhắn nhủ: &apos;Con ở đâu, hãy sớm về nhà&apos;",https://vietnamnet.vn/nam-sinh-15-tuoi-o-ha-noi-mat-lien-lac-me-nhan-nhu-con-o-dau-hay-som-ve-nha-2551094.html,https://vietnamnet.vn/nam-sinh-15-tuoi-o-ha-noi-mat-lien-lac-me-nhan-nhu-con-o-dau-hay-som-ve-nha-2551094.html,vietnamnet.vn,vietnamnet,,rss,2026-09-20T16:13:59Z,2026-09-20T05:40:37Z,publisher_reported,vi,VN,"Nam sinh 15 tuổi ở Hà Nội mất liên lạc 5 ngày sau mâu thuẫn với gia đình. Người mẹ nghẹn ngào nhắn nhủ: “Con ở đâu, hãy sớm về nhà”.",,True,,domestic,prospective,data/raw/vietnamese/vietnamese_raw_payloads.jsonl#raw_record_id=8d7cc57cf67a9430e89761f93ef0419732af90f9d2370a8d8cdd2f18f91280cd,,
8e1037fe039d2530,"VKSND khởi kiện doanh nghiệp nợ thuế, tòa buộc nộp hơn 15 tỷ đồng",https://vietnamnet.vn/vksnd-khoi-kien-doanh-nghiep-no-thue-toa-buoc-nop-hon-15-ty-dong-2549079.html,https://vietnamnet.vn/vksnd-khoi-kien-doanh-nghiep-no-thue-toa-buoc-nop-hon-15-ty-dong-2549079.html,vietnamnet.vn,vietnamnet,,rss,2026-09-20T16:13:59Z,2026-09-19T16:00:24Z,publisher_reported,vi,VN,"Ngày 25/8, TAND khu vực 3 - Hà Nội xét xử trực tuyến vụ án dân sự công ích do VKSND khu vực 3 khởi kiện, yêu cầu một doanh nghiệp thực hiện nghĩa vụ nộp thuế.",,True,,domestic,prospective,data/raw/vietnamese/vietnamese_raw_payloads.jsonl#raw_record_id=efe17d2bc11eb911a8ec71114fa983a6fb4119068437ff81cd690cb1f6eebb54,,
1324352f3f9f6d08,Atletico Madrid - Real Madrid (hết hiệp 1) 0-0: Chờ bàn thắng trong hiệp 2,https://tuoitre.vn/truc-tuyen-atletico-real-madrid-21h15-20-9-thu-thach-cho-mourinho-100260920112540831.htm,https://tuoitre.vn/truc-tuyen-atletico-real-madrid-21h15-20-9-thu-thach-cho-mourinho-100260920112540831.htm,tuoitre.vn,tuoitre,,rss,2026-09-20T16:13:59Z,2026-09-20T13:30:00Z,publisher_reported_timezone_inferred,vi,VN,"45 phút đầu tiên kết thúc trong không khí căng thẳng khi cả 2 đội đều chơi quyết liệt với rất nhiều pha va chạm. Tuy nhiên, trận đấu lại có quá ít cơ hội và bàn thắng cũng không xuất hiện.",,False,,domestic,prospective,data/raw/vietnamese/vietnamese_raw_payloads.jsonl#raw_record_id=3e5b77243ccc9a177617cc052ef72afa723cb291e390704203663cba846a04cc,,
98ef414830f9d335,Vụ cháy ki-ốt rau củ ở TPHCM: Người vợ cũng không qua khỏi,https://vietnamnet.vn/vu-chay-ki-ot-rau-cu-o-tphcm-nguoi-vo-cung-khong-qua-khoi-2552602.html,https://vietnamnet.vn/vu-chay-ki-ot-rau-cu-o-tphcm-nguoi-vo-cung-khong-qua-khoi-2552602.html,vietnamnet.vn,vietnamnet,,rss,2026-09-20T16:13:59Z,2026-09-19T16:35:44Z,publisher_reported,vi,VN,"Vụ cháy căn nhà kinh doanh rau củ ở TPHCM khiến người vợ bị thương nặng đưa đi cấp cứu đã không qua khỏi, nâng số nạn nhân tử vong lên hai người.",,True,,domestic,prospective,data/raw/vietnamese/vietnamese_raw_payloads.jsonl#raw_record_id=f615f1b8fc7fd4476cd846723c5edbd024b217bd835455672ab9310c2e9d5445,,
ea2ae33294ef7615,"Hà Nội cưỡng chế villa, homestay &apos;mọc&apos; trên đất rừng khu vực cạnh hồ Đồng Đò",https://vietnamnet.vn/ha-noi-cuong-che-villa-homestay-moc-tren-dat-rung-khu-vuc-canh-ho-dong-do-2551856.html,https://vietnamnet.vn/ha-noi-cuong-che-villa-homestay-moc-tren-dat-rung-khu-vuc-canh-ho-dong-do-2551856.html,vietnamnet.vn,vietnamnet,,rss,2026-09-20T16:13:59Z,2026-09-04T06:30:39Z,publisher_reported,vi,VN,"Sáng 4/9, công an và các lực lượng liên quan có mặt tại khu vực hồ Đồng Đò, xã Kim Anh, Hà Nội để cưỡng chế nhiều villa, homestay vi phạm quy mô lớn.",,True,,domestic,prospective,data/raw/vietnamese/vietnamese_raw_payloads.jsonl#raw_record_id=469aea9fc673ae225aff3d2f9fa974356979299afbc6936f95db96b5dcc45c40,,
60d318b3f7228fa0,Doanh nghiệp liên quan Ecopark đề xuất làm dự án bất động sản ở Mộc Châu,https://vnexpress.net/doanh-nghiep-lien-quan-ecopark-de-xuat-lam-du-an-bat-dong-san-o-moc-chau-5122457.html,https://vnexpress.net/doanh-nghiep-lien-quan-ecopark-de-xuat-lam-du-an-bat-dong-san-o-moc-chau-5122457.html,vnexpress.net,vnexpress,,rss,2026-09-20T16:13:59Z,2026-09-20T06:03:18Z,publisher_reported,vi,VN,"Công ty Ecopark Hải Dương và Tập đoàn Hoàng Long Hà Nội đề xuất làm khu đô thị, nghỉ dưỡng cao cấp ở Mộc Châu, Sơn La.",,True,,domestic,prospective,data/raw/vietnamese/vietnamese_raw_payloads.jsonl#raw_record_id=6134974d61c0cb6162e28e4743ac4695bf08efe1ddbf7d0c4a39a9bc995a8f3d,,
504196ddff075231,Xác định các cặp bán kết bóng chuyền nữ Asiad 20,https://tuoitre.vn/xac-dinh-cac-cap-ban-ket-bong-chuyen-nu-asiad-20-100260920204522805.htm,https://tuoitre.vn/xac-dinh-cac-cap-ban-ket-bong-chuyen-nu-asiad-20-100260920204522805.htm,tuoitre.vn,tuoitre,,rss,2026-09-20T16:13:59Z,2026-09-20T13:49:00Z,publisher_reported_timezone_inferred,vi,VN,Lượt trận tứ kết hôm nay 20-9 môn bóng chuyền nữ đã giúp tìm ra 4 đội mạnh nhất tại Asiad 20.,,False,,domestic,prospective,data/raw/vietnamese/vietnamese_raw_payloads.jsonl#raw_record_id=8975d8cda56bdc87e777c6ea5b106db4c2549eca6281d417389e4e3a2e9bac8d,,
c2ef9856347754b7,"Mưa lớn nhấn chìm nhiều tuyến đường ở Nghệ An, có nơi ngập sâu 1,7m",https://vietnamnet.vn/mua-lon-nhan-chim-nhieu-tuyen-duong-o-nghe-an-co-noi-ngap-sau-1-7m-2555693.html,https://vietnamnet.vn/mua-lon-nhan-chim-nhieu-tuyen-duong-o-nghe-an-co-noi-ngap-sau-1-7m-2555693.html,vietnamnet.vn,vietnamnet,,rss,2026-09-20T16:13:59Z,2026-09-16T05:35:07Z,publisher_reported,vi,VN,"Mưa lớn kéo dài khiến nhiều tuyến đường ở Nghệ An ngập sâu, có nơi 1,7m; nhiều cầu tràn không thể qua lại, khiến 7 bản với hơn 3.000 người bị chia cắt.",,True,,domestic,prospective,data/raw/vietnamese/vietnamese_raw_payloads.jsonl#raw_record_id=01affa8864a98241f96b10994dc07028a82759893b7d816f0d096bd91145c418,,
